action_max,action_min,actor_direction_l2,actor_history_projection_l2,actor_kernel_mode,actor_relative_solve_residual,actor_system_rows,adv_avg,adv_max,adv_med,adv_min,adv_var,clipfrac,combined_clip_scale,critic_cholesky_info_max,critic_cross_blocks,critic_curvature_coef,critic_direction_l2,critic_ggn_quadratic,critic_history_projection_l2,critic_jacobi_scale_max,critic_jacobi_scale_min,critic_kernel_mode,critic_linear_solve_dtype,critic_objective_coef,critic_relative_solve_residual,critic_solve_residual,critic_solver_mode,critic_system_rows,curr_lr,entropy,eplenmean,eprewmean,fps,grad_norm,kl,loss_pi,loss_v,lr,misc/nupdates,misc/serial_timesteps,misc/time_elapsed,misc/total_timesteps,optimizer_history_correction,optimizer_momentum,ratio_max,ratio_min,ret_avg,ret_max,ret_med,ret_min,ret_var
14,0,0.3925035893917084,90.61119842529297,paper_sampled_score_separate_b,0.00014766628737561405,512,-1.043086290359497,2.572167158126831,-1.0486557483673096,-4.596638202667236,0.5371454954147339,0.0,0.6020399332046509,0,0,0.1,0.7207024693489075,6.308072090148926,13.043070793151855,1.3186527025440598,0.5336725764982754,deterministic_value_jacobian_separate_b,torch.float64,1.0,1.6869633628974e-14,6.247869613301862e-13,symmetric_jacobi_cholesky_fp64,512,0.0001,1.542136788368225,141.72,1.9,1559,0.8305097222328186,0.05407994985580444,0.02802385576069355,0.21500810980796814,0.0001,9,40960,28.07552963681519,40960,1.0,1e-06,2.469326972961426,0.2383824586868286,0.7127698659896851,4.783698081970215,0.5781398415565491,-1.6510069370269775,1.15471613407135
14,0,0.34458044171333313,241.92369079589844,paper_sampled_score_separate_b,0.0004560748056974262,512,-1.2426745891571045,1.0509029626846313,-1.2578859329223633,-5.044396877288818,0.3052331507205963,0.0,0.7445505857467651,0,0,0.1,0.5800135135650635,21.91619110107422,32.625640869140625,1.2508868467412708,0.3793155484092259,deterministic_value_jacobian_separate_b,torch.float64,1.0,1.3955280042931042e-14,5.662936729748541e-13,symmetric_jacobi_cholesky_fp64,512,0.0007593750000000001,1.2460397481918335,178.46,2.17,1552,0.6715460419654846,0.06228349357843399,-0.014237278141081333,0.10693676769733429,0.0005062500000000001,19,81920,55.023455403745174,81920,1.0,1e-06,3.0743372440338135,0.10000000149011612,0.3259352445602417,3.8280270099639893,0.11618829518556595,-1.2988229990005493,0.9466211795806885
14,0,2.6692373752593994,460.23040771484375,paper_sampled_score_separate_b,0.0002297003084095195,512,-1.34940505027771,0.8773446083068848,-1.3513044118881226,-4.698484420776367,0.2941329777240753,0.0,0.18597204983234406,0,0,0.1,0.6253392696380615,22.45956802368164,21.994945526123047,1.0902160094080662,0.2386217605647362,deterministic_value_jacobian_separate_b,torch.float64,1.0,2.9988969309481634e-14,1.1706193256356216e-12,symmetric_jacobi_cholesky_fp64,512,0.00015000000000000004,0.7323046922683716,135.84,2.3,1564,2.6885759830474854,0.5817610025405884,0.03368983417749405,0.23100213706493378,0.00010000000000000003,29,122880,82.12538179568946,122880,1.0,1e-06,10.0,0.10000000149011612,0.2713930010795593,3.3907546997070312,0.12384824454784393,-1.519714117050171,0.8765929937362671
13,0,0.3711393177509308,412.35137939453125,paper_sampled_score_separate_b,0.0014542965218424797,512,-1.314725637435913,1.6571776866912842,-1.3777769804000854,-3.2315852642059326,0.2685956656932831,0.0,0.6814646124839783,0,0,0.1,0.6554396152496338,146.73046875,55.48927688598633,1.0474356530044087,0.21217581509046934,deterministic_value_jacobian_separate_b,torch.float64,1.0,3.013243687331918e-14,2.7182671151451134e-12,symmetric_jacobi_cholesky_fp64,512,0.0001,0.8268281817436218,131.33,2.03,1565,0.7337138056755066,0.0596623495221138,-0.03140163794159889,0.3427836298942566,0.0001,39,163840,109.22349652089179,163840,1.0,1e-06,2.9317679405212402,0.1259051114320755,0.4190058708190918,3.5112075805664062,0.37374478578567505,-1.5671477317810059,1.1897746324539185
13,0,0.364427387714386,294.8415222167969,paper_sampled_score_separate_b,0.0007129947189241648,512,-1.20326828956604,0.9518831372261047,-1.2463970184326172,-2.722817897796631,0.16855736076831818,0.0,0.752548336982727,0,0,0.1,0.5621934533119202,36.59442138671875,46.11539077758789,0.9953795815952576,0.2216047357183186,deterministic_value_jacobian_separate_b,torch.float64,1.0,6.503925296421246e-14,3.129646357951859e-12,symmetric_jacobi_cholesky_fp64,512,0.0001,0.9065912961959839,133.39,2.16,1566,0.6644091606140137,0.06748156249523163,-0.04754064232110977,0.3757825493812561,0.0001,49,204800,136.61423337087035,204800,1.0,1e-06,3.0521583557128906,0.16044491529464722,-0.07122409343719482,3.387981414794922,-0.3438366949558258,-1.7709108591079712,1.4512639045715332
13,0,0.3348259925842285,391.5112609863281,paper_sampled_score_separate_b,0.00027387059526517987,512,-1.2461848258972168,1.252510905265808,-1.2790029048919678,-3.30711030960083,0.21677923202514648,0.0,0.7305355668067932,0,0,0.1,0.5935094356536865,156.9626922607422,61.380218505859375,1.002339207281544,0.19082863284439164,deterministic_value_jacobian_separate_b,torch.float64,1.0,3.529547360488066e-14,3.2446060911968955e-12,symmetric_jacobi_cholesky_fp64,512,0.0001,0.7880870699882507,132.64,2.13,1564,0.6844293475151062,0.05958669260144234,-0.02157020755112171,0.26035231351852417,0.0001,59,245760,163.9170147399418,245760,1.0,1e-06,3.264955759048462,0.2071811705827713,0.050042130053043365,3.0263590812683105,-0.15514561533927917,-2.06247878074646,1.1853407621383667
14,0,0.36617758870124817,338.0568542480469,paper_sampled_score_separate_b,0.0009692696621641517,512,-1.285600185394287,0.9355805516242981,-1.3102930784225464,-3.5612757205963135,0.23653492331504822,0.0,0.7297319769859314,0,0,0.1,0.6051801443099976,74.69956970214844,51.82400131225586,1.0035035396930867,0.17905906924428705,deterministic_value_jacobian_separate_b,torch.float64,1.0,3.479117881888522e-14,2.246839327582032e-12,symmetric_jacobi_cholesky_fp64,512,0.00015000000000000004,0.7988521456718445,208.53,2.62,1411,0.685183048248291,0.05481957644224167,0.004516439512372017,0.10054284334182739,0.00010000000000000003,69,286720,191.2786403479986,286720,1.0,1e-06,3.278542995452881,0.12761148810386658,0.16783086955547333,3.1025948524475098,0.09772825986146927,-1.5176440477371216,1.096469759941101
13,0,0.3524923622608185,170.96302795410156,paper_sampled_score_separate_b,0.00022189666924532503,512,-1.289971113204956,1.4856784343719482,-1.30295729637146,-3.486980676651001,0.28691762685775757,0.0,0.661069929599762,0,0,0.1,0.6515084505081177,21.67562484741211,23.084508895874023,0.9618431668938887,0.17258271354976487,deterministic_value_jacobian_separate_b,torch.float64,1.0,9.642047981102285e-14,3.759350589100269e-12,symmetric_jacobi_cholesky_fp64,512,0.0001,0.7990403175354004,217.24,2.51,1402,0.7563496232032776,0.048719361424446106,0.030880551785230637,0.10755329579114914,0.0001,79,327680,218.219670873601,327680,1.0,1e-06,5.513042449951172,0.25618764758110046,0.36168336868286133,3.0491013526916504,0.37538957595825195,-1.5829195976257324,0.9118102788925171
14,0,0.4107411801815033,171.902099609375,paper_sampled_score_separate_b,0.0004169828607700765,512,-1.363281488418579,0.5805734992027283,-1.3488034009933472,-3.9089653491973877,0.2051551342010498,0.0,0.6955600380897522,0,0,0.1,0.5933874845504761,23.511978149414062,26.372129440307617,0.8925021861798801,0.16968570003333347,deterministic_value_jacobian_separate_b,torch.float64,1.0,7.765758766986097e-14,3.0755466199293407e-12,symmetric_jacobi_cholesky_fp64,512,0.00022500000000000005,0.8049480319023132,220.51,2.78,1562,0.7188451886177063,0.03984978049993515,0.01773444563150406,0.09799140691757202,0.00022500000000000005,89,368640,245.1725636930205,368640,1.0,1e-06,3.0659327507019043,0.10218018293380737,0.13391540944576263,4.18064546585083,0.0006135437288321555,-1.5327702760696411,0.8811023235321045
13,0,0.4310559630393982,227.78057861328125,paper_sampled_score_separate_b,0.0005518600810319185,512,-1.2262828350067139,0.6700396537780762,-1.2296074628829956,-4.009634971618652,0.15585008263587952,0.0,0.7219082713127136,0,0,0.1,0.4988027513027191,25.585899353027344,33.10478591918945,0.7885174630400605,0.16593773176585586,deterministic_value_jacobian_separate_b,torch.float64,1.0,7.102252113583858e-14,2.8209894505678774e-12,symmetric_jacobi_cholesky_fp64,512,0.0001,0.6625583171844482,169.42,2.68,1476,0.6926087737083435,0.05980515107512474,-0.07306945323944092,0.06839342415332794,0.0001,99,409600,272.5034273499623,409600,1.0,1e-06,3.9067447185516357,0.18254096806049347,0.17845183610916138,3.4055352210998535,-0.18142689764499664,-1.786626935005188,1.4874067306518555
13,0,0.3637630045413971,287.1892395019531,paper_sampled_score_separate_b,0.001527397078461945,512,-1.2752671241760254,0.716720700263977,-1.2736828327178955,-3.1149678230285645,0.23224705457687378,0.0,0.7165879011154175,0,0,0.1,0.5445484519004822,40.45117950439453,41.76778793334961,0.6661205364676809,0.18382442505900537,deterministic_value_jacobian_separate_b,torch.float64,1.0,5.100830999115972e-14,2.5170418554348656e-12,symmetric_jacobi_cholesky_fp64,512,0.00015000000000000004,0.7189239859580994,130.36,2.16,1567,0.6977511048316956,0.057846635580062866,-0.014106163755059242,0.09286759793758392,0.00010000000000000003,109,450560,299.47425171686336,450560,1.0,1e-06,5.695310115814209,0.16121579706668854,0.29555559158325195,3.913865327835083,0.3089146316051483,-1.6134812831878662,1.1069540977478027
13,0,0.36930495500564575,218.1902618408203,paper_sampled_score_separate_b,0.00024428058532066643,512,-1.4755706787109375,1.0044794082641602,-1.4747788906097412,-3.9437222480773926,0.25967463850975037,0.0,0.6629365682601929,0,0,0.1,0.6360311508178711,35.537139892578125,32.4019660949707,0.8792001040144684,0.17759099423281288,deterministic_value_jacobian_separate_b,torch.float64,1.0,7.249217260328027e-14,3.4705826041776444e-12,symmetric_jacobi_cholesky_fp64,512,0.00010000000000000003,0.7500284910202026,221.29,2.61,1566,0.7542199492454529,0.07134952396154404,-0.005762984044849873,0.1685706079006195,0.0001,119,491520,326.11969730164856,491520,1.0,1e-06,4.005596160888672,0.13478310406208038,0.3878703713417053,4.219733238220215,0.3789342939853668,-1.5179294347763062,1.3963035345077515
13,0,0.38060444593429565,330.3519592285156,paper_sampled_score_separate_b,0.00031147702247835696,512,-1.435609221458435,0.5915053486824036,-1.4027711153030396,-3.7625415325164795,0.25995489954948425,0.0,0.7220562100410461,0,0,0.1,0.5214465856552124,53.95289611816406,45.59912872314453,0.8640689600938378,0.1725412001873947,deterministic_value_jacobian_separate_b,torch.float64,1.0,4.367754760712315e-14,2.4118478036563185e-12,symmetric_jacobi_cholesky_fp64,512,0.0005062500000000001,0.7068575620651245,144.27,2.2,1562,0.6924668550491333,0.08947215229272842,-0.0676385760307312,0.08146724104881287,0.00033750000000000007,129,532480,352.70133029902354,532480,1.0,1e-06,6.241806983947754,0.11557195335626602,0.37268298864364624,3.852095365524292,0.4148031175136566,-1.4647692441940308,1.147896409034729
13,0,0.34203866124153137,349.0430908203125,paper_sampled_score_separate_b,0.000515926571097225,512,-1.2969226837158203,0.1990319788455963,-1.324729084968567,-3.6216001510620117,0.15255440771579742,0.0,0.7961086630821228,0,0,0.1,0.4991384446620941,88.93540954589844,50.64137649536133,0.8826408191071046,0.2005855081718539,deterministic_value_jacobian_separate_b,torch.float64,1.0,2.6385137373941924e-14,1.8188193927002256e-12,symmetric_jacobi_cholesky_fp64,512,0.0001,0.7063519954681396,222.57,2.38,1565,0.6280549764633179,0.10231044143438339,-0.05870863422751427,0.09467828273773193,0.0001,139,573440,379.78854739805683,573440,1.0,1e-06,3.611903429031372,0.10000000149011612,-0.27498796582221985,2.3745365142822266,-0.33652567863464355,-2.102787971496582,0.4678620398044586
13,0,0.28441399335861206,651.8864135742188,paper_sampled_score_separate_b,0.0008356555481441319,512,-1.3124715089797974,0.6330497860908508,-1.3161941766738892,-4.625473976135254,0.15650613605976105,0.0,0.9303683638572693,0,0,0.1,0.4494926333427429,305.5259704589844,107.19002532958984,0.9129724003256,0.20446131993589367,deterministic_value_jacobian_separate_b,torch.float64,1.0,1.0501708051603351e-14,1.3215174143916574e-12,symmetric_jacobi_cholesky_fp64,512,0.00015000000000000004,0.6277300119400024,209.87,2.07,1568,0.5374215245246887,0.05611255019903183,-0.03919406235218048,0.0976276695728302,0.00010000000000000003,149,614400,406.8976028598845,614400,1.0,1e-06,4.033568859100342,0.22481849789619446,-0.1841031163930893,2.677299737930298,-0.2679268717765808,-1.3956221342086792,0.3639453947544098
13,0,0.2864114046096802,326.74884033203125,paper_sampled_score_separate_b,0.0003689408767968416,512,-1.3088784217834473,0.826244592666626,-1.3088200092315674,-3.5058162212371826,0.16170059144496918,0.0,0.8518856167793274,0,0,0.1,0.49751725792884827,52.94417190551758,48.90841293334961,0.8398870886927947,0.18866918844092742,deterministic_value_jacobian_separate_b,torch.float64,1.0,4.2484475468144116e-14,2.31358749306129e-12,symmetric_jacobi_cholesky_fp64,512,0.00022500000000000005,0.6139360666275024,269.19,3.18,1566,0.5869332551956177,0.05352478474378586,-0.03762082755565643,0.06301084160804749,0.00015000000000000004,159,655360,434.01233488088474,655360,1.0,1e-06,3.2207374572753906,0.14394867420196533,0.052906520664691925,3.495711088180542,-0.04217349365353584,-1.5169847011566162,0.7728370428085327
13,0,0.2744516134262085,264.7416687011719,paper_sampled_score_separate_b,0.0005518167745321989,512,-1.33769690990448,1.103865146636963,-1.3980658054351807,-3.5517990589141846,0.2551059126853943,0.0,0.8290021419525146,0,0,0.1,0.519942045211792,37.980255126953125,41.088741302490234,0.8378299851917932,0.1708534933299326,deterministic_value_jacobian_separate_b,torch.float64,1.0,5.832397297622855e-14,2.7790011313271962e-12,symmetric_jacobi_cholesky_fp64,512,0.00010000000000000003,0.6623092293739319,154.63,2.48,1369,0.6031347513198853,0.059393711388111115,-0.03507250174880028,0.09293697029352188,0.0001,169,696320,461.6497001647949,696320,1.0,1e-06,4.263704776763916,0.16643178462982178,0.22292454540729523,3.8237459659576416,0.10306788980960846,-1.3668818473815918,0.9682464599609375
13,0,0.4007207155227661,380.6463928222656,paper_sampled_score_separate_b,0.00037195440381765366,512,-1.2588927745819092,0.8839945793151855,-1.2928589582443237,-3.417327880859375,0.22916321456432343,0.0,0.712086021900177,0,0,0.1,0.5594297051429749,30.696672439575195,36.47342300415039,0.801376366786689,0.16316888970343268,deterministic_value_jacobian_separate_b,torch.float64,1.0,7.219644720435764e-14,3.1333202550529083e-12,symmetric_jacobi_cholesky_fp64,512,0.00010000000000000003,0.678596019744873,174.04,2.73,1192,0.7021623849868774,0.15708854794502258,-0.007020583376288414,0.0916065126657486,0.0001,179,737280,488.93055752199143,737280,1.0,1e-06,4.0162482261657715,0.10000000149011612,0.06704497337341309,3.5390143394470215,0.08882620185613632,-1.6019889116287231,0.8925006985664368
14,0,0.35168761014938354,233.9324493408203,paper_sampled_score_separate_b,0.00014550171908922493,512,-1.2993768453598022,1.6747475862503052,-1.3015599250793457,-3.8232038021087646,0.2686599791049957,0.0,0.7387569546699524,0,0,0.1,0.5912729501724243,57.57400131225586,35.04804992675781,0.5999019613901257,0.16647409929939477,deterministic_value_jacobian_separate_b,torch.float64,1.0,7.206122162862548e-14,4.1504333317057775e-12,symmetric_jacobi_cholesky_fp64,512,0.00010000000000000003,0.6479661464691162,217.59,3.31,1562,0.6768125891685486,0.05195511132478714,-0.06052859127521515,0.15562719106674194,0.0001,189,778240,515.7186834947206,778240,1.0,1e-06,3.3729779720306396,0.1900855153799057,0.5717580318450928,4.360922813415527,0.5216925740242004,-1.6014959812164307,1.2844277620315552
13,0,0.30807650089263916,302.4880065917969,paper_sampled_score_separate_b,0.0015598444733768702,512,-1.3310167789459229,0.9549002647399902,-1.3727364540100098,-3.634082078933716,0.20975297689437866,0.0,0.8452361822128296,0,0,0.1,0.49175354838371277,42.29397964477539,41.633602142333984,0.5944013968951469,0.14694283809179154,deterministic_value_jacobian_separate_b,torch.float64,1.0,9.042804600094589e-14,4.436791795082881e-12,symmetric_jacobi_cholesky_fp64,512,0.00010000000000000003,0.64132159948349,157.63,2.31,1564,0.5915506482124329,0.07546117156744003,-0.08939221501350403,0.08866871893405914,0.0001,199,819200,543.2194120017812,819200,1.0,1e-06,3.5562829971313477,0.1049114391207695,0.27930229902267456,4.306164741516113,0.23418687283992767,-1.5505887269973755,1.3811217546463013
14,0,0.36834126710891724,209.85671997070312,paper_sampled_score_separate_b,0.000517809297889471,512,-1.276076316833496,1.685909390449524,-1.32368803024292,-3.7332370281219482,0.2405785471200943,0.0,0.7134503722190857,0,0,0.1,0.5751814842224121,27.116594314575195,30.829933166503906,0.7786992958567758,0.14413958841689622,deterministic_value_jacobian_separate_b,torch.float64,1.0,1.3928031328308426e-13,5.830439912991431e-12,symmetric_jacobi_cholesky_fp64,512,0.0011390625,0.7525538206100464,182.72,2.47,1566,0.7008196115493774,0.05324334651231766,-0.028762372210621834,0.10838010907173157,0.0007593750000000001,209,860160,570.542982137762,860160,1.0,1e-06,4.444092750549316,0.16011330485343933,0.38410893082618713,4.264411449432373,0.17286184430122375,-1.7812366485595703,1.3648412227630615
13,0,0.3854195177555084,941.8697509765625,paper_sampled_score_separate_b,0.001800533733330667,512,-1.3881202936172485,0.91534823179245,-1.38715660572052,-3.111630439758301,0.20499975979328156,0.0,0.7448383569717407,0,0,0.1,0.5263927578926086,420.67999267578125,136.3427734375,0.600706393302397,0.13512076235572165,deterministic_value_jacobian_separate_b,torch.float64,1.0,2.913752905216981e-14,4.301306595606078e-12,symmetric_jacobi_cholesky_fp64,512,0.0001,0.7471787929534912,164.47,2.6,1564,0.6712865829467773,0.11029322445392609,-0.0559033527970314,0.11115259677171707,0.0001,219,901120,597.6932345577516,901120,1.0,1e-06,5.808928489685059,0.12896957993507385,0.13084757328033447,4.242096900939941,-0.2902228832244873,-2.001598596572876,1.967557430267334
13,0,0.5391834378242493,275.8954772949219,paper_sampled_score_separate_b,0.0018833125941455364,512,-1.379868984222412,1.16798996925354,-1.3826345205307007,-3.5618324279785156,0.2527850568294525,0.0,0.6434871554374695,0,0,0.1,0.5091776847839355,36.85443115234375,43.951446533203125,0.698090845228916,0.12188676298555082,deterministic_value_jacobian_separate_b,torch.float64,1.0,1.9687352076964564e-13,9.651291641827279e-12,symmetric_jacobi_cholesky_fp64,512,0.00010000000000000003,0.6960930824279785,152.15,2.61,1565,0.777016282081604,0.05162196606397629,-0.05498023331165314,0.2624723017215729,0.0001,229,942080,624.802636035718,942080,1.0,1e-06,5.297946453094482,0.25850385427474976,0.26006823778152466,4.662764549255371,-0.11486820876598358,-1.3423672914505005,1.8598421812057495
13,0,0.3641454577445984,236.3206329345703,paper_sampled_score_separate_b,0.0010529154678806663,512,-1.2469658851623535,0.8393114805221558,-1.2554994821548462,-3.324112892150879,0.22469817101955414,0.0,0.7292537689208984,0,0,0.1,0.5525407195091248,30.30792236328125,35.73574447631836,0.6987607933749332,0.12423317929553916,deterministic_value_jacobian_separate_b,torch.float64,1.0,1.5800762735593117e-13,6.865057299391429e-12,symmetric_jacobi_cholesky_fp64,512,0.0001,0.510297417640686,140.62,2.46,1566,0.6856324076652527,0.07431160658597946,0.038461003452539444,0.0984107106924057,0.0001,239,983040,652.0999726108275,983040,1.0,1e-06,7.666434288024902,0.1709822416305542,-0.2600889503955841,3.6561708450317383,-0.5533704161643982,-2.051381826400757,1.313144564628601
13,0,0.21885080635547638,288.9734802246094,paper_sampled_score_separate_b,0.000596268568187952,512,-1.176166296005249,1.1533081531524658,-1.183011531829834,-3.776805877685547,0.19816352427005768,0.0,0.7915078997612,0,0,0.1,0.5927625894546509,85.8347396850586,45.79826736450195,0.4671868661910566,0.11859316860817483,deterministic_value_jacobian_separate_b,torch.float64,1.0,1.5165837219724377e-13,1.0567251669789269e-11,symmetric_jacobi_cholesky_fp64,512,0.0001,0.4137173295021057,167.28,3.17,1563,0.631705641746521,0.06156717985868454,0.0019179768860340118,0.20501670241355896,0.0001,249,1024000,679.4362284978852,1024000,1.0,1e-06,5.466275215148926,0.12589463591575623,0.4540031850337982,4.464942932128906,-0.012239458970725536,-1.3468464612960815,2.1275572776794434
13,0,0.40054839849472046,550.4367065429688,paper_sampled_score_separate_b,0.003282018471509218,512,-1.4055347442626953,0.7721354365348816,-1.3876363039016724,-4.492109775543213,0.21297724545001984,0.0,0.6675261855125427,0,0,0.1,0.6404814720153809,186.8155517578125,80.48664855957031,0.5420766926438704,0.0983035335973165,deterministic_value_jacobian_separate_b,torch.float64,1.0,1.2406497086589655e-13,1.2384635548887039e-11,symmetric_jacobi_cholesky_fp64,512,0.0001,0.5119248628616333,164.26,2.57,1404,0.7490342855453491,0.09454333782196045,-0.05104726552963257,0.15680639445781708,0.0001,259,1064960,706.7616932797246,1064960,1.0,1e-06,7.501311302185059,0.10000000149011612,1.2571221590042114,3.9782400131225586,1.4713655710220337,-1.3072117567062378,1.7246474027633667
13,0,0.46612897515296936,1451.0888671875,paper_sampled_score_separate_b,0.0005012531182728708,512,-1.250084638595581,0.5076760649681091,-1.2072927951812744,-3.506134271621704,0.22010666131973267,0.0,0.7238810062408447,0,0,0.1,0.5051358342170715,279.45465087890625,127.36519622802734,0.5956166302094731,0.10253069100404318,deterministic_value_jacobian_separate_b,torch.float64,1.0,6.417247413784937e-14,7.74855568115438e-12,symmetric_jacobi_cholesky_fp64,512,0.0001,0.41036224365234375,151.68,3.06,1553,0.6907212734222412,0.2298056036233902,-0.06654012203216553,0.13222137093544006,0.0001,269,1105920,733.8661194876768,1105920,1.0,1e-06,10.0,0.10000000149011612,0.9839829206466675,4.0795207023620605,1.0249066352844238,-1.5141487121582031,1.4717230796813965
14,0,0.3930649161338806,1187.063720703125,paper_sampled_score_separate_b,0.0018456499092280865,512,-1.2163240909576416,0.5204455256462097,-1.2048627138137817,-3.0156960487365723,0.1746263951063156,0.0,0.7402795553207397,0,0,0.1,0.5042898058891296,626.0130615234375,160.9986572265625,0.5337775250600343,0.10780639664699578,deterministic_value_jacobian_separate_b,torch.float64,1.0,3.7000074219786524e-14,6.643829153962291e-12,symmetric_jacobi_cholesky_fp64,512,0.0001,0.3663039803504944,155.51,3.01,1408,0.6754205226898193,0.11513727158308029,0.016087669879198074,0.12306912243366241,0.0001,279,1146880,760.8269332186319,1146880,1.0,1e-06,10.0,0.10000000149011612,0.4953015148639679,5.387903690338135,0.23155884444713593,-1.5718345642089844,1.8474559783935547
13,0,0.2802145481109619,265.4231262207031,paper_sampled_score_separate_b,0.0029784960206598043,512,-1.2946827411651611,1.5536061525344849,-1.3090767860412598,-3.904499053955078,0.2845958471298218,0.0,0.7396352291107178,0,0,0.1,0.6079123020172119,29.69588851928711,32.83371353149414,0.45357927048516256,0.10328633097315029,deterministic_value_jacobian_separate_b,torch.float64,1.0,2.1290374107490615e-13,9.115986388840485e-12,symmetric_jacobi_cholesky_fp64,512,0.00010000000000000003,0.41428524255752563,166.41,3.08,1404,0.6760088801383972,0.0951705053448677,-0.010222157463431358,0.11367621272802353,0.0001,289,1187840,787.8731577219442,1187840,1.0,1e-06,6.396116733551025,0.10000000149011612,1.3613022565841675,5.894150257110596,1.4272874593734741,-1.3873451948165894,3.091439962387085
14,0,0.3876679539680481,473.2096252441406,paper_sampled_score_separate_b,0.0013050244888290763,512,-1.201039433479309,1.3233838081359863,-1.183732509613037,-3.1021318435668945,0.18028463423252106,0.0,0.7234659194946289,0,0,0.1,0.5651077032089233,53.199649810791016,53.787410736083984,0.5217379070505789,0.11207535353844038,deterministic_value_jacobian_separate_b,torch.float64,1.0,1.263730067168941e-13,6.914912501909652e-12,symmetric_jacobi_cholesky_fp64,512,0.0001,0.5172373652458191,124.55,2.4,1563,0.6911175847053528,0.054563574492931366,-0.01024853065609932,0.16641564667224884,0.0001,299,1228800,814.5383278876543,1228800,1.0,1e-06,2.7619290351867676,0.10000000149011612,-0.08918183296918869,3.467250347137451,-0.4200036823749542,-1.6330115795135498,1.3341432809829712
13,0,0.3120425343513489,332.58746337890625,paper_sampled_score_separate_b,0.00034913659328594804,512,-1.1760838031768799,0.839457631111145,-1.2017935514450073,-3.360750198364258,0.15547022223472595,0.0,0.8292431831359863,0,0,0.1,0.4836212992668152,68.25144958496094,53.283851623535156,0.5697158173774157,0.11442216823835792,deterministic_value_jacobian_separate_b,torch.float64,1.0,9.032925043916398e-14,5.502354127167406e-12,symmetric_jacobi_cholesky_fp64,512,0.0001,0.47438085079193115,156.19,2.53,1569,0.6029594540596008,0.04377758875489235,-0.0005386951379477978,0.05859826132655144,0.0001,309,1269760,841.0371746136807,1269760,1.0,1e-06,2.8269312381744385,0.15975497663021088,-0.20985469222068787,2.7288360595703125,-0.4043436348438263,-1.5944228172302246,0.6526806354522705
14,0,0.3606523871421814,500.7993469238281,paper_sampled_score_separate_b,0.0005480270483531058,512,-1.059524416923523,1.1122212409973145,-1.1027553081512451,-2.6577165126800537,0.15463830530643463,0.0,0.8053118586540222,0,0,0.1,0.4906153976917267,32.476802825927734,34.859683990478516,0.6224470638985149,0.11576886115870987,deterministic_value_jacobian_separate_b,torch.float64,1.0,9.817312262491079e-14,4.2463296581737504e-12,symmetric_jacobi_cholesky_fp64,512,0.0001,0.4885767698287964,241.06,3.06,1568,0.6208775043487549,0.09178778529167175,-0.00773007795214653,0.0602228082716465,0.0001,319,1310720,867.8680528886616,1310720,1.0,1e-06,9.135650634765625,0.10000000149011612,-0.9131156206130981,1.893984317779541,-1.0316509008407593,-2.7481303215026855,0.32419875264167786
13,0,0.3876608610153198,488.4738464355469,paper_sampled_score_separate_b,0.0007109208963811398,512,-1.0677745342254639,0.31929507851600647,-1.0678939819335938,-2.4893839359283447,0.10504934936761856,0.0,0.6953611373901367,0,0,0.1,0.5480070114135742,80.67847442626953,58.237693786621094,0.5750038251774648,0.12799180479573222,deterministic_value_jacobian_separate_b,torch.float64,1.0,6.579542052451988e-14,4.344793078130717e-12,symmetric_jacobi_cholesky_fp64,512,0.0001,0.3787875771522522,243.66,2.92,1569,0.7190508246421814,0.0668976679444313,-0.07227526605129242,0.05134166032075882,0.0001,329,1351680,894.7460877909325,1351680,1.0,1e-06,3.7314226627349854,0.10000000149011612,-0.33505141735076904,3.820352792739868,-0.6679946780204773,-2.045133113861084,1.262833833694458
14,0,0.3751644492149353,324.10107421875,paper_sampled_score_separate_b,0.0008787536644376814,512,-1.0866628885269165,5.878637313842773,-1.1351226568222046,-2.6895315647125244,0.2611475884914398,0.0,0.660978376865387,0,0,0.1,0.6669175028800964,40.07488250732422,47.1156005859375,0.5927241617598357,0.1241329047996265,deterministic_value_jacobian_separate_b,torch.float64,1.0,1.7289600500792938e-13,8.621343280633786e-12,symmetric_jacobi_cholesky_fp64,512,0.0001,0.6057790517807007,275.6,3.03,1569,0.7564544081687927,0.05533498525619507,-0.03210043907165527,0.12348690629005432,0.0001,339,1392640,921.7567183817737,1392640,1.0,1e-06,3.4877352714538574,0.24516819417476654,0.22613102197647095,6.919961929321289,0.0634782612323761,-1.394945502281189,1.1634734869003296
13,0,0.39066943526268005,276.0726623535156,paper_sampled_score_separate_b,0.000694379152264446,512,-1.1658117771148682,0.1704501360654831,-1.1693882942199707,-2.793715238571167,0.15021464228630066,0.0,0.6825869679450989,0,0,0.1,0.6130789518356323,35.78992462158203,39.66023635864258,0.5278277058673282,0.11925731278148738,deterministic_value_jacobian_separate_b,torch.float64,1.0,1.5300865817959634e-13,7.11211663324486e-12,symmetric_jacobi_cholesky_fp64,512,0.0001,0.6391120553016663,173.76,2.86,1569,0.7325074076652527,0.06804537773132324,-0.029143670573830605,0.11411601305007935,0.0001,349,1433600,948.7200145237148,1433600,1.0,1e-06,3.8624560832977295,0.15838399529457092,-0.03747319430112839,2.558152914047241,-0.10887112468481064,-1.3522135019302368,0.6626972556114197
14,0,0.4799034595489502,673.3704223632812,paper_sampled_score_separate_b,0.0005514456424862146,512,-1.1889383792877197,0.3884032666683197,-1.190765619277954,-3.3494372367858887,0.11231538653373718,0.0,0.7787975668907166,0,0,0.1,0.40430018305778503,79.91546630859375,56.340389251708984,0.5402404215962864,0.12301229875203062,deterministic_value_jacobian_separate_b,torch.float64,1.0,5.519402008806341e-14,3.5920026096942126e-12,symmetric_jacobi_cholesky_fp64,512,0.0001,0.7567880749702454,150.19,2.88,1567,0.6420153379440308,0.06825721263885498,-0.05744810402393341,0.06895874440670013,0.0001,359,1474560,975.125171429012,1474560,1.0,1e-06,5.648722171783447,0.10000000149011612,-0.17710208892822266,3.2057454586029053,-0.2946571409702301,-1.6527870893478394,0.5315122604370117
14,0,0.33804798126220703,458.37188720703125,paper_sampled_score_separate_b,0.00042288884287700057,512,-1.197820782661438,0.8890823125839233,-1.1736024618148804,-2.761171579360962,0.14385674893856049,0.0,0.7786874771118164,0,0,0.1,0.5204474329948425,38.76085662841797,34.465538024902344,0.46180483914697695,0.11714446448389984,deterministic_value_jacobian_separate_b,torch.float64,1.0,1.2849760774895622e-13,6.0749534029407285e-12,symmetric_jacobi_cholesky_fp64,512,0.0001,0.6055279970169067,165.92,2.59,1520,0.6421061158180237,0.06263693422079086,-0.06049816682934761,0.09088999032974243,0.0001,369,1515520,1001.8446741458029,1515520,1.0,1e-06,2.4696483612060547,0.1382661610841751,0.1385979950428009,3.3048558235168457,0.04600996896624565,-1.865488052368164,0.9493056535720825
13,0,0.3403189778327942,760.5645751953125,paper_sampled_score_separate_b,0.0013897586613893509,512,-1.0865265130996704,0.905937910079956,-1.108626365661621,-2.6117982864379883,0.10404467582702637,0.0,0.7451607584953308,0,0,0.1,0.5638047456741333,269.5089111328125,119.66239929199219,0.4157273214654201,0.10631309122420855,deterministic_value_jacobian_separate_b,torch.float64,1.0,6.993137170582994e-14,8.299479817860834e-12,symmetric_jacobi_cholesky_fp64,512,0.0001,0.49987801909446716,156.68,3.21,1415,0.6709961295127869,0.05046839639544487,-0.07819807529449463,0.1178027018904686,0.0001,379,1556480,1028.482763033826,1556480,1.0,1e-06,4.660244941711426,0.11689893156290054,0.2504445016384125,3.1866090297698975,0.3522694706916809,-1.4048222303390503,0.763973593711853
13,0,0.29897773265838623,694.5657958984375,paper_sampled_score_separate_b,0.0004337230056989938,512,-1.1121668815612793,0.3930569291114807,-1.1380670070648193,-4.984729766845703,0.1560310572385788,0.0,0.726384162902832,0,0,0.1,0.6096909046173096,277.0859680175781,101.31130981445312,0.3935024821197562,0.10808033569788036,deterministic_value_jacobian_separate_b,torch.float64,1.0,6.069563891881522e-14,7.302462749472451e-12,symmetric_jacobi_cholesky_fp64,512,0.0001,0.5505497455596924,178.97,3.13,1557,0.6883410215377808,0.06407949328422546,-0.00341144111007452,0.14222705364227295,0.0001,389,1597440,1055.1603282447904,1597440,1.0,1e-06,5.801734924316406,0.1505289375782013,-0.4180219769477844,2.894108533859253,-0.3806869089603424,-2.0155622959136963,0.7090065479278564
13,0,0.3961038589477539,206.76358032226562,paper_sampled_score_separate_b,0.0003896337584592402,512,-1.0924265384674072,1.0117720365524292,-1.1203722953796387,-2.6410772800445557,0.1554974466562271,0.0,0.720308244228363,0,0,0.1,0.5572900176048279,17.538339614868164,29.00432777404785,0.4692577364199408,0.11629569117712056,deterministic_value_jacobian_separate_b,torch.float64,1.0,2.1682641599459044e-13,7.46205201747939e-12,symmetric_jacobi_cholesky_fp64,512,0.0001,0.5567261576652527,142.04,2.3,1564,0.6941472887992859,0.06266002357006073,-0.009464282542467117,0.08490568399429321,0.0001,399,1638400,1082.2389173526317,1638400,1.0,1e-06,4.804710388183594,0.10000000149011612,-0.5405992269515991,2.146670341491699,-0.5204745531082153,-2.222949743270874,0.6466950178146362
13,0,0.3775598704814911,525.6300048828125,paper_sampled_score_separate_b,0.0006171496934257448,512,-1.1986572742462158,0.3526175618171692,-1.1954271793365479,-2.753903388977051,0.0970558300614357,0.0,0.7878417372703552,0,0,0.1,0.4936119318008423,137.85150146484375,83.81954956054688,0.48159185605628946,0.11702727941180938,deterministic_value_jacobian_separate_b,torch.float64,1.0,5.845026798618303e-14,4.98207769661498e-12,symmetric_jacobi_cholesky_fp64,512,0.0001,0.5642226934432983,196.34,2.79,1568,0.6346452236175537,0.09687066078186035,0.0004464946687221527,0.049315378069877625,0.0001,409,1679360,1108.8530951188877,1679360,1.0,1e-06,10.0,0.10000000149011612,-0.24633726477622986,1.8922120332717896,-0.2452344298362732,-2.1334590911865234,0.5438812971115112
14,0,0.3457232415676117,457.50390625,paper_sampled_score_separate_b,0.0025269286707043648,512,-1.0282166004180908,1.1623390913009644,-1.043180227279663,-2.291085720062256,0.09712439775466919,0.0,0.6929827928543091,0,0,0.1,0.5776296854019165,168.28787231445312,68.92632293701172,0.46406617408496253,0.11518984678582889,deterministic_value_jacobian_separate_b,torch.float64,1.0,8.21708017751055e-14,7.757913061088823e-12,symmetric_jacobi_cholesky_fp64,512,0.0001,0.5876644253730774,160.54,2.51,1570,0.7215186357498169,0.05026812106370926,-0.03151266276836395,0.18717357516288757,0.0001,419,1720320,1135.3734884909354,1720320,1.0,1e-06,3.037825345993042,0.14468927681446075,-0.8193392753601074,2.0059304237365723,-1.0392285585403442,-2.4027888774871826,0.7431245446205139
14,0,0.2951459288597107,313.4700622558594,paper_sampled_score_separate_b,0.0004858873435296118,512,-1.1156318187713623,0.4972919821739197,-1.1306415796279907,-2.611100673675537,0.11911477148532867,0.0,0.7487490177154541,0,0,0.1,0.6153790354728699,88.74246215820312,45.231658935546875,0.4537290735627848,0.11598267148621273,deterministic_value_jacobian_separate_b,torch.float64,1.0,1.0996249608557584e-13,7.704806448932621e-12,symmetric_jacobi_cholesky_fp64,512,0.0001,0.6232057213783264,136.83,2.49,1567,0.6677805185317993,0.06318004429340363,-0.07600288093090057,0.16998307406902313,0.0001,429,1761280,1162.270669683814,1761280,1.0,1e-06,9.441405296325684,0.10418469458818436,-0.13264045119285583,2.1380534172058105,-0.3550446629524231,-1.4934744834899902,0.5899801850318909
14,0,0.3818828761577606,497.7651672363281,paper_sampled_score_separate_b,0.004777489695698023,512,-1.172937273979187,0.26010239124298096,-1.194419264793396,-4.015048027038574,0.13901039958000183,0.0,0.7216211557388306,0,0,0.1,0.5346096158027649,137.2049560546875,76.19937896728516,0.5102764618843617,0.11714661594694595,deterministic_value_jacobian_separate_b,torch.float64,1.0,5.686908814515276e-14,4.84023437885938e-12,symmetric_jacobi_cholesky_fp64,512,0.0001,0.7032637596130371,129.31,2.08,1565,0.6928843259811401,0.0777270644903183,-0.05726245045661926,0.07490402460098267,0.0001,439,1802240,1189.2323950990103,1802240,1.0,1e-06,6.971405029296875,0.15445445477962494,-0.26113083958625793,2.417616367340088,-0.40436142683029175,-1.626507043838501,0.6263578534126282
14,0,0.35747113823890686,1298.2786865234375,paper_sampled_score_separate_b,0.0011333934962749481,512,-1.1111483573913574,0.8513787984848022,-1.1316593885421753,-2.702342987060547,0.11653977632522583,0.0,0.822878360748291,0,0,0.1,0.4361143410205841,537.0684204101562,136.17176818847656,0.4375497634675862,0.10409536580704314,deterministic_value_jacobian_separate_b,torch.float64,1.0,3.3087841475985504e-14,5.504537473700478e-12,symmetric_jacobi_cholesky_fp64,512,0.0001,0.5650736093521118,198.1,3.15,1569,0.6076232194900513,0.0700458437204361,-0.02152341417968273,0.22098343074321747,0.0001,449,1843200,1216.1671304376796,1843200,1.0,1e-06,2.5985071659088135,0.10000000149011612,-0.025270327925682068,2.0205585956573486,-0.10438713431358337,-1.3909850120544434,0.43620190024375916
14,0,0.36221882700920105,398.0473937988281,paper_sampled_score_separate_b,0.0018157534068450332,512,-1.1382114887237549,0.3007358908653259,-1.17415189743042,-2.7069225311279297,0.11074738949537277,0.0,0.7032477259635925,0,0,0.1,0.5700517892837524,35.08926010131836,56.3773078918457,0.44442719279642423,0.10267427495429941,deterministic_value_jacobian_separate_b,torch.float64,1.0,1.7068206681883005e-13,7.764757081792094e-12,symmetric_jacobi_cholesky_fp64,512,0.0001,0.5748507976531982,232.22,3.83,1570,0.7109870314598083,0.07903425395488739,-0.022053737193346024,0.3041239380836487,0.0001,459,1884160,1242.67867292976,1884160,1.0,1e-06,6.767142295837402,0.1278645098209381,0.09388546645641327,3.153542995452881,0.0866520032286644,-1.5652172565460205,0.8669162392616272
14,0,0.44585031270980835,995.8555297851562,paper_sampled_score_separate_b,0.0006247161072678864,512,-1.0611141920089722,0.39553922414779663,-1.1035903692245483,-2.3906853199005127,0.11007541418075562,0.0,0.7746313810348511,0,0,0.1,0.4478232264518738,37.13275909423828,29.004405975341797,0.44267342409034,0.1153544871832159,deterministic_value_jacobian_separate_b,torch.float64,1.0,1.3263236028083086e-13,6.040599573927413e-12,symmetric_jacobi_cholesky_fp64,512,0.0001,0.5780505537986755,119.28,2.25,1457,0.6454682946205139,0.1883227676153183,-0.04947860538959503,0.14792075753211975,0.0001,469,1925120,1269.2564171049744,1925120,1.0,1e-06,10.0,0.10000000149011612,-0.13235536217689514,2.4681873321533203,-0.26245683431625366,-1.6893401145935059,0.7567923069000244
14,0,0.31896841526031494,372.0174255371094,paper_sampled_score_separate_b,0.0008336668834090233,512,-1.018700122833252,1.0668443441390991,-1.0475200414657593,-2.710900068283081,0.13139377534389496,0.0,0.8266454339027405,0,0,0.1,0.5006640553474426,42.78367614746094,53.6574592590332,0.48721241775399426,0.11822348849402495,deterministic_value_jacobian_separate_b,torch.float64,1.0,1.1077005577033034e-13,5.486211308559357e-12,symmetric_jacobi_cholesky_fp64,512,0.0001,0.5546801686286926,171.2,2.96,1568,0.6048542261123657,0.06145504117012024,0.0348530039191246,0.0846271812915802,0.0001,479,1966080,1295.6146878087893,1966080,1.0,1e-06,3.9143145084381104,0.10000000149011612,-0.1265839785337448,2.1139113903045654,-0.24584077298641205,-1.5973418951034546,0.6775130033493042
14,0,0.48296403884887695,772.7252197265625,paper_sampled_score_separate_b,0.00297117349691689,512,-0.9409564137458801,1.7237462997436523,-0.9702136516571045,-2.155186176300049,0.15700939297676086,0.0,0.7253572940826416,0,0,0.1,0.5269884467124939,188.14756774902344,118.61356353759766,0.45998189951399376,0.10606242367605984,deterministic_value_jacobian_separate_b,torch.float64,1.0,7.359939044336956e-14,7.332856113669594e-12,symmetric_jacobi_cholesky_fp64,512,0.0001,0.5792866945266724,173.58,3.22,1567,0.6893154382705688,0.09088875353336334,-0.04833432286977768,0.17788298428058624,0.0001,489,2007040,1322.5903656166047,2007040,1.0,1e-06,9.561066627502441,0.10000000149011612,-0.6712331175804138,1.9330977201461792,-0.7955387830734253,-3.157464027404785,0.8846943974494934
14,0,0.28101494908332825,422.5776062011719,paper_sampled_score_separate_b,0.0023151885252445936,512,-1.1539374589920044,1.3027321100234985,-1.1854546070098877,-5.010254383087158,0.320414662361145,0.0,0.831758975982666,0,0,0.1,0.524843692779541,75.93077850341797,57.757469177246094,0.505334289318888,0.11626101993163071,deterministic_value_jacobian_separate_b,torch.float64,1.0,1.1007960574307516e-13,7.142378972821452e-12,symmetric_jacobi_cholesky_fp64,512,0.0001,0.5136820077896118,179.1,3.21,1560,0.6011356711387634,0.078122079372406,0.020635008811950684,0.0897141695022583,0.0001,499,2048000,1349.5812405887991,2048000,1.0,1e-06,10.0,0.10000000149011612,0.036682114005088806,3.0271873474121094,-0.004478503484278917,-1.3322666883468628,0.7647884488105774
13,0,0.36604660749435425,548.785400390625,paper_sampled_score_separate_b,0.0032202627044171095,512,-1.2051417827606201,0.45564666390419006,-1.2168439626693726,-2.4489054679870605,0.11504453420639038,0.0,0.7604754567146301,0,0,0.1,0.49307528138160706,180.78524780273438,78.48347473144531,0.4627715956419376,0.12205976357243369,deterministic_value_jacobian_separate_b,torch.float64,1.0,5.00435947400169e-14,4.865786071039216e-12,symmetric_jacobi_cholesky_fp64,512,0.00015000000000000004,0.5953789949417114,161.92,1.62,1561,0.6574833989143372,0.05372994393110275,-0.048921212553977966,0.11470653116703033,0.00010000000000000003,509,2088960,1376.287477151025,2088960,1.0,1e-06,4.040979385375977,0.18244877457618713,0.6717871427536011,3.1863014698028564,0.49525803327560425,-1.1881612539291382,1.0904083251953125
14,0,0.38413235545158386,637.8524169921875,paper_sampled_score_separate_b,0.0016579508082941175,512,-1.2585279941558838,0.21781371533870697,-1.2431610822677612,-3.1954002380371094,0.14548751711845398,0.0,0.7065204977989197,0,0,0.1,0.5426506400108337,310.89910888671875,97.42427825927734,0.4538683786476065,0.11067670375372472,deterministic_value_jacobian_separate_b,torch.float64,1.0,6.512410054875155e-14,8.298449417972862e-12,symmetric_jacobi_cholesky_fp64,512,0.0001,0.755230188369751,140.39,1.84,1549,0.7076935768127441,0.06975522637367249,-0.039321962743997574,0.25842195749282837,0.0001,519,2129920,1402.719171358738,2129920,1.0,1e-06,10.0,0.10000000149011612,0.04537065699696541,3.8122098445892334,-0.17516791820526123,-1.7214030027389526,1.5057907104492188
13,0,0.33274176716804504,236.3450469970703,paper_sampled_score_separate_b,0.0012253315653651953,512,-1.1853371858596802,0.5905200242996216,-1.1884355545043945,-3.42799711227417,0.16516481339931488,0.0,0.7576050758361816,0,0,0.1,0.5407079458236694,24.25487518310547,30.45224380493164,0.4939958710793501,0.10978893596164925,deterministic_value_jacobian_separate_b,torch.float64,1.0,1.7360993797824155e-13,6.775535424318463e-12,symmetric_jacobi_cholesky_fp64,512,0.0001,0.5545393824577332,167.67,2.04,1553,0.6599744558334351,0.056118883192539215,-0.04900718852877617,0.09143495559692383,0.0001,529,2170880,1429.773829975631,2170880,1.0,1e-06,5.51561164855957,0.10000000149011612,0.010167492553591728,2.611502170562744,-0.07705733180046082,-1.3129435777664185,0.7174961566925049
14,0,0.36062175035476685,407.08807373046875,paper_sampled_score_separate_b,0.0012972702970728278,512,-1.0833494663238525,1.7116297483444214,-1.1036421060562134,-3.0621280670166016,0.14552254974842072,0.0,0.7414838075637817,0,0,0.1,0.544924259185791,69.82456970214844,55.442481994628906,0.47286575428586436,0.11266516751513676,deterministic_value_jacobian_separate_b,torch.float64,1.0,9.982399271014114e-14,6.171276880573113e-12,symmetric_jacobi_cholesky_fp64,512,0.0001,0.5661683678627014,201.7,2.85,1556,0.674323558807373,0.09200327098369598,0.020405704155564308,0.08994247019290924,0.0001,539,2211840,1456.7411251966842,2211840,1.0,1e-06,4.804299831390381,0.10000000149011612,0.32173341512680054,3.2818002700805664,0.25110840797424316,-1.6211600303649902,1.1541470289230347
14,0,0.4799986481666565,421.51580810546875,paper_sampled_score_separate_b,0.0026301031466573477,512,-1.1790692806243896,0.9065674543380737,-1.1910147666931152,-2.5788633823394775,0.10715525597333908,0.0,0.6304662823677063,0,0,0.1,0.6076270937919617,131.78753662109375,61.864200592041016,0.48885938840525367,0.10546088197789255,deterministic_value_jacobian_separate_b,torch.float64,1.0,1.0611717583762274e-13,8.95396624515761e-12,symmetric_jacobi_cholesky_fp64,512,0.0001,0.7437066435813904,158.19,2.05,1552,0.7930638194084167,0.08562829345464706,-0.023583773523569107,0.27990812063217163,0.0001,549,2252800,1483.7506136479788,2252800,1.0,1e-06,8.389970779418945,0.16225804388523102,-0.148321270942688,3.1762337684631348,-0.45130428671836853,-1.607778549194336,1.0464261770248413
14,0,0.36217057704925537,360.0902099609375,paper_sampled_score_separate_b,0.0005420047091320157,512,-1.1363821029663086,0.5196284055709839,-1.144826054573059,-2.1890316009521484,0.08364150673151016,0.0,0.7303746938705444,0,0,0.1,0.515836238861084,41.804656982421875,52.71198272705078,0.5275732241729022,0.11600437616899772,deterministic_value_jacobian_separate_b,torch.float64,1.0,1.2018984936014233e-13,5.8463635919952615e-12,symmetric_jacobi_cholesky_fp64,512,0.0001,0.5807720422744751,128.95,1.95,1387,0.6845801472663879,0.0414278507232666,-0.044086117297410965,0.12481309473514557,0.0001,559,2293760,1510.8778283079155,2293760,1.0,1e-06,3.530275344848633,0.22795897722244263,-0.4329449236392975,1.2803220748901367,-0.5627041459083557,-1.6183730363845825,0.41192829608917236
14,0,0.39037948846817017,630.4002075195312,paper_sampled_score_separate_b,0.001505580497905612,512,-1.087693691253662,0.02242966741323471,-1.0778388977050781,-2.2141072750091553,0.07219842821359634,0.0,0.8471721410751343,0,0,0.1,0.41461119055747986,51.713050842285156,63.17740249633789,0.530911369962559,0.11651153501805964,deterministic_value_jacobian_separate_b,torch.float64,1.0,8.751700474703727e-14,4.635278512625586e-12,symmetric_jacobi_cholesky_fp64,512,0.0001,0.5825207233428955,157.93,1.99,1552,0.590198814868927,0.09711990505456924,-0.016337821260094643,0.07559911906719208,0.0001,569,2334720,1537.2350799497217,2334720,1.0,1e-06,7.648147106170654,0.10000000149011612,-0.06793227791786194,2.7700090408325195,-0.7407269477844238,-1.5785287618637085,1.8377132415771484
14,0,0.4146362543106079,758.8826904296875,paper_sampled_score_separate_b,0.0011186160845682025,512,-1.0598726272583008,-0.16209274530410767,-1.0508980751037598,-1.9600008726119995,0.047809045761823654,0.0,0.7298997044563293,0,0,0.1,0.5020663738250732,543.2274169921875,130.37379455566406,0.49493072695547735,0.11680877566745584,deterministic_value_jacobian_separate_b,torch.float64,1.0,2.0211656315718844e-14,3.3810394191384956e-12,symmetric_jacobi_cholesky_fp64,512,0.0001,0.5257408022880554,203.17,2.51,1546,0.6850256323814392,0.05403803288936615,-0.10152141749858856,0.29546046257019043,0.0001,579,2375680,1563.763825930655,2375680,1.0,1e-06,3.097954750061035,0.19002258777618408,-0.4261208474636078,2.8322646617889404,-0.5707619190216064,-1.601576566696167,0.7019413709640503
14,0,0.29425203800201416,166.3715362548828,paper_sampled_score_separate_b,0.001262571895495057,512,-1.232751727104187,0.21182875335216522,-1.2242546081542969,-4.880349159240723,0.23919357359409332,0.0,0.6621741652488708,0,0,0.1,0.7029485106468201,29.964218139648438,25.025728225708008,0.5113706444049937,0.12293754881531338,deterministic_value_jacobian_separate_b,torch.float64,1.0,1.8253432098468828e-13,8.105969191218303e-12,symmetric_jacobi_cholesky_fp64,512,0.0001,0.6272379159927368,133.12,1.86,1559,0.7550883293151855,0.0706201121211052,-0.025585269555449486,0.13801923394203186,0.0001,589,2416640,1590.3328724158928,2416640,1.0,1e-06,3.104477643966675,0.1307937502861023,0.5360638499259949,4.107325077056885,0.14055749773979187,-1.5264434814453125,1.964850902557373
14,0,0.3454750180244446,386.2253723144531,paper_sampled_score_separate_b,0.0017313269199803472,512,-1.127814769744873,0.2668554186820984,-1.1230415105819702,-2.6635184288024902,0.11765667051076889,0.0,0.8143882155418396,0,0,0.1,0.5156744718551636,121.53779602050781,56.28774642944336,0.40965790456584794,0.10976981396308495,deterministic_value_jacobian_separate_b,torch.float64,1.0,8.793346071575985e-14,7.0608823596676555e-12,symmetric_jacobi_cholesky_fp64,512,0.0001,0.446206271648407,198.66,2.09,1560,0.6139578223228455,0.06040043756365776,-0.022288640961050987,0.19558295607566833,0.0001,599,2457600,1617.2889504316263,2457600,1.0,1e-06,5.648279190063477,0.10000000149011612,0.13186359405517578,2.7762107849121094,0.12186077982187271,-1.1328949928283691,0.6456305384635925
14,0,0.35634738206863403,964.040283203125,paper_sampled_score_separate_b,0.0010265371529385448,512,-1.0705018043518066,0.7582022547721863,-1.0766453742980957,-2.908790111541748,0.21124151349067688,0.0,0.8001174330711365,0,0,0.1,0.48047253489494324,425.20159912109375,138.6508331298828,0.4785638043578616,0.10780577580137354,deterministic_value_jacobian_separate_b,torch.float64,1.0,3.279851030364594e-14,4.8597175506025276e-12,symmetric_jacobi_cholesky_fp64,512,0.00010000000000000003,0.6111376285552979,233.53,3.2,1556,0.6249082684516907,0.07807675004005432,-0.004074994474649429,0.05496375262737274,0.0001,609,2498560,1644.5405325288884,2498560,1.0,1e-06,10.0,0.10000000149011612,0.6620391607284546,2.8092164993286133,0.6504698395729065,-1.3492852449417114,0.6430239081382751
14,0,0.35549208521842957,269.86376953125,paper_sampled_score_separate_b,0.0008312900899909437,512,-1.1409978866577148,0.09401567280292511,-1.1027121543884277,-2.996107816696167,0.15763288736343384,0.0,0.759895920753479,0,0,0.1,0.556754469871521,43.59248352050781,29.195524215698242,0.4124502589360748,0.10816808500080835,deterministic_value_jacobian_separate_b,torch.float64,1.0,2.010447295034808e-13,1.0077535214736473e-11,symmetric_jacobi_cholesky_fp64,512,0.0001,0.4694555997848511,287.92,4.33,1562,0.6579848527908325,0.08799828588962555,-0.013739058747887611,0.15645064413547516,0.0001,619,2539520,1671.5190770006739,2539520,1.0,1e-06,4.581918716430664,0.1075511947274208,1.1871097087860107,4.269712448120117,1.3050751686096191,-1.1707398891448975,1.4213002920150757
14,0,0.3437301814556122,791.809326171875,paper_sampled_score_separate_b,0.0006271681631915271,512,-1.1486316919326782,-0.0008609950309619308,-1.1484006643295288,-2.8127434253692627,0.1320471614599228,0.0,0.7210301160812378,0,0,0.1,0.573356032371521,227.4674072265625,83.0093002319336,0.4445130622950821,0.101353183274408,deterministic_value_jacobian_separate_b,torch.float64,1.0,6.572470763307424e-14,7.17311807633166e-12,symmetric_jacobi_cholesky_fp64,512,0.0001,0.5853631496429443,268.36,3.01,1558,0.6934522986412048,0.14132460951805115,-0.032929033041000366,0.1904021054506302,0.0001,629,2580480,1698.037135728635,2580480,1.0,1e-06,4.836008071899414,0.10000000149011612,0.5093291997909546,3.4890499114990234,0.28571751713752747,-1.3244208097457886,1.105453372001648
14,0,0.3040478229522705,333.2889099121094,paper_sampled_score_separate_b,0.000820683955680579,512,-1.1815930604934692,1.1268360614776611,-1.1784378290176392,-3.3246653079986572,0.17401310801506042,0.0,0.7666815519332886,0,0,0.1,0.5787633657455444,59.221343994140625,44.0745735168457,0.39995050398624543,0.10386127556570357,deterministic_value_jacobian_separate_b,torch.float64,1.0,1.109510412009936e-13,6.352490490380144e-12,symmetric_jacobi_cholesky_fp64,512,0.0001,0.6762840151786804,252.11,3.68,1559,0.6521612405776978,0.057005129754543304,-0.048718247562646866,0.11288611590862274,0.0001,639,2621440,1724.6324742026627,2621440,1.0,1e-06,4.321254730224609,0.11133451759815216,0.9438937902450562,5.189711093902588,0.6763607859611511,-1.3428318500518799,2.195237636566162
14,0,0.28938254714012146,274.98974609375,paper_sampled_score_separate_b,0.0010715073440223932,512,-1.1239023208618164,0.6109405755996704,-1.1200506687164307,-3.827645778656006,0.15510216355323792,0.0,0.779755175113678,0,0,0.1,0.545412003993988,38.32457733154297,38.9833869934082,0.3917413367287198,0.09657467341770738,deterministic_value_jacobian_separate_b,torch.float64,1.0,1.500210618295414e-13,7.012426859887338e-12,symmetric_jacobi_cholesky_fp64,512,0.0001,0.5655373334884644,257.87,3.63,1377,0.6412268877029419,0.04504253715276718,-0.0025458126328885555,0.07017768919467926,0.0001,649,2662400,1751.6450318489224,2662400,1.0,1e-06,3.3117799758911133,0.12907595932483673,0.9335944652557373,3.2274327278137207,1.1006001234054565,-1.4766113758087158,1.3218730688095093
14,0,0.27500075101852417,218.9483184814453,paper_sampled_score_separate_b,0.0002257512678625062,512,-1.2190632820129395,0.40018370747566223,-1.1947475671768188,-4.091839790344238,0.1485789567232132,0.0,0.7763874530792236,0,0,0.1,0.5691208839416504,21.155841827392578,27.055484771728516,0.43750055011520134,0.10661837253087188,deterministic_value_jacobian_separate_b,torch.float64,1.0,1.7212030485905082e-13,6.292657290900965e-12,symmetric_jacobi_cholesky_fp64,512,0.0001,0.6287757754325867,379.2,4.5,1409,0.6440083384513855,0.051375746726989746,0.02221130020916462,0.06557867676019669,0.0001,659,2703360,1778.2880280907266,2703360,1.0,1e-06,6.734936237335205,0.16691255569458008,0.4928519129753113,2.795426845550537,0.41973093152046204,-1.4028230905532837,0.7238819003105164
