action_max,action_min,adv_avg,adv_max,adv_med,adv_min,adv_var,clipfrac,curr_lr,entropy,eplenmean,eprewmean,fps,grad_norm,joint_optimizer_state_entries,kl,loss_pi,loss_v,lr,misc/nupdates,misc/serial_timesteps,misc/time_elapsed,misc/total_timesteps,ratio_max,ratio_min,ret_avg,ret_max,ret_med,ret_min,ret_var,critic_ratio_max,critic_ratio_min,critic_rows,joint_actor_fisher_quadratic,joint_actor_raw_scale,joint_applied_solve_residual,joint_cholesky_info_max,joint_clip_scale,joint_critic_curvature_coef,joint_critic_ggn_quadratic,joint_critic_objective_coef,joint_critic_raw_scale,joint_cross_block_frobenius,joint_direction_l2,joint_finite_scan_pass,joint_jacobi_scale_max,joint_jacobi_scale_min,joint_kernel_mode,joint_linear_solve_dtype,joint_predicted_step_kl,joint_relative_solve_residual,joint_solve_residual,joint_solver_mode,joint_system_rows,optimizer_history_correction,optimizer_momentum,optimizer_momentum_semantics
14,0,-1.171692132949829,2.2914161682128906,-1.174797773361206,-5.7115960121154785,0.4309624135494232,0.31640625,0.001,2.5693178176879883,132.35,1.77,1888,2.4543159008026123,0,0.022696081548929214,-0.03495898097753525,0.2394641488790512,0.001,9,40960,22.250744271092117,40960,1.8293522596359253,0.41995418071746826,0.5065669417381287,4.943594932556152,0.2212127298116684,-1.2090152502059937,1.3590112924575806,,,,,,,,,,,,,,,,,,,,,,,,,,,
14,0,-1.1819183826446533,2.5300629138946533,-1.2165489196777344,-4.038086414337158,0.2465520203113556,0.361328125,0.001,2.4918665885925293,162.87,2.35,1883,1.7729772329330444,0,0.02564220502972603,-0.04051399603486061,0.08066480606794357,0.001,19,81920,44.172800965141505,81920,2.013812780380249,0.3973422050476074,0.13252906501293182,4.157574653625488,-0.025675127282738686,-1.236994743347168,1.1849331855773926,,,,,,,,,,,,,,,,,,,,,,,,,,,
14,0,-1.1514129638671875,1.0712239742279053,-1.2013367414474487,-2.565481662750244,0.1743892878293991,0.376953125,0.001,2.3027334213256836,190.68,2.98,1842,0.783110499382019,0,0.02991209179162979,-0.053580597043037415,0.03914637863636017,0.001,29,122880,66.39748845016584,122880,1.899670958518982,0.40564680099487305,0.7737786173820496,4.131167888641357,0.510948896408081,-1.2230963706970215,1.716774582862854,,,,,,,,,,,,,,,,,,,,,,,,,,,
14,0,-1.2127199172973633,1.1803793907165527,-1.2464885711669922,-3.4224088191986084,0.1966875195503235,0.3984375,0.001,2.156160593032837,183.03,3.6,1858,1.2263824939727783,0,0.03689417243003845,-0.05668558552861214,0.042270477861166,0.001,39,163840,88.28544829413295,163840,2.1158761978149414,0.382998526096344,0.7718801498413086,5.3594465255737305,0.5787625908851624,-1.3598864078521729,1.709885835647583,,,,,,,,,,,,,,,,,,,,,,,,,,,
14,0,-1.2316200733184814,0.6699633002281189,-1.2066274881362915,-4.08033561706543,0.11262909322977066,0.3828125,0.001,2.125967502593994,189.72,4.41,1917,0.7521693110466003,0,0.03593266010284424,-0.061651382595300674,0.03816595301032066,0.001,49,204800,110.54468436026946,204800,2.335813045501709,0.27577608823776245,0.3180527687072754,4.482640743255615,0.2052450180053711,-1.2296199798583984,1.0877982378005981,,,,,,,,,,,,,,,,,,,,,,,,,,,
14,0,-1.119554877281189,1.3327316045761108,-1.1542097330093384,-3.0835683345794678,0.1793353259563446,0.359375,0.001,1.906541109085083,193.44,4.64,1884,3.280121326446533,0,0.035521797835826874,-0.052952174097299576,0.054757170379161835,0.001,59,245760,132.59238479519263,245760,2.8600549697875977,0.36889705061912537,0.8618631362915039,5.774283409118652,0.6539324522018433,-1.245013952255249,2.667843818664551,,,,,,,,,,,,,,,,,,,,,,,,,,,
14,0,-1.0965180397033691,0.43264129757881165,-1.0876331329345703,-2.8074944019317627,0.09661135077476501,0.47265625,0.001,1.856859803199768,193.01,4.75,1902,1.6566410064697266,0,0.05041509121656418,-0.07226071506738663,0.03297653794288635,0.001,69,286720,154.17520454106852,286720,3.0493886470794678,0.24660861492156982,0.7567408680915833,6.23136043548584,0.5408118367195129,-1.1663628816604614,2.276498556137085,,,,,,,,,,,,,,,,,,,,,,,,,,,
14,0,-1.1123517751693726,0.34205782413482666,-1.099465250968933,-4.470484256744385,0.10555242747068405,0.40625,0.001,1.5914713144302368,225.12,5.39,1915,1.0597460269927979,0,0.040969107300043106,-0.04597483202815056,0.040679868310689926,0.001,79,327680,175.68574006017298,327680,2.218153238296509,0.25662022829055786,1.058436393737793,3.9996349811553955,1.2335257530212402,-1.1730780601501465,1.1464564800262451,,,,,,,,,,,,,,,,,,,,,,,,,,,
14,0,-1.0740883350372314,1.754042625427246,-1.0879900455474854,-4.029344081878662,0.15796469151973724,0.3984375,0.001,1.732919692993164,236.3,6.93,1907,0.7343479990959167,0,0.03967924043536186,-0.06435222178697586,0.028325121849775314,0.001,89,368640,197.21525928610936,368640,3.352832317352295,0.05607793107628822,0.8754689693450928,3.0804049968719482,1.0570933818817139,-1.2189584970474243,1.332830786705017,,,,,,,,,,,,,,,,,,,,,,,,,,,
14,0,-1.1166303157806396,0.4619375765323639,-1.1267199516296387,-3.3630661964416504,0.06856106966733932,0.40234375,0.001,1.6534358263015747,249.23,7.89,1936,1.072887659072876,0,0.043186984956264496,-0.058205582201480865,0.015971187502145767,0.001,99,409600,218.77985446713865,409600,2.5839743614196777,0.30117762088775635,0.9193552136421204,4.084474086761475,1.0826674699783325,-1.19117271900177,1.5905550718307495,,,,,,,,,,,,,,,,,,,,,,,,,,,
14,0,-1.1032226085662842,-0.3074190020561218,-1.108292579650879,-2.438716411590576,0.04048537462949753,0.451171875,0.001,1.7352638244628906,281.31,9.49,1946,0.8748000860214233,0,0.039273880422115326,-0.05994192138314247,0.013703813776373863,0.001,109,450560,240.18477707123384,450560,2.3865416049957275,0.10104063153266907,0.597743034362793,3.7429864406585693,0.30220872163772583,-1.1395100355148315,1.6666187047958374,,,,,,,,,,,,,,,,,,,,,,,,,,,
14,0,-1.076960563659668,0.8911146521568298,-1.0696115493774414,-4.906206130981445,0.132692351937294,0.404296875,0.001,1.7214268445968628,260.25,7.7,1946,0.9808678030967712,0,0.03944063559174538,-0.04832475632429123,0.021135099232196808,0.001,119,491520,261.6933981301263,491520,16.412582397460938,0.14609038829803467,0.6033518314361572,5.0649542808532715,0.2169179916381836,-1.1902356147766113,1.880047082901001,,,,,,,,,,,,,,,,,,,,,,,,,,,
14,0,-1.025816798210144,0.5706169009208679,-1.038695216178894,-2.678351879119873,0.06264987587928772,0.0,0.0003374999999999999,1.478545069694519,286.25,10.61,250,0.5988107919692993,26,0.06530410051345825,-0.10291317105293274,0.02937936596572399,0.00022499999999999994,129,532480,382.41925782430917,532480,3.6391444206237793,0.16548360884189606,0.9185869693756104,5.785715579986572,0.630893886089325,-1.0583816766738892,1.9237200021743774,1.0,1.0,512,0.4124968945980072,683.2008666992188,4.4352244886325057e-14,0,0.8349882960319519,0.1,0.20292925834655762,1.0,723.667236328125,44.0564959324288,0.5988107919692993,1.0,1.4142132526731221,0.27588052013367975,exact_deterministic_ggn_2b,torch.float64,1.6379440026526026e-08,1.5937032430115982e-15,4.5962464712748745e-14,symmetrized_jacobi_fullfp64_chunked,1024,1.0,1e-06,paper_sgd_momentum_1e-6
14,0,-1.0767109394073486,-0.23616468906402588,-1.0656042098999023,-3.4043264389038086,0.06634080410003662,0.0,0.00014999999999999993,1.2169817686080933,247.45,7.28,252,0.5261741876602173,26,0.07791388034820557,-0.06852628290653229,0.03143378347158432,0.0001,139,573440,545.1183859524317,573440,2.192657709121704,0.10000000149011612,0.45941853523254395,3.0869147777557373,0.17955195903778076,-1.129266381263733,0.9510620832443237,1.0,1.0,512,0.585189938545227,843.9375,4.721406378147366e-14,0,0.9502556324005127,0.1,0.5579648613929749,1.0,904.8102416992188,42.29725157025888,0.5261741876602173,1.0,1.4142135614945466,0.32129763169502595,exact_deterministic_ggn_2b,torch.float64,5.944705616656165e-09,1.522487949824359e-15,4.17605540959678e-14,symmetrized_jacobi_fullfp64_chunked,1024,1.0,1e-06,paper_sgd_momentum_1e-6
14,0,-1.103513479232788,-0.350890576839447,-1.1024161577224731,-2.940619707107544,0.06522824615240097,0.0,0.0005062500000000001,1.0539714097976685,222.29,5.37,250,0.5870605707168579,26,0.0684008002281189,-0.08488475531339645,0.03185015171766281,0.00033750000000000007,149,614400,708.5495063951239,614400,7.2279462814331055,0.10000000149011612,0.2501676678657532,2.6903955936431885,0.1611948013305664,-1.1474425792694092,0.6289781928062439,1.0,1.0,512,0.7968732714653015,1091.686767578125,7.303980155981425e-14,0,0.8517008423805237,0.1,0.20223084092140198,1.0,1058.047607421875,52.72187143469156,0.5870605707168579,1.0,1.4142135058146459,0.16133746471825372,exact_deterministic_ggn_2b,torch.float64,7.407361124478484e-08,2.274779853593168e-15,6.304351676241074e-14,symmetrized_jacobi_fullfp64_chunked,1024,1.0,1e-06,paper_sgd_momentum_1e-6
14,0,-1.043314814567566,0.44580113887786865,-1.0577703714370728,-3.1267898082733154,0.08931222558021545,0.0,0.00022500000000000005,0.8817235231399536,268.21,7.28,252,0.5314514636993408,26,0.08961594849824905,0.004503775388002396,0.03682311251759529,0.00015000000000000004,159,655360,870.7685977150686,655360,9.206271171569824,0.10000000149011612,0.5529880523681641,2.7351930141448975,0.5617390871047974,-1.1095393896102905,0.6418642997741699,1.0,1.0,512,1.1947669982910156,1282.993896484375,7.264569087846149e-14,0,0.9408196806907654,0.1,0.8468946814537048,1.0,1599.743896484375,95.73269552233991,0.5314514636993408,1.0,1.414213562372699,0.1299577760619121,exact_deterministic_ggn_2b,torch.float64,2.6768931959963993e-08,2.006003724960214e-15,6.497981726753808e-14,symmetrized_jacobi_fullfp64_chunked,1024,1.0,1e-06,paper_sgd_momentum_1e-6
14,0,-1.0437424182891846,0.6983596086502075,-1.0713427066802979,-2.008838653564453,0.08280058950185776,0.0,0.0007593750000000001,0.8268869519233704,267.46,8.05,252,0.5491833686828613,26,0.0987166315317154,-0.028307560831308365,0.031738970428705215,0.0005062500000000001,169,696320,1033.1189431631938,696320,4.225018501281738,0.10000000149011612,0.9268518686294556,3.360210418701172,0.7279484868049622,-1.134896993637085,1.274479627609253,1.0,1.0,512,1.987004280090332,1673.636962890625,1.0853341747599213e-13,0,0.9104427099227905,0.1,2.252915382385254,1.0,2207.2041015625,88.03132579756866,0.5491833686828613,1.0,1.4142135623730951,0.13594146224801992,exact_deterministic_ggn_2b,torch.float64,4.7488302357123757e-07,2.580390990229675e-15,1.0346254502175507e-13,symmetrized_jacobi_fullfp64_chunked,1024,1.0,1e-06,paper_sgd_momentum_1e-6
14,0,-1.1281852722167969,0.04311193525791168,-1.1189919710159302,-2.535954236984253,0.062281105667352676,0.0,0.00010000000000000003,1.0056939125061035,272.11,8.09,250,0.5710786581039429,26,0.0735887885093689,-0.03166014701128006,0.03179820254445076,0.0001,179,737280,1196.496051597409,737280,3.5600366592407227,0.10000000149011612,0.21858464181423187,2.9268908500671387,-0.004707100801169872,-1.1993463039398193,0.8702378273010254,1.0,1.0,512,1.3490731716156006,1712.995361328125,1.0760369459142516e-13,0,0.8755361437797546,0.1,1.2641031742095947,1.0,1681.2939453125,102.21996597699584,0.5710786581039429,1.0,1.4142135623730951,0.17739323392880865,exact_deterministic_ggn_2b,torch.float64,5.1707513826215745e-09,2.8984202658181764e-15,9.283923350918227e-14,symmetrized_jacobi_fullfp64_chunked,1024,1.0,1e-06,paper_sgd_momentum_1e-6
14,0,-1.1501495838165283,0.6643901467323303,-1.1535042524337769,-2.0563840866088867,0.06304408609867096,0.0,0.00033750000000000007,0.8767319321632385,254.97,7.31,252,0.522702693939209,26,0.11288668215274811,-0.07770229876041412,0.02916349470615387,0.00022500000000000005,189,778240,1359.1707421410829,778240,3.834017038345337,0.10000000149011612,0.448482871055603,4.369835376739502,0.05526059493422508,-1.1659801006317139,1.2619104385375977,1.0,1.0,512,1.3914802074432373,1825.0440673828125,9.53227086278453e-14,0,0.9565666913986206,0.1,2.003993511199951,1.0,2083.95703125,86.5689331487163,0.522702693939209,1.0,1.4142135614959903,0.14674407698494976,exact_deterministic_ggn_2b,torch.float64,7.251453837398003e-08,2.5140426519765818e-15,8.627427433828527e-14,symmetrized_jacobi_fullfp64_chunked,1024,1.0,1e-06,paper_sgd_momentum_1e-6
14,0,-1.1022042036056519,0.8746951222419739,-1.1384086608886719,-2.701713800430298,0.13457347452640533,0.0,0.0005062500000000001,1.061865210533142,256.49,8.83,252,0.5473429560661316,26,0.08756938576698303,-0.06966155767440796,0.05407651886343956,0.00033750000000000007,199,819200,1521.4317250964232,819200,4.393006324768066,0.10000000149011612,0.6199817657470703,5.411862373352051,0.0710439458489418,-1.1979496479034424,2.1302409172058105,1.0,1.0,512,0.750158429145813,1391.825439453125,7.727110466266583e-14,0,0.9135039448738098,0.1,1.0559093952178955,1.0,1567.03369140625,79.36150056393626,0.5473430156707764,1.0,1.4142135623730943,0.1585552841741113,exact_deterministic_ggn_2b,torch.float64,8.021838482363819e-08,2.247189083981671e-15,6.363883758092286e-14,symmetrized_jacobi_fullfp64_chunked,1024,1.0,1e-06,paper_sgd_momentum_1e-6
14,0,-1.1388673782348633,0.36822372674942017,-1.1516029834747314,-2.3590469360351562,0.07495546340942383,0.0,0.0005062500000000001,0.9442085027694702,300.2,9.58,250,0.5328574776649475,26,0.0671113058924675,-0.022831086069345474,0.02740352600812912,0.00033750000000000007,209,860160,1684.4090260453522,860160,4.419823169708252,0.10000000149011612,0.3996086120605469,4.032097339630127,0.07706638425588608,-1.1745837926864624,1.1434108018875122,1.0,1.0,512,1.3776311874389648,1593.711669921875,7.688235334756094e-14,0,0.9383372068405151,0.1,0.8057399988174438,1.0,1806.2484130859375,78.44842747829598,0.5328574776649475,1.0,1.4142135623730951,0.09703163746071815,exact_deterministic_ggn_2b,torch.float64,1.5543575671017607e-07,2.0740216473865257e-15,7.826055341861115e-14,symmetrized_jacobi_fullfp64_chunked,1024,1.0,1e-06,paper_sgd_momentum_1e-6
14,0,-1.1105554103851318,0.1796463131904602,-1.1198835372924805,-4.0342278480529785,0.08743131160736084,0.0,0.0007593750000000001,0.7846695780754089,287.18,8.67,252,0.5241639614105225,26,0.06280741095542908,-0.04416745901107788,0.04971951246261597,0.0005062500000000001,219,901120,1847.8662848840468,901120,10.0,0.10000000149011612,0.7685425281524658,3.846849203109741,0.48668378591537476,-1.1731858253479004,1.481215000152588,1.0,1.0,512,0.7986778616905212,1699.423095703125,4.62073100893332e-13,0,0.9538999795913696,0.1,3.258688449859619,1.0,2434.92041015625,102.76563641911659,0.5241639614105225,1.0,1.4142135623730951,0.1288348907590237,exact_deterministic_ggn_2b,torch.float64,2.0953660850864253e-07,1.3011982192304204e-14,3.223023371982184e-13,symmetrized_jacobi_fullfp64_chunked,1024,1.0,1e-06,paper_sgd_momentum_1e-6
14,0,-1.1363270282745361,0.09834893047809601,-1.1363877058029175,-3.290365219116211,0.09608379006385803,0.0,0.0011390625,0.8432140350341797,267.76,7.77,250,0.4646027982234955,26,0.08966191112995148,-0.1312246024608612,0.04176843911409378,0.0007593750000000001,229,942080,2010.3748749564402,942080,9.706473350524902,0.10000000149011612,0.6060917377471924,4.213591575622559,0.1564525067806244,-1.1818087100982666,1.7909069061279297,1.0,1.0,512,0.907443642616272,1874.8206787109375,9.561998047964624e-14,0,1.0,0.1,1.2936707735061646,1.0,2486.32080078125,161.98696021458858,0.46460282802581787,1.0,1.4142135623730951,0.09954879272625966,exact_deterministic_ggn_2b,torch.float64,5.886874419047672e-07,2.823642717453516e-15,8.903506735685752e-14,symmetrized_jacobi_fullfp64_chunked,1024,1.0,1e-06,paper_sgd_momentum_1e-6
14,0,-1.2098212242126465,0.5695662498474121,-1.1818958520889282,-3.4407341480255127,0.09023300558328629,0.0,0.00033750000000000007,0.9090031385421753,283.3,8.79,253,0.5178930759429932,26,0.0886889323592186,-0.028801480308175087,0.03978556767106056,0.00022500000000000005,239,983040,2173.1140332343057,983040,3.8332419395446777,0.10000000149011612,0.34973403811454773,3.857832431793213,0.04352830722928047,-1.170624852180481,1.3165663480758667,1.0,1.0,512,1.166176199913025,1966.1407470703125,1.0885178071144542e-13,0,0.9654502272605896,0.1,2.8403091430664062,1.0,2007.199462890625,176.50917357479412,0.5178930759429932,1.0,1.4142135623730951,0.14030507926806166,exact_deterministic_ggn_2b,torch.float64,6.190725798660424e-08,2.9481814584109563e-15,8.92379717865869e-14,symmetrized_jacobi_fullfp64_chunked,1024,1.0,1e-06,paper_sgd_momentum_1e-6
14,0,-1.1569225788116455,-0.05829388648271561,-1.1546531915664673,-2.3250904083251953,0.047649212181568146,0.0,0.00033750000000000007,1.0061116218566895,297.03,9.69,251,0.5664392113685608,26,0.07703623175621033,-0.06564022600650787,0.022612784057855606,0.00022500000000000005,249,1024000,2337.027851867024,1024000,4.748426914215088,0.15263280272483826,0.24812307953834534,4.5731072425842285,-0.0867743045091629,-1.1839808225631714,1.3670049905776978,1.0,1.0,512,1.088606834411621,2156.31201171875,1.4008769201022767e-13,0,0.8827072381973267,0.1,0.5760678648948669,1.0,1769.8165283203125,122.95930855033126,0.5664392113685608,1.0,1.4142135623723804,0.10371049294027158,exact_deterministic_ggn_2b,torch.float64,4.830833333357987e-08,4.133321487408438e-15,1.3298224140962126e-13,symmetrized_jacobi_fullfp64_chunked,1024,1.0,1e-06,paper_sgd_momentum_1e-6
14,0,-1.1687915325164795,1.0428000688552856,-1.1606336832046509,-3.175520896911621,0.07831159979104996,0.0,0.0011390625,0.8199072480201721,271.42,7.85,251,0.5273450613021851,26,0.1001071035861969,-0.06522870063781738,0.034046486020088196,0.0007593750000000001,259,1064960,2499.7950299941003,1064960,8.300385475158691,0.10000000149011612,0.6852500438690186,3.8114027976989746,0.14858153462409973,-1.1763322353363037,1.9559675455093384,1.0,1.0,512,1.1672258377075195,2291.922119140625,1.2447507352977438e-13,0,0.9481458067893982,0.1,1.3204920291900635,1.0,2493.7919921875,171.83511580318896,0.5273450613021851,1.0,1.4142135623730951,0.0836430197216611,exact_deterministic_ggn_2b,torch.float64,6.807226782257203e-07,3.4984850441780865e-15,1.1782849325124107e-13,symmetrized_jacobi_fullfp64_chunked,1024,1.0,1e-06,paper_sgd_momentum_1e-6
14,0,-1.1823325157165527,0.05987607315182686,-1.1800740957260132,-2.5682621002197266,0.05226660519838333,0.0,0.00022500000000000005,0.8285077214241028,297.53,8.76,252,0.5458487868309021,26,0.09206162393093109,-0.07470007240772247,0.029986880719661713,0.00015000000000000004,269,1105920,2662.426506806165,1105920,3.5352699756622314,0.10000000149011612,0.3949637711048126,3.601839542388916,0.23503504693508148,-1.1854578256607056,0.9753477573394775,1.0,1.0,512,1.6141129732131958,2498.5576171875,1.588930980966296e-13,0,0.9160045981407166,0.1,1.1767159700393677,1.0,2346.154541015625,209.0198300833334,0.5458487868309021,1.0,1.4142135623730951,0.12417185173217885,exact_deterministic_ggn_2b,torch.float64,3.4281850247452894e-08,4.1276013138112955e-15,1.441869608172889e-13,symmetrized_jacobi_fullfp64_chunked,1024,1.0,1e-06,paper_sgd_momentum_1e-6
14,0,-1.1648164987564087,0.25441011786460876,-1.176630973815918,-1.9418717622756958,0.03979308903217316,0.0,0.00010000000000000003,0.8128564357757568,293.26,8.03,251,0.4600315988063812,26,0.08650173246860504,-0.05676209554076195,0.01811739057302475,0.0001,279,1146880,2826.317022056319,1146880,3.583655595779419,0.10000000149011612,0.27841293811798096,3.727505922317505,0.050096478313207626,-1.1929062604904175,0.9712167978286743,1.0,1.0,512,1.5140589475631714,2380.60986328125,1.0729245140136947e-13,0,1.0,0.1,1.5334391593933105,1.0,2505.084228515625,200.21842103169524,0.4600315988063812,1.0,1.4142135623730943,0.10770162404407618,exact_deterministic_ggn_2b,torch.float64,7.57029372522311e-09,2.8150203835231716e-15,9.790776166827939e-14,symmetrized_jacobi_fullfp64_chunked,1024,1.0,1e-06,paper_sgd_momentum_1e-6
14,0,-1.2195699214935303,0.04852965846657753,-1.194614052772522,-4.726986885070801,0.10434572398662567,0.0,0.0005062500000000001,0.7893502712249756,268.33,9.24,250,0.525729775428772,26,0.07650142908096313,-0.02595171332359314,0.06511072814464569,0.00033750000000000007,289,1187840,2990.1422681380063,1187840,4.210240364074707,0.10000000149011612,0.6123700141906738,3.626244068145752,0.2530564069747925,-1.1971300840377808,1.6216700077056885,1.0,1.0,512,1.0504777431488037,2421.4208984375,1.2581651054719939e-13,0,0.9510588049888611,0.1,4.423417091369629,1.0,2768.9638671875,304.0869292922842,0.5257298350334167,1.0,1.4142135623730951,0.1104179426184132,exact_deterministic_ggn_2b,torch.float64,1.217591858448941e-07,3.085669261465901e-15,1.1965007938609672e-13,symmetrized_jacobi_fullfp64_chunked,1024,1.0,1e-06,paper_sgd_momentum_1e-6
14,0,-1.1684386730194092,0.09163090586662292,-1.1912238597869873,-3.483057737350464,0.05681219696998596,0.0,0.0001,0.7967945337295532,296.86,8.21,250,0.49785012006759644,26,0.10649969428777695,-0.04736017435789108,0.019866805523633957,0.0001,299,1228800,3154.0984414671548,1228800,4.444853782653809,0.10000000149011612,0.24682147800922394,3.5051238536834717,-0.14761441946029663,-1.20590078830719,1.3371870517730713,1.0,1.0,512,2.6708767414093018,2317.17138671875,1.30391397287592e-13,0,1.0,0.1,1.984822154045105,1.0,2654.615966796875,130.4623465545578,0.49785012006759644,1.0,1.4142135623730951,0.15079003114648568,exact_deterministic_ggn_2b,torch.float64,1.3354382488728334e-08,2.8200272638781363e-15,1.2479138030418893e-13,symmetrized_jacobi_fullfp64_chunked,1024,1.0,1e-06,paper_sgd_momentum_1e-6
14,0,-1.1768083572387695,0.4118330180644989,-1.1780675649642944,-2.2441160678863525,0.039493802934885025,0.0,0.0001,0.7164914011955261,295.51,8.99,247,0.5009976029396057,26,0.06078849732875824,-0.021618809551000595,0.022503111511468887,0.0001,309,1269760,3318.3277125712484,1269760,4.258962631225586,0.18298691511154175,0.7269364595413208,3.8430914878845215,0.5068178772926331,-1.2327250242233276,1.5475645065307617,1.0,1.0,512,1.5619035959243774,2751.854248046875,2.1715793303626778e-13,0,0.9980089068412781,0.1,1.8329524993896484,1.0,3246.8623046875,243.95930986186076,0.5009975433349609,1.0,1.4142135623730951,0.11908733941352864,exact_deterministic_ggn_2b,torch.float64,7.77844988419929e-09,5.652065058605325e-15,2.1360374429519534e-13,symmetrized_jacobi_fullfp64_chunked,1024,1.0,1e-06,paper_sgd_momentum_1e-6
14,0,-1.2013943195343018,-0.05636763200163841,-1.1918988227844238,-2.980820417404175,0.05153387039899826,0.0,0.00022500000000000005,0.7300825715065002,315.78,8.26,251,0.5243337750434875,26,0.1166629046201706,-0.06988193839788437,0.028322380036115646,0.00015000000000000004,319,1310720,3482.8375847954303,1310720,4.627108097076416,0.10000000149011612,-0.11479520052671432,2.0684258937835693,-0.3342985212802887,-1.2122550010681152,0.460964173078537,1.0,1.0,512,3.5020079612731934,3317.904052734375,2.065055654437637e-13,0,0.9535911679267883,0.1,0.8566546440124512,1.0,2694.41796875,214.70525567364197,0.5243337154388428,1.0,1.4142135623730205,0.08810466008854233,exact_deterministic_ggn_2b,torch.float64,8.060771250484322e-08,4.143745109015384e-15,2.0785510166857532e-13,symmetrized_jacobi_fullfp64_chunked,1024,1.0,1e-06,paper_sgd_momentum_1e-6
14,0,-1.2060894966125488,-0.24070389568805695,-1.2049081325531006,-3.3823368549346924,0.04436100646853447,0.0,0.0005062500000000001,0.7496529817581177,272.47,7.33,251,0.5185215473175049,26,0.063320092856884,-0.028328590095043182,0.017334893345832825,0.00033750000000000007,329,1351680,3647.077640656382,1351680,5.910550594329834,0.10000000149011612,0.3761727511882782,2.1855838298797607,0.254307359457016,-1.2218713760375977,0.8185117244720459,1.0,1.0,512,2.481642007827759,3831.1923828125,3.263721953124815e-13,0,0.9642800688743591,0.1,0.5376545786857605,1.0,3510.177001953125,374.43385858511704,0.5185215473175049,1.0,1.4142135623730623,0.08023171997538209,exact_deterministic_ggn_2b,torch.float64,2.956960827305011e-07,7.54343123766786e-15,3.138827173740127e-13,symmetrized_jacobi_fullfp64_chunked,1024,1.0,1e-06,paper_sgd_momentum_1e-6
14,0,-1.2277154922485352,-0.08667710423469543,-1.186203122138977,-4.980667591094971,0.16495375335216522,0.0,0.0005062500000000001,0.5895744562149048,250.36,7.51,251,0.5511972904205322,26,0.16185472905635834,-0.09737329185009003,0.020392946898937225,0.00033750000000000007,339,1392640,3811.2896232884377,1392640,2.914422035217285,0.10000000149011612,0.5460765361785889,3.0600736141204834,0.35763341188430786,-1.2288349866867065,1.0592803955078125,1.0,1.0,512,24.1875,3706.81396484375,1.827522660205828e-13,0,0.9071161150932312,0.1,3.4479594230651855,1.0,3948.26416015625,328.36594457524,0.551197350025177,1.0,1.4142135623730951,0.09318690560843448,exact_deterministic_ggn_2b,torch.float64,2.550450062699383e-06,1.58255449055375e-15,1.498717412550001e-13,symmetrized_jacobi_fullfp64_chunked,1024,1.0,1e-06,paper_sgd_momentum_1e-6
14,0,-1.2468258142471313,-0.2918442189693451,-1.2257148027420044,-4.368466854095459,0.06946112215518951,0.0,0.00022500000000000005,0.7598880529403687,321.51,10.2,251,0.4775545001029968,26,0.10595139861106873,-0.027603045105934143,0.029603909701108932,0.00015000000000000004,349,1433600,3976.4052653512917,1433600,6.103644371032715,0.10000000149011612,0.600906491279602,2.962284564971924,0.47696593403816223,-1.2333459854125977,1.2732455730438232,1.0,1.0,512,3.717468023300171,3426.996826171875,1.7228982355721033e-13,0,1.0,0.1,1.135342001914978,1.0,3444.341796875,283.21014885360535,0.4775545001029968,1.0,1.4142135623500354,0.08062802460197323,exact_deterministic_ggn_2b,torch.float64,9.409840373564293e-08,3.3918602266451124e-15,1.6147427852138424e-13,symmetrized_jacobi_fullfp64_chunked,1024,1.0,1e-06,paper_sgd_momentum_1e-6
14,0,-1.2144323587417603,0.3415154814720154,-1.2134058475494385,-2.318197250366211,0.04930964857339859,0.0,0.0005062500000000001,0.6828776001930237,296.68,9.39,251,0.5419302582740784,26,0.0741334855556488,-0.0421844907104969,0.027510352432727814,0.00033750000000000007,359,1474560,4140.06246275641,1474560,4.277273178100586,0.10000000149011612,0.38626182079315186,4.267080307006836,0.07355795055627823,-1.240126371383667,1.0372682809829712,1.0,1.0,512,1.7684736251831055,2533.1962890625,1.4418044552713628e-13,0,0.9226279258728027,0.1,2.240307331085205,1.0,3049.056396484375,173.9418275580747,0.5419302582740784,1.0,1.4142135623730951,0.11229997351194593,exact_deterministic_ggn_2b,torch.float64,1.929087147800601e-07,3.521026113859811e-15,1.3319661794650992e-13,symmetrized_jacobi_fullfp64_chunked,1024,1.0,1e-06,paper_sgd_momentum_1e-6
13,0,-1.2303900718688965,0.201472669839859,-1.2358018159866333,-4.4172587394714355,0.11063117533922195,0.0,0.00022500000000000005,0.5515522956848145,292.09,8.16,251,0.5246526598930359,26,0.08608493208885193,-0.06247129291296005,0.050836339592933655,0.00015000000000000004,369,1515520,4304.1114633781835,1515520,7.8705973625183105,0.10000000149011612,0.5211659073829651,3.1428356170654297,0.1541254073381424,-1.2743780612945557,1.2333792448043823,1.0,1.0,512,2.664902925491333,3115.06298828125,2.4728028316856434e-13,0,0.9530114531517029,0.1,2.658130168914795,1.0,3573.83251953125,180.7705440913642,0.5246526598930359,1.0,1.4142135623730951,0.053385101649926374,exact_deterministic_ggn_2b,torch.float64,6.126503393488747e-08,5.201665598817563e-15,2.378822903338615e-13,symmetrized_jacobi_fullfp64_chunked,1024,1.0,1e-06,paper_sgd_momentum_1e-6
14,0,-1.2355960607528687,0.49092936515808105,-1.2359007596969604,-4.4176506996154785,0.08768805116415024,0.0,0.0005062500000000001,0.7351483106613159,281.65,8.03,251,0.4821709990501404,26,0.10954771935939789,-0.07922818511724472,0.03284883499145508,0.00033750000000000007,379,1556480,4467.638836755417,1556480,3.293259382247925,0.10000000149011612,0.10259674489498138,3.7589597702026367,-0.22167539596557617,-1.2480213642120361,1.0401350259780884,1.0,1.0,512,1.4444947242736816,3391.40185546875,1.2989528132804014e-13,0,1.0,0.1,2.934528350830078,1.0,2887.020263671875,210.85792879008633,0.48217102885246277,1.0,1.4142135623730692,0.07486798538297323,exact_deterministic_ggn_2b,torch.float64,1.8510409915961645e-07,3.3271428857992188e-15,1.0932483748326891e-13,symmetrized_jacobi_fullfp64_chunked,1024,1.0,1e-06,paper_sgd_momentum_1e-6
14,0,-1.2534738779067993,0.10313548892736435,-1.2349488735198975,-4.615836143493652,0.06495608389377594,0.0,0.00033750000000000007,0.8257914781570435,297.36,8.96,251,0.44917726516723633,26,0.08188790082931519,-0.06363545358181,0.04749833047389984,0.00022500000000000005,389,1597440,4631.503211793024,1597440,2.806185483932495,0.10000000149011612,0.21368706226348877,3.3535940647125244,-0.1037152111530304,-1.2533749341964722,1.0502904653549194,1.0,1.0,512,1.1609318256378174,2846.2568359375,1.7655718792271057e-13,0,1.0,0.1,2.147498846054077,1.0,2438.198486328125,200.6218951754308,0.44917726516723633,1.0,1.414213562373061,0.13596727554392846,exact_deterministic_ggn_2b,torch.float64,6.611869451944585e-08,4.73913522404332e-15,1.597882665632235e-13,symmetrized_jacobi_fullfp64_chunked,1024,1.0,1e-06,paper_sgd_momentum_1e-6
14,0,-1.272857904434204,-0.17906023561954498,-1.2603071928024292,-2.171491861343384,0.04418433830142021,0.0,0.00015000000000000004,0.864129900932312,270.25,7.32,252,0.5153117775917053,26,0.06505259871482849,-0.010550972074270248,0.01692817732691765,0.00010000000000000003,399,1638400,4794.324665665161,1638400,6.810701370239258,0.16590699553489685,0.1195974126458168,3.5178043842315674,-0.2505824863910675,-1.255373239517212,1.1253077983856201,1.0,1.0,512,1.262973666191101,3759.260986328125,2.80913604420735e-13,0,0.9702863693237305,0.1,0.3097347617149353,1.0,2605.74658203125,316.07678970766614,0.5153117775917053,1.0,1.4142135623730574,0.08808426455771222,exact_deterministic_ggn_2b,torch.float64,1.3376629581784982e-08,8.126972887620896e-15,2.554341203600139e-13,symmetrized_jacobi_fullfp64_chunked,1024,1.0,1e-06,paper_sgd_momentum_1e-6
14,0,-1.2416144609451294,-0.1906760185956955,-1.2404570579528809,-6.2156829833984375,0.08892301470041275,0.0,0.0007593750000000001,0.737156867980957,259.04,6.54,250,0.5268383622169495,26,0.07046585530042648,-0.05584889277815819,0.040866266936063766,0.0005062500000000001,409,1679360,4957.171535898,1679360,4.53437614440918,0.10000000149011612,-0.04268893599510193,2.9061498641967773,-0.36004623770713806,-1.2558704614639282,0.84344881772995,1.0,1.0,512,1.674131989479065,3464.086669921875,1.705632884093771e-13,0,0.9490576982498169,0.1,7.088416576385498,1.0,2715.00732421875,206.05301679158802,0.5268383622169495,1.0,1.4142135623730951,0.08128727672298487,exact_deterministic_ggn_2b,torch.float64,4.3476796918184846e-07,3.9928378413034215e-15,1.5684525656716123e-13,symmetrized_jacobi_fullfp64_chunked,1024,1.0,1e-06,paper_sgd_momentum_1e-6
14,0,-1.2667700052261353,-0.2518375515937805,-1.2546544075012207,-2.31352162361145,0.034139543771743774,0.0,0.00033750000000000007,0.8877750635147095,278.65,7.89,251,0.5235207676887512,26,0.07029055804014206,-0.05963059514760971,0.01682828553020954,0.00022500000000000005,419,1720320,5121.015097620431,1720320,2.5496206283569336,0.11233597248792648,-0.2470465898513794,1.6756011247634888,-0.3007141649723053,-1.26858389377594,0.3373483121395111,1.0,1.0,512,2.0849010944366455,4015.255615234375,2.546217893720377e-13,0,0.9550718665122986,0.1,0.4031832218170166,1.0,2262.34521484375,210.57169832782847,0.523520827293396,1.0,1.4142135599767889,0.12536872402429866,exact_deterministic_ggn_2b,torch.float64,1.0831164587443709e-07,6.406046788181552e-15,2.4983800145719076e-13,symmetrized_jacobi_fullfp64_chunked,1024,1.0,1e-06,paper_sgd_momentum_1e-6
14,0,-1.230209469795227,-0.1877245306968689,-1.2423901557922363,-2.6528701782226562,0.06486427783966064,0.0,0.0007593750000000001,0.7614408135414124,289.93,7.76,252,0.5343694686889648,26,0.08800894767045975,-0.046341024339199066,0.03591594845056534,0.0005062500000000001,429,1761280,5284.131358608138,1761280,4.598692893981934,0.10000000149011612,0.5309023261070251,3.5211336612701416,0.15120728313922882,-1.2644305229187012,1.7575727701187134,1.0,1.0,512,2.4025089740753174,3790.51708984375,1.8556375109533108e-13,0,0.9356821775436401,0.1,2.524979829788208,1.0,3020.24365234375,214.61751860683876,0.5343694686889648,1.0,1.4142135623730951,0.075313819583573,exact_deterministic_ggn_2b,torch.float64,6.064630042601493e-07,4.13476106825134e-15,1.4972707465507577e-13,symmetrized_jacobi_fullfp64_chunked,1024,1.0,1e-06,paper_sgd_momentum_1e-6
14,0,-1.2510641813278198,0.4983203113079071,-1.2502650022506714,-2.3140852451324463,0.04110055789351463,0.0,0.00033750000000000007,0.7859213352203369,288.39,7.27,251,0.5391774773597717,26,0.08527784049510956,-0.05647943168878555,0.02688799798488617,0.00022500000000000005,439,1802240,5446.975462737028,1802240,3.602647066116333,0.10000000149011612,-0.06404729932546616,2.7495296001434326,-0.34092697501182556,-1.2660880088806152,0.8815615177154541,1.0,1.0,512,3.1266064643859863,2797.944091796875,2.3119943660651533e-13,0,0.9273383617401123,0.1,1.120232105255127,1.0,2351.66552734375,208.72866336101688,0.5391775369644165,1.0,1.4142135623679268,0.10185117682562403,exact_deterministic_ggn_2b,torch.float64,1.5313247558879084e-07,4.7123184497381805e-15,2.1074290080074958e-13,symmetrized_jacobi_fullfp64_chunked,1024,1.0,1e-06,paper_sgd_momentum_1e-6
14,0,-1.2290005683898926,-0.1937309205532074,-1.2427855730056763,-2.168614387512207,0.04587457329034805,0.0,0.00033750000000000007,0.8180233240127563,286.64,8.28,253,0.49459999799728394,26,0.08221612870693207,-0.03386028856039047,0.02145678922533989,0.00022500000000000005,449,1843200,5609.559458135162,1843200,6.780313968658447,0.10000000149011612,0.1639087200164795,4.114744663238525,0.027015088126063347,-1.2825953960418701,1.103804111480713,1.0,1.0,512,2.232686996459961,4021.19970703125,2.727457613256291e-13,0,1.0,0.1,0.6284005641937256,1.0,2866.373046875,289.7499079541235,0.49459999799728394,1.0,1.4142135623423262,0.0795608432078917,exact_deterministic_ggn_2b,torch.float64,1.2715850061795209e-07,6.612377686830867e-15,2.1884955449327938e-13,symmetrized_jacobi_fullfp64_chunked,1024,1.0,1e-06,paper_sgd_momentum_1e-6
14,0,-1.2508459091186523,-0.4210100769996643,-1.2474333047866821,-2.4271275997161865,0.0318356417119503,0.0,0.00033750000000000007,0.7692170739173889,280.66,7.5,250,0.4840966761112213,26,0.08360637724399567,-0.034850746393203735,0.018072500824928284,0.00022500000000000005,459,1884160,5772.761955728289,1884160,3.4201555252075195,0.10000000149011612,-0.21883881092071533,2.070197820663452,-0.5098887085914612,-1.2631438970565796,0.4839690625667572,1.0,1.0,512,2.1710872650146484,3890.01220703125,1.9628788029391147e-13,0,1.0,0.1,0.6533848643302917,1.0,2454.0390625,199.24012656065358,0.4840966463088989,1.0,1.414213562361617,0.08165864058206583,exact_deterministic_ggn_2b,torch.float64,1.236502100709913e-07,4.8258174466512914e-15,1.9174517098126553e-13,symmetrized_jacobi_fullfp64_chunked,1024,1.0,1e-06,paper_sgd_momentum_1e-6
14,0,-1.2845919132232666,-0.3596966862678528,-1.272248387336731,-3.909944772720337,0.06660554558038712,0.0,0.00022500000000000005,0.7253556251525879,287.15,8.23,251,0.5309051871299744,26,0.07719696313142776,-0.05026804655790329,0.03791214898228645,0.00015000000000000004,469,1925120,5936.009560693987,1925120,5.128824234008789,0.10000000149011612,-0.04456749185919762,1.9601324796676636,-0.2773236930370331,-1.2684844732284546,0.5400115251541138,1.0,1.0,512,3.7973172664642334,3065.968017578125,1.3272794081619527e-13,0,0.941787838935852,0.1,1.113254427909851,1.0,2628.7470703125,165.47358704560904,0.5309051275253296,1.0,1.4142135623730951,0.1402630538309552,exact_deterministic_ggn_2b,torch.float64,8.52546406804322e-08,2.5612247400986736e-15,1.207557163818855e-13,symmetrized_jacobi_fullfp64_chunked,1024,1.0,1e-06,paper_sgd_momentum_1e-6
14,0,-1.259767770767212,-0.2456493228673935,-1.2621557712554932,-3.037993907928467,0.06360405683517456,0.0,0.00015000000000000004,0.802824854850769,295.63,7.4,253,0.49548739194869995,26,0.0753585696220398,0.013416562229394913,0.028894975781440735,0.00010000000000000003,479,1966080,6098.652026445139,1966080,6.33805513381958,0.10000000149011612,0.09413304924964905,2.6408731937408447,-0.1225406751036644,-1.2704386711120605,0.8607679009437561,1.0,1.0,512,2.3639438152313232,3453.41357421875,2.334530975272737e-13,0,1.0,0.1,0.4902615249156952,1.0,2674.17431640625,266.7395502274447,0.49548739194869995,1.0,1.4142135623730934,0.05831743957661283,exact_deterministic_ggn_2b,torch.float64,2.659436937335613e-08,5.517303598945333e-15,2.367705916770113e-13,symmetrized_jacobi_fullfp64_chunked,1024,1.0,1e-06,paper_sgd_momentum_1e-6
14,0,-1.2682948112487793,0.044900573790073395,-1.2659716606140137,-2.5742835998535156,0.061205413192510605,0.0,0.00015000000000000004,0.6685384511947632,300.93,8.64,250,0.5850316882133484,26,0.09019674360752106,-0.03953653201460838,0.03276192024350166,0.00010000000000000003,489,2007040,6261.560666816309,2007040,4.372363090515137,0.10000000149011612,0.49800199270248413,3.287085771560669,0.25405153632164,-1.2838921546936035,1.4825422763824463,1.0,1.0,512,1.6305805444717407,3421.27099609375,2.213688518523912e-13,0,0.8546545505523682,0.1,1.9881867170333862,1.0,3069.153076171875,247.9226233103942,0.5850316882133484,1.0,1.4142135623730872,0.09425586032069024,exact_deterministic_ggn_2b,torch.float64,1.3399111153944432e-08,5.514160893445197e-15,2.0111950591656856e-13,symmetrized_jacobi_fullfp64_chunked,1024,1.0,1e-06,paper_sgd_momentum_1e-6
14,0,-1.2848050594329834,-0.24733182787895203,-1.2870408296585083,-3.7345664501190186,0.058916475623846054,0.0,0.00015000000000000004,0.7698098421096802,289.99,6.9,252,0.49797239899635315,26,0.10788541287183762,-0.040344610810279846,0.02882714569568634,0.00010000000000000003,499,2048000,6425.027963958215,2048000,5.41990327835083,0.10000000149011612,-0.007814418524503708,2.8133645057678223,-0.45323097705841064,-1.276532769203186,1.1570652723312378,1.0,1.0,512,2.5551586151123047,4063.820556640625,3.8626555215561656e-13,0,1.0,0.1,1.3889622688293457,1.0,2473.44873046875,263.284604447144,0.49797239899635315,1.0,1.4142135623730951,0.08163032256470829,exact_deterministic_ggn_2b,torch.float64,2.8745537505869834e-08,8.678389548356353e-15,3.6017071628617987e-13,symmetrized_jacobi_fullfp64_chunked,1024,1.0,1e-06,paper_sgd_momentum_1e-6
14,0,-1.2667198181152344,-0.5162339806556702,-1.2759015560150146,-3.471418619155884,0.04468066617846489,0.0,0.00033750000000000007,0.7353556752204895,338.24,8.71,251,0.47549447417259216,26,0.04752599447965622,-0.007973406463861465,0.01779615320265293,0.00022500000000000005,509,2088960,6588.157462893985,2088960,4.814942836761475,0.18800076842308044,-0.10286176949739456,2.2869653701782227,-0.37434104084968567,-1.2947802543640137,0.7711282968521118,1.0,1.0,512,1.7823086977005005,3266.78173828125,3.635015380666654e-13,0,1.0,0.1,1.6321616172790527,1.0,1970.0953369140625,233.24522180862326,0.47549447417259216,1.0,1.4142135623461976,0.09210855918680429,exact_deterministic_ggn_2b,torch.float64,1.0150804996555962e-07,9.338621948607148e-15,3.0032653467215147e-13,symmetrized_jacobi_fullfp64_chunked,1024,1.0,1e-06,paper_sgd_momentum_1e-6
14,0,-1.2501163482666016,-0.3292389512062073,-1.2545958757400513,-2.1607906818389893,0.04462416470050812,0.0,0.0005062500000000001,0.7656679153442383,313.95,8.53,252,0.550944983959198,26,0.07439707219600677,-0.04034357890486717,0.02206856571137905,0.00033750000000000007,519,2129920,6751.059470651206,2129920,3.2381768226623535,0.1504124402999878,0.09448301792144775,2.1232919692993164,-0.045525725930929184,-1.2838282585144043,0.5987229943275452,1.0,1.0,512,1.638597011566162,4320.11669921875,3.825493008041086e-13,0,0.9075316190719604,0.1,1.0167243480682373,1.0,2944.781494140625,251.02059921042698,0.550944983959198,1.0,1.4142135599423975,0.05854475507353515,exact_deterministic_ggn_2b,torch.float64,1.72940133325028e-07,1.0040921248422266e-14,3.5926386008249664e-13,symmetrized_jacobi_fullfp64_chunked,1024,1.0,1e-06,paper_sgd_momentum_1e-6
14,0,-1.296203851699829,-0.12266473472118378,-1.2941099405288696,-2.7742676734924316,0.0364716462790966,0.0,0.00015000000000000004,0.8139001131057739,305.5,6.77,254,0.4812191426753998,26,0.09339301288127899,-0.06264433264732361,0.021561913192272186,0.00010000000000000003,529,2170880,6913.964357023127,2170880,3.3782520294189453,0.10000000149011612,-0.3350690007209778,1.6948555707931519,-0.48844072222709656,-1.288021206855774,0.3678567409515381,1.0,1.0,512,3.0030300617218018,4850.37841796875,4.526970349228888e-13,0,1.0,0.1,1.140452265739441,1.0,2312.265380859375,213.81160567148024,0.4812191426753998,1.0,1.4142135623468302,0.05687879378044843,exact_deterministic_ggn_2b,torch.float64,3.378409019205719e-08,9.878382490219094e-15,3.96213265111789e-13,symmetrized_jacobi_fullfp64_chunked,1024,1.0,1e-06,paper_sgd_momentum_1e-6
14,0,-1.2978177070617676,-0.35218286514282227,-1.2722787857055664,-4.071017742156982,0.08170845359563828,0.0,0.00015000000000000004,0.6225513815879822,300.8,6.92,253,0.5413573384284973,26,0.11867975443601608,-0.07492056488990784,0.021589111536741257,0.00010000000000000003,539,2211840,7076.513280904386,2211840,5.507478713989258,0.10000000149011612,-0.07633925974369049,2.181575298309326,-0.2920679748058319,-1.2915030717849731,0.5776780247688293,1.0,1.0,512,21.785289764404297,5220.041015625,2.871522921862966e-13,0,0.9236043691635132,0.1,1.8390047550201416,1.0,3128.534912109375,326.2698941170921,0.5413573384284973,1.0,1.4142135623712677,0.09637624136295217,exact_deterministic_ggn_2b,torch.float64,2.090681618938106e-07,2.6179135422146234e-15,2.5929422712845655e-13,symmetrized_jacobi_fullfp64_chunked,1024,1.0,1e-06,paper_sgd_momentum_1e-6
14,0,-1.2533128261566162,0.20176605880260468,-1.2778774499893188,-2.095309257507324,0.050261035561561584,0.0,0.00022500000000000005,0.6179330348968506,346.42,8.49,252,0.5359367728233337,26,0.07684583961963654,-0.015002412721514702,0.019912870600819588,0.00015000000000000004,549,2252800,7239.189836602192,2252800,2.891244411468506,0.10000000149011612,0.30286529660224915,2.675581216812134,0.31394463777542114,-1.2971831560134888,0.802349328994751,1.0,1.0,512,6.6944427490234375,4730.775390625,5.488168278512581e-13,0,0.9329458475112915,0.1,2.343750476837158,1.0,3712.87841796875,336.95636507085413,0.5359367728233337,1.0,1.414213562373094,0.07324137705550514,exact_deterministic_ggn_2b,torch.float64,1.4748992782642745e-07,8.570448606306021e-15,5.138428367060034e-13,symmetrized_jacobi_fullfp64_chunked,1024,1.0,1e-06,paper_sgd_momentum_1e-6
14,0,-1.282895803451538,0.4617246687412262,-1.2868601083755493,-2.5471832752227783,0.04927791655063629,0.0,0.0005062500000000001,0.6288416385650635,307.02,9.23,251,0.49504637718200684,26,0.06164814531803131,-0.010957135818898678,0.023680560290813446,0.00033750000000000007,559,2293760,7402.645411366131,2293760,4.394646644592285,0.13338521122932434,0.042652711272239685,2.5901498794555664,-0.15128491818904877,-1.3016046285629272,0.7791810035705566,1.0,1.0,512,2.0394458770751953,4388.3515625,3.6029307598833586e-13,0,1.0,0.1,1.9864221811294556,1.0,2869.21484375,317.37735880555954,0.49504637718200684,1.0,1.4142135623704695,0.07143324629259173,exact_deterministic_ggn_2b,torch.float64,2.613438425669301e-07,8.723576235085257e-15,3.0512067368873284e-13,symmetrized_jacobi_fullfp64_chunked,1024,1.0,1e-06,paper_sgd_momentum_1e-6
14,0,-1.2946875095367432,-0.5231963396072388,-1.2986384630203247,-2.294508457183838,0.029358787462115288,0.0,0.00015000000000000004,0.5919326543807983,295.13,7.72,252,0.5066578984260559,26,0.08904023468494415,-0.05238848179578781,0.01705292984843254,0.00010000000000000003,569,2334720,7565.932824652176,2334720,3.666696786880493,0.10000000149011612,-0.09511106461286545,2.2953171730041504,-0.24231386184692383,-1.3100537061691284,0.4502001702785492,1.0,1.0,512,10.074520111083984,6172.0712890625,3.8040301865327374e-13,0,0.9868592023849487,0.1,0.8936212062835693,1.0,4352.8896484375,349.8762748961491,0.5066578984260559,1.0,1.4142135623730385,0.07650069873325144,exact_deterministic_ggn_2b,torch.float64,1.1037923286494333e-07,5.01331386637639e-15,3.043791268530068e-13,symmetrized_jacobi_fullfp64_chunked,1024,1.0,1e-06,paper_sgd_momentum_1e-6
14,0,-1.2624201774597168,-0.45269566774368286,-1.2716418504714966,-2.640119791030884,0.046940091997385025,0.0,0.00033750000000000007,0.6811579465866089,305.33,7.0,251,0.48236986994743347,26,0.07902583479881287,-0.029978668317198753,0.02177632972598076,0.00022500000000000005,579,2375680,7729.309609360993,2375680,4.289736747741699,0.10000000149011612,0.13125094771385193,2.2977609634399414,-0.08850960433483124,-1.342040777206421,0.7001748085021973,1.0,1.0,512,2.5343408584594727,6404.1171875,4.4192183614094225e-13,0,1.0,0.1,1.0922918319702148,1.0,3682.560546875,351.22353541080275,0.48236989974975586,1.0,1.4142135623730712,0.0854410113417876,exact_deterministic_ggn_2b,torch.float64,1.4433864237162197e-07,1.0223770365497434e-14,3.664420846234905e-13,symmetrized_jacobi_fullfp64_chunked,1024,1.0,1e-06,paper_sgd_momentum_1e-6
14,0,-1.3072515726089478,-0.05024583265185356,-1.2993078231811523,-2.6856400966644287,0.042267922312021255,0.0,0.00010000000000000003,0.7128350734710693,338.75,8.46,247,0.47375890612602234,26,0.06134019047021866,-0.032449059188365936,0.030270323157310486,0.0001,589,2416640,7893.472538997419,2416640,4.316676616668701,0.10000000149011612,-0.04913930967450142,2.070711135864258,-0.32912805676460266,-1.3101149797439575,0.5814543962478638,1.0,1.0,512,2.7910308837890625,6604.9755859375,4.950532434098278e-13,0,1.0,0.1,1.0058910846710205,1.0,3345.62939453125,342.6181413966439,0.47375890612602234,1.0,1.4142135623719148,0.06487955581117133,exact_deterministic_ggn_2b,torch.float64,1.3955153477240856e-08,1.0999042909523956e-14,5.074970186547066e-13,symmetrized_jacobi_fullfp64_chunked,1024,1.0,1e-06,paper_sgd_momentum_1e-6
14,0,-1.3163237571716309,-0.43173664808273315,-1.2958686351776123,-3.1219353675842285,0.04848243296146393,0.0,0.00010000000000000003,0.7287473678588867,334.34,8.75,252,0.5505438446998596,26,0.07835179567337036,-0.03914320468902588,0.029662735760211945,0.0001,599,2457600,8057.36676379526,2457600,3.3468291759490967,0.11440753936767578,-0.11570055782794952,2.242534875869751,-0.33312463760375977,-1.3134386539459229,0.4993192255496979,1.0,1.0,512,2.464114189147949,5910.837890625,3.4847180566045096e-13,0,0.9081928730010986,0.1,1.1230024099349976,1.0,2725.2060546875,265.9487988913972,0.5505438446998596,1.0,1.4142135623703338,0.08174644470097432,exact_deterministic_ggn_2b,torch.float64,1.0162181318662533e-08,8.174167380127929e-15,3.2233411428136405e-13,symmetrized_jacobi_fullfp64_chunked,1024,1.0,1e-06,paper_sgd_momentum_1e-6
14,0,-1.2732445001602173,0.18688195943832397,-1.2938696146011353,-2.015777826309204,0.039041344076395035,0.0,0.00033750000000000007,0.7665270566940308,322.09,8.23,252,0.46412280201911926,26,0.10783103853464127,-0.05545961484313011,0.01541049499064684,0.00022500000000000005,609,2498560,8220.337898555212,2498560,10.0,0.10000000149011612,0.09539531171321869,3.586967945098877,-0.2891467809677124,-1.3165847063064575,1.0351858139038086,1.0,1.0,512,6.84296989440918,5974.00341796875,3.3320286140597677e-13,0,1.0,0.1,6.954580307006836,1.0,3530.627197265625,302.4022560928769,0.46412280201911926,1.0,1.4142135623730951,0.04929319541532703,exact_deterministic_ggn_2b,torch.float64,3.897285409948381e-07,5.020178563228352e-15,2.580657400045017e-13,symmetrized_jacobi_fullfp64_chunked,1024,1.0,1e-06,paper_sgd_momentum_1e-6
14,0,-1.2998875379562378,0.26226717233657837,-1.2821835279464722,-3.764192819595337,0.06876351684331894,0.0,0.00022500000000000005,0.6001675724983215,338.69,9.01,251,0.46668875217437744,26,0.10138314962387085,-0.03938132897019386,0.04846598580479622,0.00015000000000000004,619,2539520,8383.298979611136,2539520,4.92793083190918,0.10000000149011612,0.1540953665971756,2.8771824836730957,-0.08177100867033005,-1.3194602727890015,0.7292993664741516,1.0,1.0,512,3.6612024307250977,6448.2626953125,2.6127437520382293e-13,0,1.0,0.1,2.2945690155029297,1.0,4191.61865234375,325.68615145371274,0.46668878197669983,1.0,1.4142135623730947,0.08196985989808306,exact_deterministic_ggn_2b,torch.float64,9.267418477065803e-08,5.022485138430893e-15,2.3492918410395125e-13,symmetrized_jacobi_fullfp64_chunked,1024,1.0,1e-06,paper_sgd_momentum_1e-6
14,0,-1.3096745014190674,-0.286205917596817,-1.3091681003570557,-3.116492986679077,0.05355731397867203,0.0,0.00010000000000000003,0.6520445942878723,342.83,9.16,251,0.5125432014465332,26,0.0678723156452179,-0.034163352102041245,0.028592020273208618,0.0001,629,2580480,8546.822864877991,2580480,2.953819990158081,0.10000000149011612,-0.020260192453861237,3.284907817840576,-0.4439815580844879,-1.3216829299926758,1.0428941249847412,1.0,1.0,512,3.9850025177001953,5650.1533203125,3.8218398605735523e-13,0,0.9755275249481201,0.1,1.8902852535247803,1.0,3115.344970703125,300.49619760500894,0.5125432014465332,1.0,1.4142135623712624,0.08155364085993423,exact_deterministic_ggn_2b,torch.float64,1.8961717529464295e-08,7.302918445382391e-15,3.238305860588488e-13,symmetrized_jacobi_fullfp64_chunked,1024,1.0,1e-06,paper_sgd_momentum_1e-6
14,0,-1.3282917737960815,-0.20547570288181305,-1.3176562786102295,-2.9575116634368896,0.04275509715080261,0.0,0.00033750000000000007,0.7343156337738037,323.96,7.78,250,0.50562584400177,26,0.0703572928905487,-0.044070787727832794,0.024396058171987534,0.00022500000000000005,639,2621440,8710.408527223393,2621440,3.747265338897705,0.10000000149011612,-0.1089177280664444,2.6941137313842773,-0.41715753078460693,-1.396661400794983,0.7416002154350281,1.0,1.0,512,2.59782075881958,5656.0107421875,3.6433357818591184e-13,0,0.9888734817504883,0.1,0.8516943454742432,1.0,2932.89599609375,350.6768050990805,0.50562584400177,1.0,1.4142135623718282,0.0759040061279455,exact_deterministic_ggn_2b,torch.float64,1.4467990183675283e-07,8.20906825976024e-15,2.9352592055737594e-13,symmetrized_jacobi_fullfp64_chunked,1024,1.0,1e-06,paper_sgd_momentum_1e-6
14,0,-1.3052127361297607,-0.39046111702919006,-1.3072389364242554,-2.678626775741577,0.040094926953315735,0.0,0.00022500000000000005,0.626227617263794,339.2,11.33,249,0.462569922208786,26,0.0699358806014061,-0.029869670048356056,0.019269071519374847,0.00015000000000000004,649,2662400,8873.809788192157,2662400,4.879680633544922,0.10000000149011612,0.5876837968826294,3.3497416973114014,0.20749638974666595,-1.330325961112976,1.8786873817443848,1.0,1.0,512,3.60920786857605,6168.51171875,2.832343989022583e-13,0,1.0,0.1,2.143455982208252,1.0,4250.1015625,485.08372651896275,0.4625698924064636,1.0,1.414213562373095,0.03563602208683828,exact_deterministic_ggn_2b,torch.float64,9.135806777749167e-08,5.667483600808102e-15,2.742519523759658e-13,symmetrized_jacobi_fullfp64_chunked,1024,1.0,1e-06,paper_sgd_momentum_1e-6
14,0,-1.3311597108840942,-0.1552353948354721,-1.3220113515853882,-3.2870981693267822,0.05915540084242821,0.0,0.00022500000000000005,0.6709733605384827,336.84,9.89,250,0.4518463611602783,26,0.0906917005777359,-0.028902500867843628,0.025605548173189163,0.00015000000000000004,659,2703360,9037.085123319179,2703360,5.896016597747803,0.10000000149011612,0.46173417568206787,3.3205409049987793,0.15350207686424255,-1.325772762298584,1.3467046022415161,1.0,1.0,512,2.1625797748565674,6326.73974609375,3.553666090004932e-13,0,1.0,0.1,3.228598117828369,1.0,3676.0849609375,453.58652913199774,0.45184633135795593,1.0,1.41421356237309,0.0415528338850688,exact_deterministic_ggn_2b,torch.float64,5.474029762808641e-08,8.150262892003546e-15,2.9482191546662495e-13,symmetrized_jacobi_fullfp64_chunked,1024,1.0,1e-06,paper_sgd_momentum_1e-6
14,0,-1.3491261005401611,-0.4454039931297302,-1.32612943649292,-3.9067909717559814,0.05903787538409233,0.0,0.00022500000000000005,0.6263827085494995,325.52,8.13,251,0.5373172163963318,26,0.09380268305540085,-0.07417574524879456,0.027961911633610725,0.00015000000000000004,669,2744320,9200.992146893404,2744320,3.454594373703003,0.10000000149011612,0.10655331611633301,2.943474531173706,-0.12147583812475204,-1.3399035930633545,0.7330417633056641,1.0,1.0,512,6.874668598175049,7160.4931640625,2.9365626057806685e-13,0,0.9305490255355835,0.1,3.5125808715820312,1.0,3756.683837890625,365.0796047771093,0.5373172163963318,1.0,1.4142135616257252,0.0660041119529546,exact_deterministic_ggn_2b,torch.float64,1.506833626763182e-07,4.353131008292434e-15,2.3884618141803273e-13,symmetrized_jacobi_fullfp64_chunked,1024,1.0,1e-06,paper_sgd_momentum_1e-6
14,0,-1.3491220474243164,-0.33354198932647705,-1.3418774604797363,-4.05340051651001,0.055972807109355927,0.0,0.00015000000000000004,0.6704583168029785,374.86,9.1,251,0.4793674945831299,26,0.07329194247722626,-0.0662543773651123,0.025785604491829872,0.00010000000000000003,679,2785280,9364.369648207445,2785280,3.326329469680786,0.10000000149011612,0.10966520756483078,2.8613321781158447,-0.08021214604377747,-1.3410836458206177,0.836987316608429,1.0,1.0,512,2.1502602100372314,7976.2138671875,4.3588023757804795e-13,0,1.0,0.1,1.9957982301712036,1.0,4487.1015625,378.3208498692533,0.4793674945831299,1.0,1.414213562372996,0.05889145311827715,exact_deterministic_ggn_2b,torch.float64,2.419042921530945e-08,1.0655926505642356e-14,3.60396525567434e-13,symmetrized_jacobi_fullfp64_chunked,1024,1.0,1e-06,paper_sgd_momentum_1e-6
14,0,-1.3580207824707031,-0.4036865234375,-1.347220778465271,-4.105261325836182,0.06402575969696045,0.0,0.00015000000000000004,0.6993682980537415,338.57,7.67,252,0.5070471167564392,26,0.07787547260522842,-0.018676357343792915,0.04506051912903786,0.00010000000000000003,689,2826240,9527.46480965335,2826240,5.033839702606201,0.15335321426391602,0.03918484225869179,2.195234537124634,-0.03789909556508064,-1.3564295768737793,0.6860685348510742,1.0,1.0,512,3.5425021648406982,6714.513671875,3.3327481719695705e-13,0,0.9861016273498535,0.1,4.281559944152832,1.0,3731.4775390625,350.9926723060178,0.5070471167564392,1.0,1.4142135623730947,0.07501514874266707,exact_deterministic_ggn_2b,torch.float64,3.875306830991576e-08,6.433698534163805e-15,2.9643132581159745e-13,symmetrized_jacobi_fullfp64_chunked,1024,1.0,1e-06,paper_sgd_momentum_1e-6
14,0,-1.3974921703338623,-0.05749841779470444,-1.3544952869415283,-5.022599220275879,0.08960612118244171,0.0,0.00022500000000000005,0.6976097822189331,340.1,8.6,250,0.46184635162353516,26,0.15991660952568054,-0.08370009809732437,0.027812927961349487,0.00015000000000000004,699,2867200,9691.10910902638,2867200,2.81770658493042,0.10000000149011612,-0.027659021317958832,2.965226650238037,-0.22603976726531982,-1.3359745740890503,0.6892611384391785,1.0,1.0,512,13.638090133666992,7887.5986328125,3.6217530921212004e-13,0,1.0,0.1,1.7090418338775635,1.0,3814.46240234375,422.5281157513037,0.46184635162353516,1.0,1.4142135623716878,0.07336691447206814,exact_deterministic_ggn_2b,torch.float64,3.452141470461356e-07,4.112057040140733e-15,2.744324132152803e-13,symmetrized_jacobi_fullfp64_chunked,1024,1.0,1e-06,paper_sgd_momentum_1e-6
14,0,-1.3034203052520752,-0.3734234571456909,-1.3210642337799072,-2.2487621307373047,0.034234270453453064,0.0,0.00022500000000000005,0.7613025903701782,303.81,7.39,249,0.4797540605068207,26,0.08764899522066116,-0.06294717639684677,0.016278136521577835,0.00015000000000000004,709,2908160,9854.994693885092,2908160,3.498272657394409,0.10000000149011612,-0.14867326617240906,2.1603102684020996,-0.462802529335022,-1.3633311986923218,0.6112006902694702,1.0,1.0,512,3.5447840690612793,8232.8125,4.645126732618299e-13,0,1.0,0.1,2.3018479347229004,1.0,3567.52392578125,335.76450398209846,0.4797540605068207,1.0,1.4142135623730945,0.05293062078586491,exact_deterministic_ggn_2b,torch.float64,8.972734377721281e-08,9.398684318870805e-15,4.237295283261135e-13,symmetrized_jacobi_fullfp64_chunked,1024,1.0,1e-06,paper_sgd_momentum_1e-6
14,0,-1.3294143676757812,-0.5456354022026062,-1.3073396682739258,-4.4126296043396,0.06545694172382355,0.0,0.0001,0.6696929931640625,354.95,10.42,251,0.5202633142471313,26,0.10203801095485687,-0.06361622363328934,0.03476370498538017,0.0001,719,2949120,10018.368810971268,2949120,8.06516170501709,0.10000000149011612,0.08453616499900818,2.8927907943725586,-0.1739513874053955,-1.3398241996765137,0.747397780418396,1.0,1.0,512,12.138251304626465,7256.5166015625,3.5055754560357354e-13,0,0.9610518217086792,0.1,1.3748557567596436,1.0,3708.365234375,366.4076552976063,0.5202633142471313,1.0,1.4142135623730745,0.05240358572159125,exact_deterministic_ggn_2b,torch.float64,5.6055686314948616e-08,4.1987184611498255e-15,3.4667289950029197e-13,symmetrized_jacobi_fullfp64_chunked,1024,1.0,1e-06,paper_sgd_momentum_1e-6
14,0,-1.338080644607544,-0.1642957180738449,-1.335240364074707,-2.240893602371216,0.04728010296821594,0.0,0.00010000000000000003,0.7028690576553345,332.67,9.25,250,0.5481328368186951,26,0.09175591170787811,-0.055993497371673584,0.021764304488897324,0.0001,729,2990080,10181.061088891234,2990080,5.629209041595459,0.10000000149011612,0.26783978939056396,3.6402275562286377,-0.12601301074028015,-1.3408770561218262,1.3498070240020752,1.0,1.0,512,4.340235710144043,7109.8876953125,3.6137340442452447e-13,0,0.9121876358985901,0.1,1.67012619972229,1.0,4331.048828125,505.01906628762254,0.5481328368186951,1.0,1.4142135623720764,0.07019961264548664,exact_deterministic_ggn_2b,torch.float64,1.805725169390371e-08,6.8122685770908885e-15,3.0453411336270386e-13,symmetrized_jacobi_fullfp64_chunked,1024,1.0,1e-06,paper_sgd_momentum_1e-6
14,0,-1.3261067867279053,0.23924191296100616,-1.330743670463562,-3.615905284881592,0.07596385478973389,0.0,0.0005062500000000001,0.7602477073669434,331.02,10.25,251,0.4934220314025879,26,0.07798369973897934,-0.0464855320751667,0.028862986713647842,0.00033750000000000007,739,3031040,10344.127924915403,3031040,4.555323600769043,0.10000000149011612,0.40411630272865295,4.422756195068359,-0.07436782866716385,-1.3374502658843994,2.041663885116577,1.0,1.0,512,2.389982223510742,5948.6220703125,3.4547573537067057e-13,0,1.0,0.1,1.903733491897583,1.0,3512.212646484375,358.56157672274384,0.4934220314025879,1.0,1.4142135623730898,0.05304539610706707,exact_deterministic_ggn_2b,torch.float64,3.0626316060988756e-07,7.910273116658787e-15,3.2241942932208527e-13,symmetrized_jacobi_fullfp64_chunked,1024,1.0,1e-06,paper_sgd_momentum_1e-6
14,0,-1.3254587650299072,-0.14523597061634064,-1.332826852798462,-2.411029815673828,0.03873195871710777,0.0,0.00033750000000000007,0.7407063841819763,323.37,9.48,253,0.4828108549118042,26,0.07854141294956207,-0.03200602903962135,0.01762513257563114,0.00022500000000000005,749,3072000,10507.361599237192,3072000,4.887701034545898,0.10000000149011612,0.14538171887397766,4.022198677062988,-0.2913719415664673,-1.3340665102005005,1.5140047073364258,1.0,1.0,512,2.4204890727996826,7200.26171875,4.1362776654110747e-13,0,1.0,0.1,2.1579174995422363,1.0,3541.8671875,472.4058191275487,0.4828108549118042,1.0,1.414213562357598,0.07307349802610746,exact_deterministic_ggn_2b,torch.float64,1.378544141061866e-07,9.574614681926855e-15,3.8493452637369107e-13,symmetrized_jacobi_fullfp64_chunked,1024,1.0,1e-06,paper_sgd_momentum_1e-6
14,0,-1.3329463005065918,0.3767053186893463,-1.3248909711837769,-2.8282344341278076,0.07664334028959274,0.0,0.00022500000000000005,0.6902757883071899,326.46,9.48,252,0.4976009130477905,26,0.09837435930967331,-0.02601257711648941,0.02559981308877468,0.00015000000000000004,759,3112960,10669.78620814206,3112960,4.1931023597717285,0.10000000149011612,0.014295469969511032,4.144847869873047,-0.3438040316104889,-1.4428353309631348,1.2028144598007202,1.0,1.0,512,3.0418028831481934,8623.978515625,4.580525418244637e-13,0,1.0,0.1,2.2518391609191895,1.0,4183.6435546875,700.1100896791485,0.4976009130477905,1.0,1.4142135623730945,0.058926327616771246,exact_deterministic_ggn_2b,torch.float64,7.699563298046996e-08,9.668563983977889e-15,4.070636165765746e-13,symmetrized_jacobi_fullfp64_chunked,1024,1.0,1e-06,paper_sgd_momentum_1e-6
14,0,-1.3186272382736206,-0.11138090491294861,-1.3158479928970337,-2.485307216644287,0.03327042981982231,0.0,0.00022500000000000005,0.6357271671295166,315.5,8.41,249,0.5248667001724243,26,0.1008630320429802,-0.04324319213628769,0.019014127552509308,0.00015000000000000004,769,3153920,10833.001322443131,3153920,4.89860725402832,0.10000000149011612,-0.013749666512012482,2.951671600341797,-0.3981781601905823,-1.330672025680542,0.9988267421722412,1.0,1.0,512,2.7638778686523438,7234.6875,4.480280269103463e-13,0,0.9526228308677673,0.1,8.622499465942383,1.0,4560.3544921875,381.4065451071204,0.5248667001724243,1.0,1.4142135623730712,0.07262360904417185,exact_deterministic_ggn_2b,torch.float64,6.348861347760248e-08,9.090705349195417e-15,4.355702000833592e-13,symmetrized_jacobi_fullfp64_chunked,1024,1.0,1e-06,paper_sgd_momentum_1e-6
14,0,-1.3104854822158813,-0.5965757966041565,-1.3006312847137451,-4.962292671203613,0.05296602100133896,0.0,0.00033750000000000007,0.5325965881347656,308.6,8.81,251,0.4921717047691345,26,0.16791680455207825,-0.09890714287757874,0.05923635512590408,0.00022500000000000005,779,3194880,10996.28646965418,3194880,10.0,0.10000000149011612,0.3959547281265259,3.0362212657928467,0.009280195459723473,-1.3314425945281982,1.4464093446731567,1.0,1.0,512,9.873013496398926,8470.0595703125,3.443197033408189e-13,0,1.0,0.1,12.128597259521484,1.0,5397.8466796875,527.9070068456591,0.49217167496681213,1.0,1.414213562373095,0.06413845218383292,exact_deterministic_ggn_2b,torch.float64,5.622989647235954e-07,4.335210610799054e-15,3.3843280517698035e-13,symmetrized_jacobi_fullfp64_chunked,1024,1.0,1e-06,paper_sgd_momentum_1e-6
14,0,-1.3247662782669067,-0.06070522591471672,-1.3169691562652588,-2.433685779571533,0.03957665339112282,0.0,0.00022500000000000005,0.7114249467849731,336.79,10.78,250,0.5077541470527649,26,0.09321559965610504,0.02111949399113655,0.01872846484184265,0.00015000000000000004,789,3235840,11159.49832237931,3235840,7.437142372131348,0.10000000149011612,0.10669031739234924,3.955535411834717,-0.36039647459983826,-1.3292479515075684,1.4946894645690918,1.0,1.0,512,2.5982913970947266,8140.4072265625,4.712732760616394e-13,0,0.9847286343574524,0.1,2.4455456733703613,1.0,4077.44384765625,561.8476411891942,0.5077540874481201,1.0,1.4142135623730951,0.07000314062104085,exact_deterministic_ggn_2b,torch.float64,6.377581485139672e-08,1.0597786012136898e-14,4.0624813620050794e-13,symmetrized_jacobi_fullfp64_chunked,1024,1.0,1e-06,paper_sgd_momentum_1e-6
14,0,-1.363332748413086,-0.17150647938251495,-1.3255561590194702,-5.314028263092041,0.09242825210094452,0.0,0.00033750000000000007,0.7010136246681213,345.29,10.52,252,0.5535962581634521,26,0.06594863533973694,-0.03321707621216774,0.02421686425805092,0.00022500000000000005,799,3276800,11322.446867409162,3276800,3.3678691387176514,0.10000000149011612,0.07890065014362335,3.3583006858825684,-0.23318618535995483,-1.3282839059829712,0.8076269030570984,1.0,1.0,512,2.930389165878296,6303.296875,2.459548962733033e-13,0,0.9031853079795837,0.1,1.3342171907424927,1.0,3513.796875,281.4849804957895,0.5535962581634521,1.0,1.4142135623730565,0.052625188186883644,exact_deterministic_ggn_2b,torch.float64,1.3614341298762156e-07,5.385789895073585e-15,2.4935026473852754e-13,symmetrized_jacobi_fullfp64_chunked,1024,1.0,1e-06,paper_sgd_momentum_1e-6
14,0,-1.3264524936676025,0.12006010115146637,-1.3197108507156372,-2.5135931968688965,0.03702628239989281,0.0,0.0005062500000000001,0.7653201222419739,309.97,8.79,252,0.4949239492416382,26,0.09485697001218796,-0.0644557774066925,0.02007971704006195,0.00033750000000000007,809,3317760,11486.223841675092,3317760,10.0,0.10000000149011612,0.169155552983284,3.3204686641693115,-0.2675706744194031,-1.3298670053482056,1.3436274528503418,1.0,1.0,512,2.7955422401428223,6884.32275390625,4.0616583513088747e-13,0,1.0,0.1,1.4122107028961182,1.0,3589.2587890625,442.9187116780828,0.4949239492416382,1.0,1.4142135623730931,0.04796034333253148,exact_deterministic_ggn_2b,torch.float64,3.5823345001517737e-07,8.96540619771584e-15,4.0676940118515176e-13,symmetrized_jacobi_fullfp64_chunked,1024,1.0,1e-06,paper_sgd_momentum_1e-6
14,0,-1.3106573820114136,0.46579915285110474,-1.3184850215911865,-2.495527744293213,0.06625720113515854,0.0,0.00033750000000000007,0.5049057006835938,320.51,9.88,252,0.5456224083900452,26,0.060844093561172485,-0.04829477518796921,0.03382062911987305,0.00022500000000000005,819,3358720,11648.908277270384,3358720,3.0516445636749268,0.10000000149011612,0.7984851598739624,3.997729778289795,0.5762389302253723,-1.328778862953186,1.9759527444839478,1.0,1.0,512,3.839522361755371,6716.447265625,3.7074465371372763e-13,0,0.9163846373558044,0.1,4.643040657043457,1.0,5746.3505859375,517.8532153456194,0.5456224083900452,1.0,1.414213562371809,0.05508546323930283,exact_deterministic_ggn_2b,torch.float64,1.836328493709516e-07,6.975369930960233e-15,3.6677662690890455e-13,symmetrized_jacobi_fullfp64_chunked,1024,1.0,1e-06,paper_sgd_momentum_1e-6
14,0,-1.291664958000183,0.04335663095116615,-1.308212161064148,-2.7786269187927246,0.05331500247120857,0.0,0.00033750000000000007,0.7702462673187256,316.17,9.64,252,0.4576978385448456,26,0.07774519175291061,-0.0404319167137146,0.017784737050533295,0.00022500000000000005,829,3399680,11811.954141525086,3399680,3.4343137741088867,0.10000000149011612,0.15416277945041656,3.6061296463012695,-0.36190128326416016,-1.3254446983337402,1.4712724685668945,1.0,1.0,512,4.444116115570068,7102.84716796875,3.035701731223106e-13,0,1.0,0.1,2.799607992172241,1.0,3959.414794921875,412.89103368119356,0.45769786834716797,1.0,1.41421356237308,0.06302539285486901,exact_deterministic_ggn_2b,torch.float64,2.5310632167929725e-07,5.545714777902003e-15,3.1670519332290467e-13,symmetrized_jacobi_fullfp64_chunked,1024,1.0,1e-06,paper_sgd_momentum_1e-6
14,0,-1.32766592502594,-0.3585888147354126,-1.3162164688110352,-2.225192070007324,0.025365673005580902,0.0,0.0001,0.7399728894233704,290.87,7.94,250,0.5170755386352539,26,0.08124621212482452,-0.04063805192708969,0.013915958814322948,0.0001,839,3440640,11974.411785189994,3440640,10.0,0.10000000149011612,-0.21139806509017944,3.0606422424316406,-0.6115143299102783,-1.3231806755065918,0.9032772779464722,1.0,1.0,512,4.313542366027832,7235.6552734375,5.058225661453464e-13,0,0.9669767022132874,0.1,0.8919627070426941,1.0,3079.37890625,319.9473906528426,0.5170755386352539,1.0,1.4142135623696976,0.07022495363072132,exact_deterministic_ggn_2b,torch.float64,2.016675715310612e-08,9.691225003327682e-15,4.1444351731511746e-13,symmetrized_jacobi_fullfp64_chunked,1024,1.0,1e-06,paper_sgd_momentum_1e-6
14,0,-1.3030375242233276,-0.2699591815471649,-1.298507809638977,-2.169229745864868,0.043897662311792374,0.0,0.00015000000000000004,0.7342414855957031,342.87,9.4,252,0.4947265684604645,26,0.07647749781608582,-0.0700262188911438,0.01961461827158928,0.00010000000000000003,849,3481600,12137.770679710433,3481600,5.201776504516602,0.10000000149011612,0.02330925315618515,3.1751925945281982,-0.32937002182006836,-1.3224745988845825,0.997246265411377,1.0,1.0,512,2.60624361038208,7862.0224609375,5.653170890112618e-13,0,1.0,0.1,5.323217391967773,1.0,3906.41845703125,427.84009399335645,0.4947265386581421,1.0,1.4142135623730852,0.06462121792110212,exact_deterministic_ggn_2b,torch.float64,2.9320242234120997e-08,1.2280332699995791e-14,5.304793866793407e-13,symmetrized_jacobi_fullfp64_chunked,1024,1.0,1e-06,paper_sgd_momentum_1e-6
14,0,-1.375232219696045,-0.42521369457244873,-1.350874900817871,-2.3704874515533447,0.03693997487425804,0.0,0.00010000000000000003,0.6843594312667847,303.94,8.65,252,0.5494672060012817,26,0.07527437806129456,-0.04610607028007507,0.02063838019967079,0.0001,859,3522560,12300.651050004177,3522560,8.718507766723633,0.10000000149011612,-0.1929941326379776,2.7179393768310547,-0.48857688903808594,-1.3208953142166138,0.6930851936340332,1.0,1.0,512,11.837509155273438,9081.3544921875,6.615351187828108e-13,0,0.9099724292755127,0.1,8.094266891479492,1.0,3585.3818359375,562.2162014808775,0.5494672060012817,1.0,1.4142135623702237,0.05607442817901661,exact_deterministic_ggn_2b,torch.float64,4.9010235869673124e-08,7.852309655027658e-15,5.795508767955473e-13,symmetrized_jacobi_fullfp64_chunked,1024,1.0,1e-06,paper_sgd_momentum_1e-6
14,0,-1.2894285917282104,-0.16504192352294922,-1.2942626476287842,-2.532646417617798,0.051161669194698334,0.0,0.00015000000000000004,0.5734105110168457,348.49,9.28,251,0.478894978761673,26,0.07006382197141647,-0.03472280502319336,0.023053718730807304,0.00010000000000000003,869,3563520,12464.085972664412,3563520,3.45650577545166,0.10061533749103546,0.6913959980010986,4.460585594177246,0.19016410410404205,-1.318812608718872,2.276780366897583,1.0,1.0,512,4.105951309204102,7688.02392578125,4.051115770165863e-13,0,1.0,0.1,3.5817513465881348,1.0,4967.67578125,709.7825011105722,0.478894978761673,1.0,1.4142135623730951,0.05842429613729484,exact_deterministic_ggn_2b,torch.float64,4.619195692612266e-08,7.531580107669396e-15,3.4180232037501534e-13,symmetrized_jacobi_fullfp64_chunked,1024,1.0,1e-06,paper_sgd_momentum_1e-6
14,0,-1.274667501449585,0.9904463887214661,-1.305604100227356,-2.316608428955078,0.11712624132633209,0.0,0.0005062500000000001,0.5964010953903198,333.23,9.22,250,0.4679899215698242,26,0.08539576828479767,-0.06373386085033417,0.024131590500473976,0.00033750000000000007,879,3604480,12627.467705122195,3604480,4.509215354919434,0.10000000149011612,0.3920270502567291,3.4502155780792236,0.05379970371723175,-1.315802812576294,1.4795912504196167,1.0,1.0,512,2.3884129524230957,7545.1982421875,3.3426314626085523e-13,0,1.0,0.1,5.296756744384766,1.0,5140.8251953125,511.0126918620219,0.46798989176750183,1.0,1.4142135623730951,0.06547114185240403,exact_deterministic_ggn_2b,torch.float64,3.0606207701566746e-07,7.329518729221715e-15,2.962197420972177e-13,symmetrized_jacobi_fullfp64_chunked,1024,1.0,1e-06,paper_sgd_momentum_1e-6
14,0,-1.3151321411132812,-0.578292965888977,-1.2989534139633179,-3.1973483562469482,0.04663486406207085,0.0,0.00022500000000000005,0.6036022901535034,329.7,8.71,249,0.5367864370346069,26,0.0960201770067215,-0.01784803532063961,0.018935618922114372,0.00015000000000000004,889,3645440,12791.51758300839,3645440,5.779826641082764,0.10000000149011612,0.30513104796409607,3.279146909713745,-0.2623865604400635,-1.3227227926254272,1.6780469417572021,1.0,1.0,512,4.848735809326172,10516.7724609375,7.426337449384414e-13,0,0.9314690232276917,0.1,8.12044906616211,1.0,4782.7734375,710.7285756116261,0.5367864966392517,1.0,1.4142135623730951,0.041848716326669984,exact_deterministic_ggn_2b,torch.float64,1.0648793136169843e-07,1.255462671521643e-14,5.80392554553098e-13,symmetrized_jacobi_fullfp64_chunked,1024,1.0,1e-06,paper_sgd_momentum_1e-6
14,0,-1.3285095691680908,-0.5107530355453491,-1.3156028985977173,-3.5843443870544434,0.053523145616054535,0.0,0.00033750000000000007,0.5548999905586243,330.98,9.39,252,0.5441592931747437,26,0.10248034447431564,-0.06416526436805725,0.026635996997356415,0.00022500000000000005,899,3686400,12954.866827153135,3686400,10.0,0.10000000149011612,0.5731791257858276,3.8324856758117676,0.10954810678958893,-1.3115593194961548,2.16654109954834,1.0,1.0,512,5.776647090911865,9139.083984375,4.3355709402120756e-13,0,0.9188485741615295,0.1,7.951596736907959,1.0,5096.3994140625,725.9862076875309,0.5441592931747437,1.0,1.4142135623730938,0.04229385446555357,exact_deterministic_ggn_2b,torch.float64,2.777674410481268e-07,6.952885521366742e-15,2.927619537799658e-13,symmetrized_jacobi_fullfp64_chunked,1024,1.0,1e-06,paper_sgd_momentum_1e-6
14,0,-1.2867579460144043,0.3067616820335388,-1.2922248840332031,-2.374316453933716,0.044591277837753296,0.0,0.00033750000000000007,0.7656790614128113,320.08,9.6,252,0.5155859589576721,26,0.09104767441749573,-0.06308404356241226,0.017859382554888725,0.00022500000000000005,909,3727360,13117.933728921227,3727360,4.6247029304504395,0.10000000149011612,0.34989896416664124,3.0048415660858154,-0.2116096168756485,-1.3110361099243164,1.4124091863632202,1.0,1.0,512,5.715739727020264,10417.9521484375,7.051718192440857e-13,0,0.9697704911231995,0.1,4.420802116394043,1.0,4142.0791015625,968.146961088797,0.5155858993530273,1.0,1.4142135623730934,0.06559371169845207,exact_deterministic_ggn_2b,torch.float64,3.0614555157626455e-07,1.158097135268379e-14,4.904127104907614e-13,symmetrized_jacobi_fullfp64_chunked,1024,1.0,1e-06,paper_sgd_momentum_1e-6
14,0,-1.3219636678695679,-0.5039243102073669,-1.3036396503448486,-3.205167055130005,0.04342160373926163,0.0,0.00015000000000000004,0.6935690641403198,328.96,7.38,251,0.49828705191612244,26,0.08471301198005676,-0.002647941932082176,0.018020642921328545,0.00010000000000000003,919,3768320,13281.182815460023,3768320,3.6433095932006836,0.10000000149011612,-0.23755498230457306,2.527613401412964,-0.48726555705070496,-1.311955213546753,0.5222986936569214,1.0,1.0,512,4.457579135894775,9348.630859375,4.3612031110657845e-13,0,1.0,0.1,1.058614730834961,1.0,4113.1455078125,364.87496788286165,0.49828705191612244,1.0,1.4142135623730951,0.06468220224490212,exact_deterministic_ggn_2b,torch.float64,5.014776860434722e-08,8.10556635565329e-15,3.8111352484741955e-13,symmetrized_jacobi_fullfp64_chunked,1024,1.0,1e-06,paper_sgd_momentum_1e-6
14,0,-1.3140454292297363,-0.5409895777702332,-1.301151990890503,-2.9734530448913574,0.040659062564373016,0.0,0.00022500000000000005,0.6190860271453857,315.3,6.9,251,0.495823472738266,26,0.09093545377254486,-0.04486895352602005,0.020172176882624626,0.00015000000000000004,929,3809280,13444.616490773391,3809280,3.931868314743042,0.10000000149011612,-0.14852260053157806,2.1757168769836426,-0.3620205819606781,-1.3432639837265015,0.4829561114311218,1.0,1.0,512,6.107881546020508,10953.630859375,5.506463170155809e-13,0,1.0,0.1,2.1089000701904297,1.0,4708.90234375,394.31732126441693,0.4958235025405884,1.0,1.4142135623730951,0.05369553877983682,exact_deterministic_ggn_2b,torch.float64,1.5460574331882526e-07,9.018541046323867e-15,4.609014058403151e-13,symmetrized_jacobi_fullfp64_chunked,1024,1.0,1e-06,paper_sgd_momentum_1e-6
14,0,-1.3032540082931519,-0.23350350558757782,-1.3139725923538208,-2.7166624069213867,0.045116126537323,0.0,0.00015000000000000004,0.5736121535301208,318.32,8.31,248,0.5085300803184509,26,0.07598978281021118,-0.030825698748230934,0.023795705288648605,0.00010000000000000003,939,3850240,13608.83412940707,3850240,3.7783167362213135,0.10000000149011612,0.17514683306217194,2.064936637878418,0.12712016701698303,-1.316373348236084,0.5327302813529968,1.0,1.0,512,9.861797332763672,9559.4580078125,4.861558239835021e-13,0,0.9832260012626648,0.1,4.113588333129883,1.0,5568.10302734375,511.49386484896354,0.5085300803184509,1.0,1.4142135623730951,0.0531850758712676,exact_deterministic_ggn_2b,torch.float64,1.0725445775960907e-07,6.310199361082246e-15,4.364593032543929e-13,symmetrized_jacobi_fullfp64_chunked,1024,1.0,1e-06,paper_sgd_momentum_1e-6
14,0,-1.2981407642364502,-0.6747502684593201,-1.2950150966644287,-2.1283206939697266,0.026995303109288216,0.0,0.00022500000000000005,0.6148909330368042,314.74,7.42,250,0.5610731840133667,26,0.10239408910274506,-0.05117173120379448,0.014991356059908867,0.00015000000000000004,949,3891200,13773.79649582645,3891200,10.0,0.10000000149011612,-0.24080638587474823,2.1714601516723633,-0.4213363826274872,-1.3181508779525757,0.4419105350971222,1.0,1.0,512,6.207695007324219,10494.70703125,6.472428652135583e-13,0,0.8911493420600891,0.1,2.3831872940063477,1.0,3878.10302734375,372.01774903757007,0.5610731840133667,1.0,1.4142135623730951,0.017534948414389323,exact_deterministic_ggn_2b,torch.float64,1.2478615474265098e-07,1.0394583718608994e-14,8.394245080042027e-13,symmetrized_jacobi_fullfp64_chunked,1024,1.0,1e-06,paper_sgd_momentum_1e-6
14,0,-1.30184006690979,-0.3266662061214447,-1.3044042587280273,-2.3227128982543945,0.03539155796170235,0.0,0.00022500000000000005,0.6379735469818115,287.15,7.34,249,0.500669002532959,26,0.07600287348031998,-0.04791421815752983,0.020556099712848663,0.00015000000000000004,959,3932160,13937.70804858813,3932160,2.7476425170898438,0.10000000149011612,-0.22130087018013,2.1620571613311768,-0.3512111008167267,-1.320348858833313,0.37096190452575684,1.0,1.0,512,4.235926628112793,11265.1435546875,4.938083226785669e-13,0,0.9986637830734253,0.1,6.123214244842529,1.0,5259.408203125,415.2289102135131,0.500669002532959,1.0,1.4142135623730951,0.05135957318548637,exact_deterministic_ggn_2b,torch.float64,1.0693554486351786e-07,9.06744398820369e-15,4.783445756991172e-13,symmetrized_jacobi_fullfp64_chunked,1024,1.0,1e-06,paper_sgd_momentum_1e-6
14,0,-1.3428540229797363,-0.4715937077999115,-1.3343908786773682,-2.216750383377075,0.04004313796758652,0.0,0.00022500000000000005,0.7327792644500732,316.14,7.99,250,0.5339629650115967,26,0.12078504264354706,-0.012473839335143566,0.01791137456893921,0.00015000000000000004,969,3973120,14101.679785194341,3973120,10.0,0.10000000149011612,-0.2591637969017029,1.7680742740631104,-0.3772342801094055,-1.3228079080581665,0.3724464774131775,1.0,1.0,512,8.395970344543457,12117.6064453125,7.466748066489469e-13,0,0.9363945126533508,0.1,5.825429439544678,1.0,4383.701171875,422.62117738554247,0.5339629650115967,1.0,1.4142135623730951,0.04303687600223499,exact_deterministic_ggn_2b,torch.float64,1.863475205254872e-07,1.0217188399468545e-14,6.173773531156304e-13,symmetrized_jacobi_fullfp64_chunked,1024,1.0,1e-06,paper_sgd_momentum_1e-6
14,0,-1.2892467975616455,-0.7275633811950684,-1.2782800197601318,-3.1388745307922363,0.029468903318047523,0.0,0.00033750000000000007,0.6061707139015198,281.73,6.42,250,0.49308234453201294,26,0.10088521242141724,-0.03172212466597557,0.01566501334309578,0.00022500000000000005,979,4014080,14265.989663951099,4014080,4.9225969314575195,0.10000000149011612,-0.3253515064716339,1.523916244506836,-0.3613240718841553,-1.3238067626953125,0.15708278119564056,1.0,1.0,512,9.905954360961914,11696.146484375,4.592183706013903e-13,0,1.0,0.1,12.685507774353027,1.0,5193.64990234375,309.33339668004356,0.49308234453201294,1.0,1.4142135623730951,0.04338450373106386,exact_deterministic_ggn_2b,torch.float64,5.641750817630964e-07,5.841818253145379e-15,4.160439759253949e-13,symmetrized_jacobi_fullfp64_chunked,1024,1.0,1e-06,paper_sgd_momentum_1e-6
14,0,-1.32731294631958,-0.7747791409492493,-1.3080029487609863,-2.357304334640503,0.02754380740225315,0.0,0.00022500000000000005,0.686707615852356,334.2,7.85,251,0.5372692942619324,26,0.07259145379066467,-0.029696371406316757,0.02092510089278221,0.00015000000000000004,989,4055040,14430.155987277161,4055040,3.0171823501586914,0.10000000149011612,-0.3386267423629761,1.582849144935608,-0.3870314061641693,-1.3256384134292603,0.20115071535110474,1.0,1.0,512,7.543525695800781,11231.7783203125,7.730678418350194e-13,0,0.9306319952011108,0.1,3.406299352645874,1.0,4001.95458984375,300.8144400819021,0.5372692942619324,1.0,1.4142135623730951,0.05253604217147018,exact_deterministic_ggn_2b,torch.float64,1.653732795148244e-07,1.1369722856301436e-14,6.278587068357097e-13,symmetrized_jacobi_fullfp64_chunked,1024,1.0,1e-06,paper_sgd_momentum_1e-6
14,0,-1.3251347541809082,-0.8049536347389221,-1.3123703002929688,-2.410820484161377,0.024032726883888245,0.0,0.00010000000000000003,0.6726772785186768,299.2,8.02,249,0.4993401765823364,26,0.10919961333274841,-0.06681391596794128,0.015813281759619713,0.0001,999,4096000,14594.636472213082,4096000,4.673078536987305,0.10000000149011612,-0.4187764823436737,0.9455057382583618,-0.49617451429367065,-1.3275808095932007,0.18320873379707336,1.0,1.0,512,6.1891279220581055,12644.384765625,5.800120113239717e-13,0,1.0,0.1,1.7036525011062622,1.0,3404.96923828125,376.43551976043807,0.4993401765823364,1.0,1.4142135605852917,0.04568224941503382,exact_deterministic_ggn_2b,torch.float64,3.094563538752482e-08,9.513939438989571e-15,5.528050615510915e-13,symmetrized_jacobi_fullfp64_chunked,1024,1.0,1e-06,paper_sgd_momentum_1e-6
14,0,-1.2937071323394775,-0.3313085436820984,-1.3047360181808472,-2.3954150676727295,0.042878005653619766,0.0,0.00022500000000000005,0.5499557256698608,312.95,8.12,251,0.5198941230773926,26,0.09077960252761841,-0.025558607652783394,0.020750395953655243,0.00015000000000000004,1009,4136960,14758.723479389213,4136960,5.692570686340332,0.10000000149011612,0.1326507031917572,2.013855457305908,-0.07302802801132202,-1.3304890394210815,0.5805741548538208,1.0,1.0,512,9.776002883911133,10055.3876953125,4.648913496588231e-13,0,0.9617342948913574,0.1,23.73564338684082,1.0,5579.1064453125,529.666099261209,0.5198941230773926,1.0,1.4142135623730951,0.055738282176222446,exact_deterministic_ggn_2b,torch.float64,2.288793155003077e-07,5.6615941193408355e-15,4.051853727968512e-13,symmetrized_jacobi_fullfp64_chunked,1024,1.0,1e-06,paper_sgd_momentum_1e-6
14,0,-1.2535054683685303,-0.375054270029068,-1.2688850164413452,-2.259946584701538,0.04407605156302452,0.0,0.00022500000000000005,0.6207829713821411,318.42,7.77,250,0.5272677540779114,26,0.1111544519662857,-0.024440068751573563,0.020662307739257812,0.00015000000000000004,1019,4177920,14922.810113972053,4177920,10.0,0.10000000149011612,0.07231146097183228,2.2364068031311035,-0.15727289021015167,-1.3394598960876465,0.7175362706184387,1.0,1.0,512,5.579492092132568,12921.1640625,9.444378302294055e-13,0,0.9482848048210144,0.1,37.8650016784668,1.0,5185.7763671875,673.4565012814618,0.5272677540779114,1.0,1.4142135623730951,0.024047797922940296,exact_deterministic_ggn_2b,torch.float64,1.2700104434770765e-07,1.277182478495575e-14,9.672672440297462e-13,symmetrized_jacobi_fullfp64_chunked,1024,1.0,1e-06,paper_sgd_momentum_1e-6
14,0,-1.3287749290466309,0.30641961097717285,-1.3165748119354248,-2.761467456817627,0.048886489123106,0.0,0.00022500000000000005,0.6741141676902771,309.59,7.8,250,0.5350955724716187,26,0.08552972972393036,-0.04463578015565872,0.023776479065418243,0.00015000000000000004,1029,4218880,15086.728135222103,4218880,5.525333881378174,0.10000000149011612,-0.06014368683099747,2.147096633911133,-0.2957269847393036,-1.335337519645691,0.5332618951797485,1.0,1.0,512,6.392790794372559,10885.375,4.665701389412997e-13,0,0.9344125390052795,0.1,3.238858699798584,1.0,4432.78564453125,396.78323271157296,0.5350955724716187,1.0,1.4142135623730945,0.03416829533843415,exact_deterministic_ggn_2b,torch.float64,1.412871881711908e-07,7.367873365708878e-15,4.3838770477761745e-13,symmetrized_jacobi_fullfp64_chunked,1024,1.0,1e-06,paper_sgd_momentum_1e-6
