action_max,action_min,adv_avg,adv_max,adv_med,adv_min,adv_var,clipfrac,curr_lr,entropy,eplenmean,eprewmean,fps,grad_norm,kl,loss_pi,loss_v,lr,misc/nupdates,misc/serial_timesteps,misc/time_elapsed,misc/total_timesteps,ratio_max,ratio_min,ret_avg,ret_max,ret_med,ret_min,ret_var
14,0,-0.34273141622543335,-0.30584508180618286,-0.32313019037246704,-1.079550862312317,0.007812580093741417,0.0,0.5,2.5852344036102295,882.5128205128206,0.0,820,0.4952988922595978,0.007265438791364431,-0.021259203553199768,0.04724641889333725,0.5,9,40960,53.81431855796836,40960,1.3230020999908447,0.8245499134063721,0.42118388414382935,0.46231189370155334,0.4400009512901306,-0.3084922730922699,0.007845396175980568
14,0,0.2338220775127411,58.63822555541992,-0.04482051730155945,-0.5409798622131348,8.28325080871582,0.0,0.5,2.603653907775879,928.8313253012049,0.24096386,831,27.363361358642578,0.013410667888820171,0.18588845431804657,1.578874111175537,0.5,19,81920,104.76275403099135,81920,4.613654613494873,0.10000000149011612,0.42043569684028625,61.90823745727539,0.07957512885332108,-0.04195507988333702,10.384063720703125
14,0,-0.04788838326931,13.93396282196045,-0.049768343567848206,-29.97665023803711,1.7984880208969116,0.0,0.3333333333333333,2.5783884525299072,936.32,0.7,829,3.8443689346313477,0.016127560287714005,-0.09925620257854462,0.22061385214328766,0.3333333333333333,29,122880,155.61043450096622,122880,7.019906044006348,0.1008407399058342,0.24679026007652283,17.048351287841797,0.025108983740210533,-0.04831700399518013,1.9127144813537598
14,0,-0.22248205542564392,0.40745171904563904,-0.20470616221427917,-1.924877643585205,0.04639158025383949,0.0,0.5,2.545093059539795,778.92,1.8,824,0.626575231552124,0.013158146291971207,-0.0241522416472435,0.074149951338768,0.5,39,163840,206.46888846100774,163840,1.7402541637420654,0.396529883146286,0.7442911863327026,1.493060827255249,0.7308302521705627,-0.19538097083568573,0.0886620506644249
14,0,-0.47149592638015747,0.46040311455726624,-0.4517498016357422,-1.7668616771697998,0.020458292216062546,0.0,0.22168378200531003,2.5327036380767822,556.14,2.1,827,0.7519593238830566,0.030566375702619553,-0.08022285252809525,0.0410580039024353,0.22168378200531003,49,204800,257.1747887759702,204800,2.772282361984253,0.22201776504516602,0.8954647183418274,2.332749843597412,0.8632612228393555,-0.42116987705230713,0.09465453773736954
14,0,-0.6233699321746826,-0.24058103561401367,-0.591632068157196,-3.177131175994873,0.03324649855494499,0.0,0.012974633789062493,2.438985824584961,678.39,1.4,825,0.331258088350296,0.07479909062385559,-0.15285804867744446,0.015154693275690079,0.008649755859374995,59,245760,308.00996112206485,245760,3.910964250564575,0.10000000149011612,0.4697002172470093,0.9946225881576538,0.477431058883667,-0.5666049122810364,0.024553611874580383
14,0,-0.6848980188369751,-0.387898325920105,-0.6750174760818481,-1.514064908027649,0.0063670058734714985,0.0,0.14778918800353996,2.4369618892669678,828.06,0.7,822,0.6180111169815063,0.034215956926345825,-0.032486483454704285,0.013697197660803795,0.14778918800353996,69,286720,358.82059498899616,286720,3.0325815677642822,0.3234699070453644,0.17292353510856628,0.6039326786994934,0.15591080486774445,-0.6579279899597168,0.015052231959998608
14,0,-0.7097532153129578,1.1603068113327026,-0.7147631049156189,-1.318993330001831,0.02015034668147564,0.0,0.0001,2.4714882373809814,952.58,0.5,823,0.5372487902641296,0.0712127536535263,0.04109840840101242,0.008477294817566872,0.0001,79,327680,409.7408792680362,327680,3.143152952194214,0.3289082646369934,-0.09912441670894623,1.9493343830108643,-0.12028941512107849,-0.703131914138794,0.03484838455915451
14,0,-0.7321237325668335,0.8762586712837219,-0.7314419150352478,-1.5975896120071411,0.012677017599344254,0.0,0.0011390625,2.384535551071167,863.88,1.3,823,0.5883802771568298,0.05297490954399109,-0.040236711502075195,0.00928330235183239,0.0007593750000000001,89,368640,460.85620870499406,368640,2.65106201171875,0.10000000149011612,-0.1991499662399292,2.0797770023345947,-0.22504130005836487,-0.7237536907196045,0.03259587287902832
14,0,-0.7404556274414062,-0.4649738669395447,-0.7366944551467896,-1.2398442029953003,0.0033292369917035103,0.0,0.002562890625,2.4771981239318848,828.92,1.5,824,0.5787981152534485,0.05800199508666992,-0.020383819937705994,0.0018374033970758319,0.00170859375,99,409600,511.80416853306815,409600,2.643279552459717,0.1454073190689087,-0.3363063931465149,-0.20463581383228302,-0.33370742201805115,-0.7297472953796387,0.0013427489902824163
14,0,-0.7325841188430786,-0.5050719976425171,-0.7312296628952026,-1.299633264541626,0.0026222988963127136,0.0,0.00010000000000000003,2.3632137775421143,864.66,1.3,821,0.6409557461738586,0.04730115458369255,0.03902062773704529,0.001618996262550354,0.0001,109,450560,562.8513457759982,450560,2.5857961177825928,0.3080894649028778,-0.4097922444343567,-0.19718696177005768,-0.4068688750267029,-0.7244798541069031,0.0013683654833585024
14,0,-0.7153828144073486,1.389026165008545,-0.7174811959266663,-1.3143757581710815,0.009195808321237564,0.0,0.0005062500000000001,2.301547050476074,860.58,1.4,825,0.5768191814422607,0.16887283325195312,0.0039950646460056305,0.010549953207373619,0.00033750000000000007,119,491520,613.7916223290376,491520,10.0,0.18189528584480286,-0.41174212098121643,2.4445557594299316,-0.44313734769821167,-0.7133755087852478,0.08388184756040573
14,0,-0.710663914680481,0.22065360844135284,-0.7098410129547119,-1.2423574924468994,0.00392610440030694,0.0,0.0001,2.4302868843078613,829.68,1.7,823,0.393767386674881,0.042993269860744476,0.02344343811273575,0.0004855789593420923,0.0001,129,532480,664.7628010120243,532480,3.4237468242645264,0.27459996938705444,-0.4404030442237854,2.5526957511901855,-0.46910518407821655,-0.7011027336120605,0.07887222617864609
14,0,-0.6954488754272461,-0.34705060720443726,-0.6936572194099426,-1.1239376068115234,0.0020407589618116617,0.0,0.00033750000000000007,2.430715799331665,813.11,1.7,815,0.5347129106521606,0.07586010545492172,-0.24669426679611206,0.0007364379125647247,0.00022500000000000005,139,573440,715.7851328940596,573440,3.0236358642578125,0.10000000149011612,-0.4584992527961731,-0.283812940120697,-0.468809574842453,-0.6918243765830994,0.0012296296190470457
14,0,-0.6702172160148621,1.8329880237579346,-0.6794407367706299,-1.6951911449432373,0.020987024530768394,0.0,0.012974633789062497,2.5015268325805664,834.1,1.3,824,0.613010823726654,0.03522364795207977,0.009143421426415443,0.003752246266230941,0.012974633789062497,149,614400,766.6569000709569,614400,2.483264207839966,0.10000000149011612,-0.4133445620536804,2.819303512573242,-0.46187153458595276,-0.6761492490768433,0.08984794467687607
14,0,-0.6743440628051758,-0.11408760398626328,-0.6710882782936096,-1.306955099105835,0.005394316744059324,0.0,0.0129746337890625,2.137080669403076,734.98,1.6,828,0.5530806183815002,0.04847118258476257,-0.02991509810090065,0.0032891673035919666,0.008649755859375,159,655360,817.4997611810686,655360,4.914917469024658,0.15938691794872284,-0.4533171057701111,-0.1282777041196823,-0.4620519280433655,-0.6658326387405396,0.0022106687538325787
14,0,-0.6603421568870544,1.292683720588684,-0.6633157134056091,-1.0777748823165894,0.009693175554275513,0.0,0.0129746337890625,2.453584671020508,560.74,1.5,824,0.6459617018699646,0.057732611894607544,0.017251238226890564,0.0002443516277708113,0.008649755859375,169,696320,868.2352850500029,696320,8.779909133911133,0.10000000149011612,-0.35693812370300293,2.9378345012664795,-0.4027135670185089,-0.658615231513977,0.09915848076343536
14,0,-0.6444553136825562,1.7443430423736572,-0.6566535234451294,-1.3774081468582153,0.02391284890472889,0.0,0.0129746337890625,2.4412639141082764,662.61,1.3,824,0.4135422110557556,0.05723553150892258,-0.022455746307969093,0.006337113678455353,0.008649755859375,179,737280,918.9266289679799,737280,3.3844408988952637,0.10000000149011612,-0.37675797939300537,3.0914738178253174,-0.4358826279640198,-0.6505864858627319,0.1054377481341362
14,0,-0.6387573480606079,1.462341070175171,-0.647534966468811,-1.8653143644332886,0.05002656579017639,0.0,0.01946195068359375,2.37046217918396,635.11,2.0,827,0.7639937996864319,0.026650361716747284,-0.009010612964630127,0.03389189392328262,0.01946195068359375,189,778240,969.829249300994,778240,2.064042329788208,0.1709725707769394,-0.10904835164546967,3.137497901916504,-0.28322815895080566,-0.6485086679458618,0.3287055194377899
14,0,-0.6440281867980957,1.3146899938583374,-0.6651716232299805,-3.6530203819274902,0.06985060125589371,0.0,0.0057665039062500005,2.356898307800293,449.11,4.0,828,0.5825802087783813,0.04948960244655609,0.06282809376716614,0.029787100851535797,0.0038443359375000003,199,819200,1020.6775863990188,819200,4.795717239379883,0.1301230937242508,0.07419024407863617,3.146623373031616,-0.17375031113624573,-0.6591197848320007,0.3501826822757721
14,0,-0.6877966523170471,1.6651718616485596,-0.6876964569091797,-1.9477404356002808,0.033922310918569565,0.0,0.0007593750000000001,2.4231529235839844,443.7,2.9,824,0.4967024028301239,0.04683157056570053,-0.05244552344083786,0.008461038582026958,0.0005062500000000001,209,860160,1071.4740607090062,860160,2.856821298599243,0.10000000149011612,0.1022990494966507,3.629655122756958,-0.017557384446263313,-0.6765202283859253,0.28045955300331116
14,0,-0.6746492981910706,1.452904462814331,-0.7011123299598694,-1.8008424043655396,0.05593492090702057,0.0,0.09852612533569335,2.443704128265381,494.66,2.5,824,0.4881068468093872,0.02726525068283081,0.10450717806816101,0.02206900157034397,0.09852612533569335,219,901120,1122.4267130140215,901120,5.3178935050964355,0.2530618906021118,-0.00496682757511735,3.2818572521209717,-0.12472507357597351,-0.6900069117546082,0.29733964800834656
14,0,-0.720022439956665,-0.3738108277320862,-0.7102837562561035,-1.7177926301956177,0.010493230074644089,0.0,0.0007593750000000001,2.411072254180908,556.18,2.7,829,0.5407208800315857,0.05007271468639374,-0.11325272917747498,0.009154079481959343,0.0005062500000000001,229,942080,1173.1696319869952,942080,2.763019561767578,0.10000000149011612,-0.12470532953739166,0.25640639662742615,-0.16409069299697876,-0.7007442116737366,0.011782616376876831
14,0,-0.6930732727050781,2.261385440826416,-0.7168667316436768,-2.654738426208496,0.05168946459889412,0.0,0.008649755859374999,2.551711320877075,562.61,1.9,818,0.6262266039848328,0.03509201854467392,0.09179584681987762,0.008862067013978958,0.008649755859374999,239,983040,1224.0719880020479,983040,5.252002239227295,0.11367039382457733,-0.15465512871742249,3.4316587448120117,-0.22417543828487396,-0.7075552940368652,0.1906784176826477
14,0,-0.6593976020812988,2.069382905960083,-0.7128509879112244,-3.607523202896118,0.13115659356117249,0.0,0.003844335937499999,2.3939363956451416,435.09,3.0,825,0.6140642166137695,0.058323897421360016,-0.0024566208012402058,0.032758697867393494,0.002562890624999999,249,1024000,1274.9937251739902,1024000,7.8649210929870605,0.10000000149011612,0.11641298979520798,3.722810745239258,-0.21616970002651215,-0.7134806513786316,0.7367281317710876
14,0,-0.7384847402572632,1.5959794521331787,-0.7201783061027527,-3.740856170654297,0.10401398688554764,0.0,0.0001,2.3964710235595703,302.81,4.2,824,0.5636360049247742,0.049392081797122955,-0.08598464727401733,0.043705374002456665,0.0001,259,1064960,1325.8851354949875,1064960,5.812057018280029,0.10000000149011612,0.32315701246261597,3.431090831756592,0.020644519478082657,-0.7265738844871521,0.6780193448066711
14,0,-0.7550584077835083,1.6652491092681885,-0.7553617358207703,-3.363478422164917,0.026548080146312714,0.0,0.005766503906249997,2.4815139770507812,414.57,2.7,826,0.8154494166374207,0.043612122535705566,-0.06965450942516327,0.022485215216875076,0.003844335937499998,269,1105920,1376.6350754050072,1105920,5.676241397857666,0.13082563877105713,-0.062010258436203,3.4866526126861572,-0.10567445307970047,-0.7401528358459473,0.11461102962493896
14,0,-0.7685254812240601,-0.2122875601053238,-0.7565132975578308,-2.067000389099121,0.012764227576553822,0.0,0.008649755859375,2.46569561958313,434.94,3.6,823,0.5614358186721802,0.055750422179698944,-0.05384058505296707,0.006088604219257832,0.0057665039062500005,279,1146880,1427.4169418329839,1146880,3.693192958831787,0.10000000149011612,-0.11762844771146774,0.7793381810188293,-0.14006870985031128,-0.74924635887146,0.015823470428586006
14,0,-0.7808917760848999,0.08861220628023148,-0.765046238899231,-4.216906547546387,0.035834938287734985,0.0,0.0007593750000000001,2.482145309448242,495.44,3.2,826,0.4272969961166382,0.07268274575471878,-0.0800507515668869,0.008957069367170334,0.0005062500000000001,289,1187840,1478.138810290955,1187840,3.1917057037353516,0.10000000149011612,-0.126066192984581,1.1729248762130737,-0.1660967618227005,-0.7577517032623291,0.0309506356716156
14,0,-0.7826626896858215,1.2639176845550537,-0.769074559211731,-2.8266122341156006,0.053105562925338745,0.0,0.0001,2.541752338409424,523.55,3.4,832,0.42926397919654846,0.07745607197284698,0.07267934083938599,0.05432404950261116,0.0001,299,1228800,1529.0409694650443,1228800,10.0,0.10000000149011612,-0.12523657083511353,3.655306816101074,-0.22775962948799133,-0.7638442516326904,0.23563086986541748
14,0,-0.782794713973999,1.718392252922058,-0.7757092118263245,-2.844421625137329,0.04765947163105011,0.0,0.0005062499999999999,2.4136099815368652,466.36,3.3,832,0.55224609375,0.051156945526599884,-0.1440202295780182,0.0428384393453598,0.0003374999999999999,309,1269760,1579.4388524900423,1269760,3.8551855087280273,0.10000000149011612,-0.10763150453567505,3.8174567222595215,-0.21146540343761444,-0.7691161036491394,0.25144222378730774
14,0,-0.7721580862998962,2.3953020572662354,-0.7774100303649902,-1.9548672437667847,0.044574059545993805,0.0,0.0011390624999999997,2.507560968399048,424.83,3.1,832,0.4979598820209503,0.0783909484744072,0.11414504051208496,0.024618133902549744,0.0007593749999999997,319,1310720,1629.8911677630385,1310720,7.189591407775879,0.12029705941677094,-0.052832216024398804,3.6870365142822266,-0.2441571205854416,-0.7733801007270813,0.41023120284080505
14,0,-0.7617841958999634,2.121199131011963,-0.7795907855033875,-3.4316258430480957,0.12628087401390076,0.0,0.14778918800354002,2.4427008628845215,432.91,2.4,831,0.9244283437728882,0.03601186349987984,0.12393120676279068,0.023181842640042305,0.14778918800354002,329,1351680,1680.493951209006,1351680,3.663241147994995,0.34300103783607483,-0.025047048926353455,3.7964932918548584,-0.30970773100852966,-0.7736396789550781,0.7328522801399231
14,0,-0.7903674840927124,1.5446140766143799,-0.7844414114952087,-2.249829053878784,0.03168005868792534,0.0,0.003844335937499999,2.471682548522949,338.25,3.5,833,0.7474020719528198,0.05956351011991501,-0.04495396465063095,0.025828462094068527,0.002562890624999999,339,1392640,1731.0158239450539,1392640,3.454435110092163,0.12451112270355225,-0.24293795228004456,3.6935718059539795,-0.32814446091651917,-0.775027871131897,0.19125446677207947
14,0,-0.7943156361579895,2.195274591445923,-0.7850261926651001,-4.207311153411865,0.07808863371610641,0.0,0.01946195068359374,2.477416753768921,421.66,3.0,831,0.4054490923881531,0.041566506028175354,-0.03989149257540703,0.028844010084867477,0.012974633789062493,349,1433600,1781.378485844005,1433600,2.227144956588745,0.10000000149011612,-0.09877477586269379,3.8858439922332764,-0.3201541006565094,-0.7767133116722107,0.6617855429649353
14,0,-0.7955424785614014,0.9823651909828186,-0.7850320339202881,-2.0313684940338135,0.023860713467001915,0.0,0.09852612533569334,2.4431352615356445,533.03,3.0,830,0.5749683976173401,0.03740490972995758,0.009418727830052376,0.015244757756590843,0.09852612533569334,359,1474560,1831.8310760309687,1474560,2.3731648921966553,0.10000000149011612,-0.1647532433271408,3.8145222663879395,-0.3200590908527374,-0.7780930399894714,0.32038167119026184
14,0,-0.7684721350669861,2.3117263317108154,-0.7828466296195984,-4.4751877784729,0.04886915907263756,0.0,0.06568408355712888,2.392763614654541,620.58,3.2,830,0.4380073845386505,0.040036529302597046,0.126834899187088,0.0038290286902338266,0.043789389038085914,369,1515520,1882.305293974001,1515520,3.2174062728881836,0.2111395001411438,-0.2800256311893463,3.9373667240142822,-0.42232659459114075,-0.7768057584762573,0.3619503676891327
14,0,-0.7818371057510376,-0.36490005254745483,-0.776028037071228,-2.736041307449341,0.006098743062466383,0.0,0.043789389038085935,2.39400053024292,611.79,2.8,832,0.5860910415649414,0.05438464507460594,-0.02442927286028862,0.00359214935451746,0.029192926025390625,379,1556480,1932.672840705025,1556480,3.997331142425537,0.10000000149011612,-0.4277970492839813,0.0701703205704689,-0.4485797882080078,-0.7740264534950256,0.005382709205150604
14,0,-0.7682488560676575,2.4840712547302246,-0.7734071612358093,-9.492546081542969,0.15486226975917816,0.0,0.008649755859374999,2.5255813598632812,612.55,2.9,829,1.6405588388442993,0.03694339096546173,-0.04518178105354309,-0.03642670065164566,0.008649755859374999,389,1597440,1983.1524794689612,1597440,3.780352830886841,0.10000000149011612,-0.40959349274635315,6.387361526489258,-0.4932354986667633,-0.769729733467102,0.36374837160110474
14,0,-0.7462865114212036,2.791853904724121,-0.766695499420166,-3.5474884510040283,0.08942165225744247,0.0,0.14778918800354002,2.474534749984741,610.36,3.0,829,30.430797576904297,0.05308911204338074,0.028393946588039398,2.491534471511841,0.09852612533569334,399,1638400,2033.6589891400654,1638400,9.507603645324707,0.232382133603096,-0.3007429838180542,4.916314601898193,-0.4681752026081085,-0.7638905048370361,0.5638590455055237
14,0,-0.7516992092132568,1.6968902349472046,-0.7594087719917297,-3.8203186988830566,0.10129031538963318,0.0,0.09852612533569334,2.481576919555664,529.81,2.9,830,0.6008405089378357,0.04356233403086662,0.020180365070700645,0.02119293436408043,0.06568408355712889,409,1679360,2084.110819590045,1679360,5.2729949951171875,0.14947472512722015,-0.186046302318573,3.9271349906921387,-0.44322144985198975,-0.7606668472290039,0.7819234728813171
14,0,-0.7838463187217712,2.3480896949768066,-0.7635869979858398,-4.075871467590332,0.10604715347290039,0.0,0.06568408355712889,2.4274234771728516,438.24,3.1,830,0.5010173320770264,0.02535175532102585,-0.03778838366270065,0.019517386332154274,0.06568408355712889,419,1720320,2134.5516772270203,1720320,4.563425540924072,0.10080645978450775,-0.09558472782373428,4.026232719421387,-0.33927449584007263,-0.7600870728492737,0.6581162810325623
14,0,-0.7849372029304504,0.5666493773460388,-0.7716169953346252,-4.104345321655273,0.03202429041266441,0.0,0.019461950683593746,2.4836044311523438,406.74,3.8,814,0.4907319247722626,0.11140372604131699,-0.051286809146404266,0.010712290182709694,0.012974633789062497,429,1761280,2185.1872911379905,1761280,7.148348331451416,0.21689879894256592,0.0024941042065620422,5.044849395751953,-0.3319377601146698,-0.7601895332336426,1.1418546438217163
14,0,-0.7239275574684143,2.491553783416748,-0.7668859958648682,-3.389457941055298,0.0990898385643959,0.0,0.029192926025390618,2.428328037261963,382.5,3.3,831,0.6063678860664368,0.050842419266700745,0.08424874395132065,0.02102864533662796,0.019461950683593746,439,1802240,2235.7519309490453,1802240,2.5822341442108154,0.10000000149011612,-0.0989309772849083,4.009799957275391,-0.4126511216163635,-0.7593998312950134,1.0254305601119995
14,0,-0.7640557289123535,1.3664836883544922,-0.7654825448989868,-2.578887701034546,0.024031125009059906,0.0,0.043789389038085914,2.473018169403076,325.4,3.1,832,0.42260655760765076,0.05093594640493393,-0.03911641240119934,0.0066901096142828465,0.02919292602539061,449,1843200,2286.1505150010344,1843200,4.485265731811523,0.10000000149011612,-0.20165345072746277,3.902954339981079,-0.44326817989349365,-0.7600861191749573,0.8635141253471375
14,0,-0.7505801916122437,2.7576258182525635,-0.762809157371521,-2.1126582622528076,0.04985082149505615,0.0,0.09852612533569331,2.432680606842041,304.84,3.2,832,0.3274044990539551,0.036121852695941925,0.057071417570114136,0.006240030750632286,0.09852612533569331,459,1884160,2336.4688508439576,1884160,2.5346899032592773,0.10000000149011612,-0.15310955047607422,3.89469838142395,-0.41323941946029663,-0.7586804628372192,0.7500961422920227
14,0,-0.7078647017478943,1.8070112466812134,-0.759972333908081,-3.2601747512817383,0.11325740814208984,0.0,0.22168378200530994,2.2754287719726562,355.26,4.4,829,1.4823213815689087,0.031067170202732086,0.059140417724847794,0.06210935488343239,0.22168378200530994,469,1925120,2386.7676198830595,1925120,2.6823599338531494,0.1028624027967453,0.2658240795135498,4.3180036544799805,-0.3457967936992645,-0.7576099038124084,1.8457672595977783
14,0,-0.8040658235549927,1.243393898010254,-0.7756820917129517,-5.719780445098877,0.13592778146266937,0.0,0.22168378200530994,2.198941230773926,233.1,4.8,831,4.161379814147949,0.025263924151659012,-0.04485546797513962,0.1004161685705185,0.22168378200530994,479,1966080,2437.0419860969996,1966080,3.304596424102783,0.2522219121456146,0.4992486834526062,4.141506671905518,0.03552430868148804,-0.7580822110176086,1.4232478141784668
14,0,-0.7822763323783875,1.3852304220199585,-0.777402937412262,-1.9679065942764282,0.035429421812295914,0.0,0.003844335937499998,2.3371527194976807,351.35,3.7,831,0.4462553858757019,0.03779057413339615,-0.004384906031191349,0.022101793438196182,0.003844335937499998,489,2007040,2487.345373368007,2007040,5.343592166900635,0.29488781094551086,0.149796262383461,3.843871593475342,-0.22496457397937775,-0.7616523504257202,0.857390820980072
14,0,-0.7573015689849854,1.26031494140625,-0.7670488357543945,-5.073389530181885,0.08760236948728561,0.0,0.043789389038085914,2.1826181411743164,387.67,4.6,831,0.6095710396766663,0.021243469789624214,0.045939184725284576,0.016544241458177567,0.043789389038085914,499,2048000,2537.8431343829725,2048000,1.9520423412322998,0.2987244725227356,0.33990028500556946,3.9145684242248535,-0.3895009756088257,-0.7620749473571777,1.5026472806930542
14,0,-0.7925412058830261,1.9604233503341675,-0.7711269855499268,-2.9588141441345215,0.04141421616077423,0.0,0.04378938903808593,2.3464088439941406,360.07,3.7,824,0.5336495041847229,0.04816598817706108,-0.019528061151504517,0.01224867906421423,0.029192926025390618,509,2088960,2588.3486884710146,2088960,3.4886672496795654,0.10960493981838226,-0.2482641637325287,4.0661211013793945,-0.4095969796180725,-0.7632157802581787,0.42277058959007263
14,0,-0.780597448348999,0.15171562135219574,-0.7675224542617798,-3.8148980140686035,0.020970121026039124,0.0,0.04378938903808591,2.444314956665039,337.85,3.7,830,0.4438415765762329,0.026637863367795944,-0.13621321320533752,0.003058853093534708,0.04378938903808591,519,2129920,2638.8627124279737,2129920,3.117584228515625,0.10000000149011612,-0.2496006041765213,3.838923931121826,-0.3927484154701233,-0.7631332874298096,0.2888337969779968
14,0,-0.7993267774581909,0.7938534617424011,-0.7655456066131592,-3.8278355598449707,0.07773175090551376,0.0,0.09852612533569331,2.387636661529541,395.4,4.0,831,0.5889952182769775,0.03372370824217796,-0.10181319713592529,0.016296816989779472,0.09852612533569331,529,2170880,2689.3177460290026,2170880,3.1388890743255615,0.19930507242679596,0.06059793010354042,4.021311283111572,-0.4712543785572052,-0.7613202333450317,1.2871356010437012
14,0,-0.755220890045166,2.443216323852539,-0.7657191157341003,-3.9470698833465576,0.062289901077747345,0.0,0.0001,2.3855226039886475,345.96,3.6,831,0.3495948612689972,0.04769877716898918,-0.048364683985710144,0.013769680634140968,0.0001,539,2211840,2740.0177825790597,2211840,5.662241458892822,0.10000000149011612,-0.22437512874603271,3.8342318534851074,-0.4935058653354645,-0.7590154409408569,0.9101267457008362
14,0,-0.7656325697898865,1.6351165771484375,-0.7621866464614868,-5.290749549865723,0.08460845053195953,0.0,0.019461950683593746,2.310214042663574,287.29,4.5,832,0.5759616494178772,0.052425891160964966,-0.05615760385990143,0.029178835451602936,0.012974633789062497,549,2252800,2790.6158400339773,2252800,6.712154865264893,0.10759436339139938,-0.033994317054748535,3.80102276802063,-0.4579794704914093,-0.7559260129928589,0.9346911907196045
14,0,-0.7491220235824585,2.0164315700531006,-0.75853431224823,-4.32619571685791,0.10481790453195572,0.0,0.09852612533569334,2.143998146057129,243.1,4.4,832,0.6565147042274475,0.029034936800599098,-0.015170053578913212,0.026338158175349236,0.09852612533569334,559,2293760,2841.0329379769973,2293760,3.116786479949951,0.10000000149011612,0.677850604057312,3.9963905811309814,-0.34353139996528625,-0.7618398070335388,2.781614303588867
14,0,-0.7658485174179077,2.346813201904297,-0.7585324048995972,-2.6147079467773438,0.07724631577730179,0.0,0.33252567300796504,2.3083956241607666,252.82,3.7,833,0.5447521209716797,0.022546112537384033,0.014994556084275246,0.025263268500566483,0.33252567300796504,569,2334720,2891.2849592569983,2334720,2.376216411590576,0.16419555246829987,0.16700826585292816,3.9166550636291504,-0.3441602289676666,-0.754284143447876,1.7520965337753296
14,0,-0.7440718412399292,1.8166183233261108,-0.7540920972824097,-4.5853352546691895,0.12572632730007172,0.0,0.09852612533569331,2.2104334831237793,235.31,5.0,831,0.6205403208732605,0.03576149791479111,-0.008383973501622677,0.03292771801352501,0.09852612533569331,579,2375680,2941.5714504120406,2375680,2.532442569732666,0.10000000149011612,0.5882388949394226,3.7468457221984863,-0.27904438972473145,-0.7514590620994568,2.287757396697998
14,0,-0.801033616065979,0.6364615559577942,-0.7513951659202576,-4.905905723571777,0.12812119722366333,0.0,0.0005062499999999999,2.335214614868164,260.43,3.8,828,0.41334185004234314,0.05880770832300186,-0.1600881814956665,0.03193134069442749,0.0003374999999999999,589,2416640,2991.9161327889888,2416640,3.1197445392608643,0.10000000149011612,0.19483700394630432,3.738569736480713,-0.09325671941041946,-0.7504416108131409,1.1646939516067505
14,0,-0.766938328742981,0.9924636483192444,-0.7681517601013184,-2.2895002365112305,0.04607528820633888,0.0,0.043789389038085914,2.201791286468506,296.97,4.1,835,0.4865867793560028,0.035120170563459396,0.007225820329040289,0.015580661594867706,0.043789389038085914,599,2457600,3042.1843887419673,2457600,3.087575674057007,0.19254383444786072,0.5784503221511841,3.7430129051208496,0.45207956433296204,-0.8713178038597107,1.576615810394287
14,0,-0.7547756433486938,0.1843666434288025,-0.755007803440094,-2.150118112564087,0.03318701311945915,0.0,0.0002249999999999999,2.3349905014038086,434.09,3.9,832,0.43630310893058777,0.04487603157758713,-0.005704160779714584,0.00802636332809925,0.00014999999999999993,609,2498560,3092.595219093957,2498560,10.0,0.10000000149011612,-0.04505870118737221,3.698962450027466,-0.41214627027511597,-0.7711619734764099,1.263545274734497
14,0,-0.7737226486206055,2.2249276638031006,-0.753308892250061,-2.2633755207061768,0.05051594227552414,0.0,0.0001,2.270020008087158,341.62,4.5,829,0.45629483461380005,0.05603638291358948,-0.11719036102294922,0.012887749820947647,0.0001,619,2539520,3142.9871814099606,2539520,4.329224109649658,0.10000000149011612,-0.010686894878745079,4.084151268005371,-0.3642624616622925,-0.7825700044631958,1.1657592058181763
14,0,-0.7635143995285034,0.45953667163848877,-0.7581093311309814,-1.780077576637268,0.026591680943965912,0.0,0.0017085937499999994,2.0907630920410156,310.52,4.3,832,0.5006095170974731,0.06938962638378143,-0.07335866987705231,0.00713719055056572,0.0011390624999999997,629,2580480,3193.355888174963,2580480,5.929433822631836,0.10000000149011612,0.08816641569137573,3.8350279331207275,-0.1417749673128128,-0.7512570023536682,0.9182778000831604
14,0,-0.7691559195518494,0.6283633708953857,-0.7500547766685486,-1.6807875633239746,0.015710439532995224,0.0,0.0001,2.3536996841430664,389.66,3.7,831,0.48865482211112976,0.04599139839410782,-0.15118564665317535,0.008465919643640518,0.0001,639,2621440,3243.794904915034,2621440,4.617450714111328,0.10850268602371216,-0.2948378622531891,3.802947759628296,-0.6218986511230469,-0.7487326264381409,0.41162344813346863
14,0,-0.7607307434082031,1.3399115800857544,-0.7486698627471924,-5.142139434814453,0.08182556927204132,0.0,0.01946195068359374,2.127103567123413,288.3,5.1,829,0.4277716279029846,0.05410692095756531,-0.0644843578338623,0.01973736099898815,0.012974633789062493,649,2662400,3294.182849814999,2662400,3.0590527057647705,0.12772008776664734,0.16764190793037415,3.638976573944092,-0.4082094430923462,-0.7478072643280029,1.6600254774093628
14,0,-0.7021169066429138,2.0077810287475586,-0.7498544454574585,-3.7113101482391357,0.12668603658676147,0.0,0.005766503906249999,2.176422595977783,356.7,4.1,826,0.5586665272712708,0.045511532574892044,0.013432931154966354,0.06210371479392052,0.003844335937499999,659,2703360,3344.631145323976,2703360,2.8079581260681152,0.10000000149011612,0.3630712032318115,3.7140605449676514,0.14293831586837769,-0.7483767867088318,1.0816607475280762
14,0,-0.7848916053771973,-0.20080260932445526,-0.7553550004959106,-4.979721546173096,0.03882753476500511,0.0,0.0011390624999999995,2.253352642059326,394.61,3.8,834,0.43006569147109985,0.046302780508995056,-0.08787568658590317,0.0120921041816473,0.0007593749999999996,669,2744320,3395.19159848406,2744320,3.003302574157715,0.2665710747241974,-0.2087712436914444,3.651475191116333,-0.2759733498096466,-0.7718655467033386,0.3284505009651184
14,0,-0.7706170082092285,-0.14005935192108154,-0.7493784427642822,-2.63537335395813,0.023308223113417625,0.0,0.0001,2.199207067489624,326.01,5.0,816,0.4567011892795563,0.05162661150097847,-0.1600746214389801,0.010786515660583973,0.0001,679,2785280,3445.54329048004,2785280,3.787559986114502,0.17201821506023407,-0.2853257656097412,3.8566253185272217,-0.23307794332504272,-0.7461664080619812,0.3263086974620819
14,0,-0.7640060186386108,0.5580956339836121,-0.7402775883674622,-4.420217037200928,0.07203710079193115,0.0,0.003844335937499998,2.2999935150146484,263.17,5.3,829,0.44629019498825073,0.050553303211927414,-0.0806882381439209,0.013151648454368114,0.0025628906249999988,689,2826240,3495.8893445059657,2826240,4.049098491668701,0.10000000149011612,-0.1327621042728424,4.093420505523682,-0.6647679209709167,-0.7912886738777161,1.0736840963363647
14,0,-0.7482314705848694,1.9732335805892944,-0.7445389032363892,-2.4117660522460938,0.05206998437643051,0.0,0.0001,2.1613757610321045,299.47,4.3,831,0.5497124195098877,0.07024324685335159,-0.06870535016059875,0.0163390152156353,0.0001,699,2867200,3546.1668715979904,2867200,4.58901834487915,0.13131053745746613,0.0068695396184921265,3.784792184829712,-0.03467709198594093,-0.7542910575866699,0.7469541430473328
14,0,-0.7492709159851074,1.6065614223480225,-0.7397137880325317,-4.376726150512695,0.10038532316684723,0.0,0.0007593749999999996,2.2292518615722656,267.24,4.5,832,0.47036421298980713,0.05454959720373154,-0.03745974227786064,0.017707858234643936,0.0005062499999999998,709,2908160,3596.5967837660573,2908160,3.689223051071167,0.1386282742023468,0.4400750398635864,4.201429843902588,0.16002674400806427,-0.7428703904151917,1.581190824508667
14,0,-0.7588670253753662,1.6170462369918823,-0.7515437602996826,-3.0676629543304443,0.054291531443595886,0.0,0.02919292602539061,2.2453556060791016,209.74,4.7,832,0.4785071611404419,0.04392129182815552,-0.037476807832717896,0.017243454232811928,0.01946195068359374,719,2949120,3647.0348248759983,2949120,5.9292497634887695,0.1456488072872162,0.13867336511611938,3.5482261180877686,-0.16504478454589844,-0.745205283164978,0.9984982013702393
14,0,-0.7277958393096924,1.7308305501937866,-0.7491742968559265,-3.0132367610931396,0.08705534040927887,0.0,0.019461950683593746,2.1654393672943115,235.05,6.0,832,0.5088561177253723,0.06245330348610878,-0.012116442434489727,0.03811061382293701,0.012974633789062497,729,2990080,3697.334341348964,2990080,4.5742926597595215,0.10000000149011612,0.332059383392334,3.6920158863067627,-0.22623354196548462,-0.7458401322364807,1.7556980848312378
14,0,-0.7499828338623047,1.9137881994247437,-0.7515279650688171,-4.822279453277588,0.07928625494241714,0.0,0.09852612533569334,2.2021725177764893,181.0,5.7,831,0.4722194969654083,0.04724905639886856,-0.052215591073036194,0.02124575898051262,0.06568408355712889,739,3031040,3747.7329466299852,3031040,2.8340582847595215,0.10000000149011612,0.3725103735923767,3.5468361377716064,-0.16071851551532745,-0.7469506859779358,1.8028910160064697
14,0,-0.7650098204612732,1.8318731784820557,-0.7568438649177551,-2.9771270751953125,0.06131899356842041,0.0,0.043789389038085914,2.1505181789398193,199.48,4.2,833,0.4289798140525818,0.03905832767486572,0.007915761321783066,0.010651586577296257,0.043789389038085914,749,3072000,3798.1196152010234,3072000,2.8373444080352783,0.15058138966560364,0.33951810002326965,3.6620237827301025,-0.15717265009880066,-0.7485703229904175,1.8297697305679321
14,0,-0.7523378133773804,1.786133885383606,-0.747363805770874,-4.320550918579102,0.09519457817077637,0.0,0.005766503906249999,2.1436519622802734,190.77,4.9,832,0.49481335282325745,0.04662201926112175,-0.1150689348578453,0.019846029579639435,0.003844335937499999,759,3112960,3848.5459819240496,3112960,4.206886291503906,0.10558612644672394,0.29558056592941284,3.6789615154266357,-0.14703845977783203,-0.7490256428718567,1.689786672592163
14,0,-0.7708994746208191,1.7784395217895508,-0.7462735772132874,-4.3191304206848145,0.1318942755460739,0.0,0.003844335937499999,2.1418144702911377,177.46,6.5,796,0.6053774952888489,0.05045844614505768,-0.04568042233586311,0.03674576058983803,0.002562890624999999,769,3153920,3899.3018352249637,3153920,8.252542495727539,0.11416833102703094,0.778070330619812,3.782933473587036,0.42711642384529114,-0.7493316531181335,2.243866443634033
14,0,-0.7613454461097717,1.629173755645752,-0.7526203989982605,-4.196412086486816,0.12225168198347092,0.0,0.02919292602539061,2.188295364379883,208.94,5.3,829,0.5403062105178833,0.057382531464099884,-0.03008643165230751,0.04083380848169327,0.01946195068359374,779,3194880,3952.2460848250194,3194880,4.793787956237793,0.10000000149011612,0.43369603157043457,3.4451677799224854,0.1363261193037033,-0.7521560788154602,1.5438097715377808
14,0,-0.7177500128746033,1.3728991746902466,-0.7569995522499084,-2.4595439434051514,0.10298403352499008,0.0,0.14778918800353996,1.958295464515686,198.42,5.9,832,0.5104120969772339,0.04655970633029938,0.002605428919196129,0.024841628968715668,0.09852612533569331,789,3235840,4002.865116138011,3235840,2.717054605484009,0.16304410994052887,0.7605388760566711,3.4445457458496094,0.4357203543186188,-0.7951093912124634,1.5306774377822876
14,0,-0.7204844951629639,1.7756710052490234,-0.758426308631897,-2.040708065032959,0.07608938217163086,0.0,0.003844335937499998,2.099595069885254,198.22,6.0,829,0.4555297791957855,0.05537809431552887,0.025995172560214996,0.00921783410012722,0.0025628906249999988,799,3276800,4053.355586885009,3276800,3.275930404663086,0.12633845210075378,0.41525453329086304,3.320185661315918,-0.12310025095939636,-0.759042501449585,1.6203919649124146
14,0,-0.7649903297424316,1.6376111507415771,-0.7613623142242432,-3.390566825866699,0.09400510787963867,0.0,0.01946195068359374,2.0392842292785645,207.79,5.3,831,0.47498661279678345,0.047352273017168045,0.018296120688319206,0.03356381133198738,0.012974633789062493,809,3317760,4103.815286000958,3317760,2.5905089378356934,0.10660960525274277,0.6700938940048218,3.3716351985931396,0.14998361468315125,-0.7624191641807556,1.709118127822876
14,0,-0.7410600781440735,1.5548808574676514,-0.755158543586731,-3.989435911178589,0.1357077956199646,0.0,0.003844335937499999,2.047936201095581,150.14,6.2,831,0.5374093055725098,0.05385832488536835,-0.020225966349244118,0.03147803992033005,0.002562890624999999,819,3358720,4154.593238148023,3358720,6.863779544830322,0.10000000149011612,0.714801549911499,3.241325616836548,0.08209982514381409,-0.766344428062439,1.556416630744934
14,0,-0.7759360074996948,1.8077428340911865,-0.7845813035964966,-3.587258815765381,0.10264964401721954,0.0,0.012974633789062493,1.8925204277038574,164.75,5.8,829,0.4833666980266571,0.04413066804409027,-0.027223246172070503,0.02245461940765381,0.008649755859374995,829,3399680,4205.363757631043,3399680,2.5406157970428467,0.16971735656261444,1.0643579959869385,3.2072603702545166,0.8221225142478943,-0.7711645364761353,1.3937162160873413
14,0,-0.7741885185241699,1.2578352689743042,-0.775373101234436,-4.086739540100098,0.11764182895421982,0.0,0.005766503906249999,1.9104019403457642,172.93,6.4,828,0.4514714479446411,0.0462157316505909,-0.05892053619027138,0.025649752467870712,0.003844335937499999,839,3440640,4256.043750046054,3440640,4.536414623260498,0.112015001475811,0.9187343716621399,3.481527805328369,0.40299326181411743,-0.7746236324310303,1.743604302406311
14,0,-0.7739064693450928,1.5099499225616455,-0.7827976942062378,-2.7712888717651367,0.10842489451169968,0.0,0.008649755859374995,1.8869808912277222,151.33,6.2,833,0.5198760032653809,0.055483557283878326,-0.021423464640975,0.02529868856072426,0.005766503906249997,849,3481600,4306.536123291007,3481600,5.031496047973633,0.10000000149011612,1.1596879959106445,3.1840438842773438,1.1238106489181519,-0.778872013092041,1.6963307857513428
14,0,-0.7885132431983948,0.3571285605430603,-0.7877033352851868,-2.64906644821167,0.047492776066064835,0.0,0.0005062499999999999,2.1078081130981445,192.43,6.5,832,0.34054630994796753,0.052259765565395355,-0.03893179073929787,0.007875362411141396,0.0003374999999999999,859,3522560,4357.036198480986,3522560,4.242608070373535,0.10000000149011612,0.3347102999687195,3.5768110752105713,-0.10561361163854599,-0.7823866605758667,1.0305311679840088
14,0,-0.7623359560966492,1.534197449684143,-0.768767237663269,-3.5174012184143066,0.09924817085266113,0.0,0.14778918800353996,1.7279245853424072,137.18,6.8,831,0.6183958649635315,0.029717013239860535,0.02125588059425354,0.024315722286701202,0.14778918800353996,869,3563520,4407.558624326019,3563520,2.6601970195770264,0.1841869205236435,1.2591490745544434,3.1467649936676025,0.9967361092567444,-0.7856255173683167,1.85836660861969
14,0,-0.8228812217712402,0.8709763884544373,-0.7998189330101013,-4.585110187530518,0.11043575406074524,0.0,0.01946195068359374,2.0221731662750244,144.75,6.7,830,0.49497929215431213,0.03303969278931618,-0.012953665107488632,0.026869315654039383,0.01946195068359374,879,3604480,4458.106884134002,3604480,2.964996814727783,0.10000000149011612,0.9903628826141357,3.069525957107544,0.03426294028759003,-0.7902587652206421,1.6750435829162598
14,0,-0.8367335200309753,1.5498939752578735,-0.8075831532478333,-4.128666400909424,0.09970111399888992,0.0,0.04378938903808593,1.9476656913757324,222.13,6.4,831,0.5402404069900513,0.04827701300382614,-0.04450634494423866,0.019982559606432915,0.029192926025390618,889,3645440,4508.544383923989,3645440,3.3174245357513428,0.21029232442378998,0.9007909893989563,3.1456642150878906,0.41156378388404846,-0.7954124212265015,1.2731671333312988
14,0,-0.79041987657547,1.3957152366638184,-0.7919673323631287,-3.4817166328430176,0.08415248245000839,0.0,0.09852612533569331,1.681732416152954,126.97,6.8,832,0.6583426594734192,0.04028214514255524,-0.018420787528157234,0.02514050528407097,0.06568408355712888,899,3686400,4559.097729003057,3686400,2.7332048416137695,0.1628425568342209,1.4147005081176758,3.0429093837738037,1.4518400430679321,-0.806840181350708,1.6108918190002441
14,0,-0.8201132416725159,0.7702615261077881,-0.8023548722267151,-3.811739921569824,0.13668681681156158,0.0,0.0017085937499999992,1.5832951068878174,142.68,7.5,831,0.5974254012107849,0.05311613902449608,-0.007518460974097252,0.05688147991895676,0.0011390624999999995,909,3727360,4609.587770833983,3727360,8.268139839172363,0.21957619488239288,1.1850759983062744,2.9277753829956055,0.6281692385673523,-0.8044310212135315,1.3831743001937866
14,0,-0.8371756076812744,1.284826636314392,-0.8225351572036743,-4.2551422119140625,0.12246605008840561,0.0,0.09852612533569335,1.6935110092163086,137.3,7.3,831,0.4504171311855316,0.03337196260690689,-0.05158383399248123,0.024836592376232147,0.09852612533569335,919,3768320,4660.284547697054,3768320,5.400929927825928,0.13215294480323792,1.4716434478759766,3.142759323120117,1.0935901403427124,-0.8088927268981934,1.387398600578308
14,0,-0.8169636726379395,0.8278365731239319,-0.815758228302002,-3.2579591274261475,0.09394964575767517,0.0,0.22168378200531003,1.8628636598587036,114.07,7.0,830,0.7992163300514221,0.03310338407754898,-0.006487036589533091,0.049118462949991226,0.22168378200531003,929,3809280,4711.018263022997,3809280,6.554054260253906,0.17840489745140076,1.4507205486297607,2.818843364715576,1.7419936656951904,-0.8136244416236877,1.2915171384811401
14,0,-0.8514420986175537,0.780737042427063,-0.8292586207389832,-3.169563055038452,0.100750632584095,0.0,0.0002249999999999999,1.8421003818511963,138.57,7.0,830,0.5703996419906616,0.056467585265636444,-0.06024809181690216,0.028434284031391144,0.00014999999999999993,939,3850240,4761.478367812,3850240,3.92370343208313,0.1354033201932907,1.0303621292114258,2.8380560874938965,0.6314802169799805,-0.8190832138061523,1.1802526712417603
14,0,-0.8751741647720337,0.779725968837738,-0.833392858505249,-4.059467792510986,0.14478622376918793,0.0,0.04378938903808593,1.8592123985290527,119.49,7.0,829,0.5628998279571533,0.048820044845342636,-0.03578567877411842,0.04173217713832855,0.029192926025390618,949,3891200,4812.052320493036,3891200,2.944141149520874,0.10000000149011612,1.1645994186401367,2.805269479751587,0.9833816885948181,-0.8248836994171143,1.3354793787002563
14,0,-0.814399242401123,0.5143535137176514,-0.8253577947616577,-3.8570828437805176,0.11478379368782043,0.0,0.012974633789062497,1.8518242835998535,108.71,7.6,830,0.500291109085083,0.051257867366075516,-0.026626311242580414,0.030759450048208237,0.008649755859374999,959,3932160,4862.473790587974,3932160,2.9072213172912598,0.11468629539012909,1.3172533512115479,2.8196914196014404,1.286118745803833,-0.8304693698883057,1.1260013580322266
14,0,-0.8083304762840271,0.7060779929161072,-0.8387721180915833,-2.930555820465088,0.08832725137472153,0.0,0.003844335937499998,1.6591075658798218,107.35,8.2,831,0.5041044354438782,0.05067402496933937,-0.11258761584758759,0.0196575578302145,0.0025628906249999988,969,3973120,4912.942606257973,3973120,3.3486733436584473,0.27334123849868774,1.724660873413086,2.628875494003296,2.1603457927703857,-0.8609472513198853,0.8741728663444519
14,0,-0.8441632986068726,0.5636411309242249,-0.8497494459152222,-4.174304962158203,0.1246262788772583,0.0,0.0005062499999999998,1.8898208141326904,116.09,8.0,830,0.5252374410629272,0.04222249984741211,-0.08725473284721375,0.04139116033911705,0.00033749999999999986,979,4014080,4963.474671037053,4014080,5.346669673919678,0.30623388290405273,1.6529375314712524,2.823017120361328,2.0331268310546875,-0.8403950929641724,1.1767345666885376
14,0,-0.8795700073242188,0.9011196494102478,-0.8689415454864502,-3.4176721572875977,0.058448635041713715,0.0,0.33252567300796493,2.188832998275757,134.24,7.5,832,1.4754990339279175,0.02900005504488945,-0.02102559804916382,0.10037440061569214,0.33252567300796493,989,4055040,5014.021737257019,4055040,2.2402493953704834,0.21076902747154236,0.873820424079895,2.5219953060150146,1.0135512351989746,-0.8762430548667908,1.3748563528060913
14,0,-0.8965194225311279,0.5150421261787415,-0.8626309633255005,-3.4688374996185303,0.08341673761606216,0.0,0.012974633789062497,1.9353201389312744,197.0,7.1,821,0.4625440537929535,0.04113701730966568,-0.012601686641573906,0.02664068713784218,0.008649755859374999,999,4096000,5064.620769076049,4096000,4.0159502029418945,0.24394968152046204,1.0464239120483398,2.679140090942383,0.7680394649505615,-0.8892319202423096,1.3676329851150513
14,0,-0.8735588788986206,0.6963624954223633,-0.8504676222801208,-3.2635908126831055,0.11717625707387924,0.0,0.012974633789062493,1.8122186660766602,139.05,7.3,824,0.4256729185581207,0.04976482689380646,-0.04338067024946213,0.030320705845952034,0.008649755859374995,1009,4136960,5115.349811507971,4136960,2.4203920364379883,0.10000000149011612,1.3920719623565674,2.5641884803771973,1.7954366207122803,-0.8539321422576904,1.1042348146438599
14,0,-0.8763138651847839,0.6745318174362183,-0.8618608713150024,-4.053172588348389,0.08125251531600952,0.0,0.012974633789062493,1.8584518432617188,115.36,6.9,824,0.484780877828598,0.04875735938549042,-0.0585823655128479,0.030466362833976746,0.008649755859374995,1019,4177920,5166.61662331305,4177920,10.0,0.13727061450481415,0.841333270072937,2.5246386528015137,0.5927076935768127,-0.8704227209091187,1.6644606590270996
14,0,-0.8623395562171936,0.9703375101089478,-0.8567806482315063,-3.6675610542297363,0.0849197581410408,0.0,0.008649755859374995,1.7906694412231445,129.35,6.9,821,0.38175830245018005,0.049036361277103424,-0.06738360226154327,0.023644668981432915,0.005766503906249997,1029,4218880,5217.728909961064,4218880,3.0441555976867676,0.10000000149011612,1.1187686920166016,2.4957926273345947,1.7096378803253174,-0.8619409203529358,1.577958345413208
14,0,-0.8558412194252014,0.8785257339477539,-0.8526666760444641,-3.713451862335205,0.096455879509449,0.0,0.002562890624999999,1.7240631580352783,142.6,6.5,830,0.4765949249267578,0.054123833775520325,-0.09762206673622131,0.031293146312236786,0.0017085937499999994,1039,4259840,5268.852594156051,4259840,4.816938877105713,0.10011114180088043,1.2618497610092163,2.46433424949646,1.4891347885131836,-0.8661532402038574,0.9614254236221313
14,0,-0.8915183544158936,0.297982782125473,-0.8536122441291809,-3.4824583530426025,0.12086577713489532,0.0,0.09852612533569334,1.7941102981567383,115.79,7.4,832,0.5861484408378601,0.040539078414440155,-0.0048207007348537445,0.07935681194067001,0.06568408355712889,1049,4300800,5319.398554643034,4300800,3.2292697429656982,0.1542838215827942,1.239755630493164,2.4060170650482178,1.5864250659942627,-0.8718001246452332,0.8723502159118652
14,0,-0.8857410550117493,0.6169180274009705,-0.8635138273239136,-3.78267240524292,0.12134860455989838,0.0,0.005766503906249997,1.6649281978607178,109.1,7.4,830,0.5798373818397522,0.04966849833726883,-0.0486409030854702,0.05387382581830025,0.003844335937499998,1059,4341760,5370.178935155971,4341760,2.6759493350982666,0.10000000149011612,1.406639814376831,2.6884572505950928,1.8974827527999878,-0.8775090575218201,0.8703301548957825
14,0,-0.8789382576942444,0.3498435616493225,-0.8731195330619812,-2.973951578140259,0.0799420028924942,0.0,0.008649755859374993,1.501821756362915,91.26,8.2,830,0.45343393087387085,0.034502122551202774,0.0017437050119042397,0.024208499118685722,0.008649755859374993,1069,4382720,5420.800111123011,4382720,2.6644232273101807,0.18332870304584503,1.7480754852294922,2.2986502647399902,1.9234987497329712,-0.8837282657623291,0.3528449237346649
14,0,-0.9220947623252869,0.32048383355140686,-0.8978562355041504,-3.774136543273926,0.11270596832036972,0.0,0.005766503906249997,1.6480419635772705,93.3,8.5,830,0.53724205493927,0.05431656539440155,-0.024622349068522453,0.04969538003206253,0.003844335937499998,1079,4423680,5471.376225474058,4423680,3.1643214225769043,0.1124897226691246,1.5481889247894287,2.2855257987976074,1.8871790170669556,-0.8900420665740967,0.4881364703178406
14,0,-0.8408240675926208,0.3041730523109436,-0.8699997663497925,-1.4602344036102295,0.03155235946178436,0.0,0.005766503906249999,1.5608770847320557,111.83,8.8,834,0.5377867221832275,0.05825743079185486,-0.06574328243732452,0.00990995392203331,0.003844335937499999,1089,4464640,5521.906566406018,4464640,3.1407454013824463,0.10000000149011612,1.7177845239639282,2.2171432971954346,1.79178786277771,0.3985413610935211,0.18433299660682678
14,0,-0.9361317157745361,0.7422088980674744,-0.8975806832313538,-4.099142074584961,0.12543483078479767,0.0,0.005766503906249997,1.6214532852172852,99.16,8.9,834,0.4776736795902252,0.04648011177778244,-0.04046260938048363,0.04851854220032692,0.003844335937499998,1099,4505600,5572.341744355974,4505600,2.2155864238739014,0.10000000149011612,1.6278817653656006,2.349396228790283,1.780152678489685,-0.9034112095832825,0.2977292537689209
14,0,-0.880939245223999,0.5769617557525635,-0.8954477310180664,-3.587831497192383,0.05352500081062317,0.0,0.0017085937499999994,1.5110352039337158,130.28,8.7,826,0.5632644891738892,0.05392902344465256,-0.04390690475702286,0.032907117158174515,0.0011390624999999997,1109,4546560,5622.846900501056,4546560,3.272153615951538,0.10000000149011612,1.6583808660507202,2.1934874057769775,1.6869288682937622,-0.9106187224388123,0.17023694515228271
14,0,-0.966917872428894,0.4158160984516144,-0.8930444717407227,-3.7458293437957764,0.1312025785446167,0.0,0.0001,1.6776460409164429,104.44,8.5,832,0.5051068067550659,0.06243009865283966,-0.0610550120472908,0.04968414455652237,0.0001,1119,4587520,5673.298457744997,4587520,4.047167778015137,0.10000000149011612,1.5496461391448975,2.1160614490509033,1.7685590982437134,-0.9175415635108948,0.3449399471282959
14,0,-0.9427764415740967,0.2874053716659546,-0.9270793795585632,-3.3874127864837646,0.05384831875562668,0.0,0.00014999999999999993,1.5572699308395386,94.4,8.7,836,0.47956135869026184,0.052952174097299576,-0.06798429787158966,0.021353643387556076,0.0001,1129,4628480,5723.556806611014,4628480,3.4845004081726074,0.21574996411800385,1.5986334085464478,2.131639003753662,1.8483580350875854,-0.9241984486579895,0.3202139437198639
14,0,-0.9804131984710693,0.7256149053573608,-0.9521502256393433,-3.698073387145996,0.061382099986076355,0.0,0.0002249999999999999,1.7777786254882812,94.23,8.7,831,0.46615132689476013,0.05110936611890793,-0.043444983661174774,0.02896927297115326,0.00014999999999999993,1139,4669440,5774.109777631005,4669440,3.0956311225891113,0.22067196667194366,1.3586859703063965,2.1583425998687744,1.6830874681472778,-0.9363418817520142,0.4091973602771759
14,0,-0.9363792538642883,0.536865770816803,-0.9408512711524963,-2.6184728145599365,0.031012827530503273,0.0,0.008649755859374995,1.6087161302566528,134.58,9.0,834,0.4697418212890625,0.0462237223982811,-0.03793492168188095,0.010612170211970806,0.005766503906249997,1149,4710400,5824.607154694968,4710400,2.6289892196655273,0.2134261131286621,1.4836163520812988,2.14502215385437,1.7775689363479614,-0.9379364252090454,0.3264394998550415
14,0,-0.9401047229766846,2.2178258895874023,-0.9543423056602478,-1.7284263372421265,0.025002211332321167,0.0,0.00022499999999999994,1.794245958328247,140.37,9.1,812,0.49046552181243896,0.05997215211391449,-0.06925840675830841,0.013082812540233135,0.00014999999999999996,1159,4751360,5875.390663975035,4751360,10.0,0.21503058075904846,1.0273008346557617,2.023267984390259,0.5401491522789001,-0.0749538242816925,0.45029217004776
14,0,-0.9603707790374756,-0.12910711765289307,-0.9529259204864502,-3.007664203643799,0.03715133294463158,0.0,0.14778918800354002,1.5698165893554688,96.67,8.8,831,0.5015692710876465,0.040795378386974335,-0.05166462063789368,0.021535823121666908,0.09852612533569334,1169,4792320,5925.9876127720345,4792320,3.687593460083008,0.11243835836648941,1.5728466510772705,2.0416083335876465,1.758367657661438,-0.9513938426971436,0.22531409561634064
14,0,-0.943112850189209,0.22286222875118256,-0.9479201436042786,-3.0300018787384033,0.03727778047323227,0.0,0.0007593749999999997,1.485624074935913,124.23,9.5,832,0.4154913127422333,0.05918988585472107,-0.07341504096984863,0.011028646491467953,0.0005062499999999999,1179,4833280,5976.460475533968,4833280,5.264604091644287,0.17130234837532043,1.3585244417190552,2.077853202819824,1.71989107131958,-0.9581305384635925,0.4239085912704468
14,0,-0.9528868198394775,0.2894481122493744,-0.9621148109436035,-2.7517364025115967,0.02473784051835537,0.0,0.019461950683593746,1.432347297668457,98.94,9.5,831,0.4200763404369354,0.04649563133716583,-0.036225199699401855,0.009547673165798187,0.012974633789062497,1189,4874240,6027.045489305048,4874240,4.987207412719727,0.10634671151638031,1.6669641733169556,2.0299882888793945,1.8163812160491943,-0.9645784497261047,0.14628557860851288
14,0,-0.9794735908508301,-0.16519339382648468,-0.9788013696670532,-3.409339189529419,0.019879860803484917,0.0,0.00014999999999999993,1.3990726470947266,107.64,9.3,832,0.43545815348625183,0.06331859529018402,-0.040586575865745544,0.004998210817575455,0.0001,1199,4915200,6077.5580537790665,4915200,4.368907451629639,0.10000000149011612,1.5967028141021729,1.98282790184021,1.7010605335235596,-0.9712192416191101,0.10114973783493042
14,0,-0.9956283569335938,-0.00922494474798441,-0.9757824540138245,-3.37135910987854,0.049777984619140625,0.0,0.06568408355712888,1.4772627353668213,97.88,9.3,831,0.3536079525947571,0.03696145862340927,-0.05077837407588959,0.01138254627585411,0.06568408355712888,1209,4956160,6128.075054123998,4956160,7.0641632080078125,0.10000000149011612,1.579704999923706,1.8956642150878906,1.7183325290679932,-0.9777848720550537,0.13865730166435242
14,0,-0.9883589148521423,0.603650689125061,-0.9843611121177673,-3.5498290061950684,0.04802984744310379,0.0,0.0017085937499999994,1.535198450088501,93.73,9.2,830,0.5128626823425293,0.05311132222414017,-0.014545891433954239,0.009647434577345848,0.0011390624999999997,1219,4997120,6178.546208410058,4997120,3.44741153717041,0.12896887958049774,1.5664381980895996,1.8657974004745483,1.5961534976959229,-0.9843557476997375,0.0903005301952362
14,0,-1.0382869243621826,0.13996313512325287,-0.9916531443595886,-3.502824544906616,0.11016181856393814,0.0,0.029192926025390618,1.4611473083496094,107.29,8.4,831,0.5603295564651489,0.05344852805137634,-0.04501412808895111,0.08153759688138962,0.019461950683593746,1229,5038080,6229.080905492068,5038080,3.564821243286133,0.10000000149011612,1.4416433572769165,1.9642305374145508,1.6253612041473389,-0.9909905791282654,0.20130318403244019
14,0,-0.9939795732498169,0.4689410328865051,-0.9969022274017334,-3.0861246585845947,0.02597638964653015,0.0,0.003844335937499999,1.59138822555542,100.79,9.2,831,0.4352095425128937,0.09603197127580643,-0.005814641714096069,0.019699351862072945,0.002562890624999999,1239,5079040,6279.627674723044,5079040,2.49206280708313,0.10000000149011612,1.533473253250122,1.857669472694397,1.6099730730056763,-0.9975101351737976,0.0879589170217514
14,0,-0.994247317314148,0.2822122275829315,-0.9933276772499084,-3.361618757247925,0.02381582371890545,0.0,0.012974633789062493,1.361194133758545,102.51,9.8,832,0.40176209807395935,0.042665593326091766,0.0007948996499180794,0.006158124189823866,0.008649755859374995,1249,5120000,6330.402480488992,5120000,3.5824332237243652,0.1253231167793274,1.5377494096755981,1.8827122449874878,1.6527994871139526,-1.004104733467102,0.08456351608037949
14,0,-1.0044782161712646,-0.09554009884595871,-1.0072799921035767,-3.283996343612671,0.020786529406905174,0.0,0.0017085937499999994,1.3509531021118164,84.17,9.5,831,0.3216976225376129,0.046304039657115936,-0.04026714712381363,0.005575359798967838,0.0011390624999999997,1259,5160960,6381.073199560051,5160960,3.284503221511841,0.10000000149011612,1.5058552026748657,1.8250324726104736,1.6209217309951782,-1.0106085538864136,0.0852624699473381
14,0,-0.9952294826507568,-0.5110055208206177,-1.0023905038833618,-1.2549151182174683,0.007706294301897287,0.0,0.0001,1.4228788614273071,96.42,9.6,827,0.6336040496826172,0.11339563131332397,-0.02231428399682045,0.0030668857507407665,0.0001,1269,5201920,6431.567290904,5201920,10.0,0.1239519789814949,1.437746286392212,1.7530053853988647,1.4783554077148438,0.9362513422966003,0.04272526502609253
14,0,-1.008339524269104,-0.29563918709754944,-1.0075961351394653,-3.5430190563201904,0.021872766315937042,0.0,0.005766503906249997,1.2281094789505005,91.48,9.6,826,0.3320845067501068,0.059273432940244675,-0.0340040847659111,0.009540289640426636,0.003844335937499998,1279,5242880,6482.540768556064,5242880,3.920992612838745,0.10000000149011612,1.5083205699920654,1.738258719444275,1.5867383480072021,-1.0237936973571777,0.06127046048641205
14,0,-1.0561470985412598,-0.10304325819015503,-1.0379782915115356,-3.165813684463501,0.042474858462810516,0.0,0.0005062500000000001,1.1954842805862427,126.74,9.1,823,0.39416471123695374,0.061940066516399384,-0.07848885655403137,0.007606787141412497,0.00033750000000000007,1289,5283840,6533.716690641013,5283840,6.32743501663208,0.10000000149011612,1.2672109603881836,1.7754465341567993,1.3984391689300537,-1.0304434299468994,0.1702626496553421
14,0,-1.0694403648376465,0.04127379506826401,-1.0560747385025024,-3.3693981170654297,0.04243732616305351,0.0,0.01946195068359375,1.258911371231079,123.47,8.6,831,0.4790148138999939,0.04564454033970833,-0.04930509626865387,0.019861655309796333,0.0129746337890625,1299,5324800,6584.675483540981,5324800,2.4543352127075195,0.10000000149011612,1.0479480028152466,1.7538318634033203,1.0414317846298218,-1.0665863752365112,0.2730414867401123
14,0,-1.0512973070144653,0.511631429195404,-1.0459240674972534,-2.9648263454437256,0.029920121654868126,0.0,0.0057665039062500005,1.0069141387939453,172.61,9.3,832,0.43981868028640747,0.05521906167268753,-0.016825351864099503,0.006521093659102917,0.0038443359375000003,1309,5365760,6635.552199047059,5365760,3.9110169410705566,0.10000000149011612,1.236809253692627,1.7212947607040405,1.5316423177719116,-1.043605923652649,0.3039776384830475
14,0,-1.05772066116333,-0.2737531363964081,-1.0544120073318481,-3.4210317134857178,0.026319561526179314,0.0,0.008649755859375,0.9789552688598633,82.79,9.8,833,0.5976386666297913,0.04418516159057617,-0.07140059769153595,0.011382666416466236,0.0057665039062500005,1319,5406720,6686.149576016003,5406720,2.871532440185547,0.16410943865776062,1.5190476179122925,1.719544529914856,1.5647304058074951,-1.0497305393218994,0.03755111247301102
14,0,-1.0547404289245605,0.14693380892276764,-1.0571290254592896,-1.4121259450912476,0.008219239301979542,0.0,0.0001,1.133613109588623,84.82,9.8,826,0.4664760231971741,0.09058849513530731,-0.13264404237270355,0.0020719231106340885,0.0001,1329,5447680,6736.778802450979,5447680,2.4543068408966064,0.10000000149011612,1.4597707986831665,1.6566792726516724,1.4998328685760498,0.8848284482955933,0.023048309609293938
14,0,-1.090699553489685,-0.232522115111351,-1.0652682781219482,-3.6446540355682373,0.046900536864995956,0.0,0.06568408355712889,1.0205994844436646,92.22,9.3,829,0.4381897449493408,0.034680772572755814,-0.06998977065086365,0.007497322279959917,0.06568408355712889,1339,5488640,6787.352372432011,5488640,3.1689789295196533,0.17669913172721863,1.391488790512085,1.7143549919128418,1.5016193389892578,-1.0623623132705688,0.1251869648694992
14,0,-1.0756787061691284,-0.4370032846927643,-1.0631904602050781,-3.353572130203247,0.030617015436291695,0.0,0.0002249999999999999,1.095992088317871,90.5,9.7,832,0.4036332666873932,0.04640171676874161,-0.09013497084379196,0.0077381860464811325,0.00014999999999999993,1349,5529600,6837.897025275044,5529600,3.125044822692871,0.10000000149011612,1.3930988311767578,1.7454957962036133,1.482325553894043,-1.068692684173584,0.08798845112323761
14,0,-1.0801832675933838,-0.5053118467330933,-1.0764213800430298,-3.4901697635650635,0.019911833107471466,0.0,0.0002249999999999998,1.0682573318481445,78.4,9.9,829,0.44045785069465637,0.08417113125324249,-0.01400802657008171,0.025314917787909508,0.00014999999999999988,1359,5570560,6888.715938201989,5570560,3.7151033878326416,0.16051216423511505,1.4433577060699463,1.682436227798462,1.5075550079345703,-1.0749592781066895,0.043177805840969086
14,0,-1.1121374368667603,-0.2709258496761322,-1.074200987815857,-3.5277135372161865,0.05927537754178047,0.0,0.003844335937499997,1.1161727905273438,92.67,9.5,829,0.4156433641910553,0.06462037563323975,-0.03459981083869934,0.017861012369394302,0.002562890624999998,1369,5611520,6939.427819526056,5611520,4.639169692993164,0.10000000149011612,1.3764352798461914,1.6118710041046143,1.44956374168396,-1.0812604427337646,0.08663448691368103
14,0,-1.0955818891525269,-0.5717468857765198,-1.0864492654800415,-3.543341875076294,0.030128464102745056,0.0,0.0001,1.0649282932281494,83.96,9.6,831,0.3210882842540741,0.05072448402643204,-0.023984234780073166,0.024134214967489243,0.0001,1379,5652480,6990.075738682062,5652480,3.509402275085449,0.12063225358724594,1.3597959280014038,1.576056957244873,1.4214282035827637,-1.0876219272613525,0.06185398995876312
14,0,-1.1248846054077148,0.27410537004470825,-1.0941710472106934,-3.163191556930542,0.05100364238023758,0.0,0.005766503906249999,1.2038931846618652,87.57,9.2,828,0.34319567680358887,0.0438041165471077,-0.06204834207892418,0.009957388043403625,0.003844335937499999,1389,5693440,7040.810190777993,5693440,3.2276554107666016,0.13521504402160645,1.2801182270050049,1.5735373497009277,1.353247880935669,-1.0939297676086426,0.10824833065271378
14,0,-1.1262410879135132,-0.0361151285469532,-1.108594536781311,-3.2500834465026855,0.03828921169042587,0.0,0.00033750000000000007,1.175948143005371,102.6,9.2,834,0.3859190046787262,0.05731721594929695,-0.05129316449165344,0.009336446411907673,0.00022500000000000005,1399,5734400,7091.441924834042,5734400,3.3769729137420654,0.10000000149011612,1.197047233581543,1.5530527830123901,1.2455312013626099,-1.1002871990203857,0.10187320411205292
14,0,-1.0988657474517822,-0.2785075306892395,-1.1012626886367798,-3.355592727661133,0.012822053395211697,0.0,0.00022500000000000005,0.8916370868682861,85.76,9.6,831,0.4946540296077728,0.07504265010356903,-0.038835205137729645,0.0022588197607547045,0.00015000000000000004,1409,5775360,7142.125225404976,5775360,6.911108016967773,0.10000000149011612,1.3520290851593018,1.5698938369750977,1.3978532552719116,-1.1065661907196045,0.03828771784901619
14,0,-1.1274232864379883,-0.5736786723136902,-1.1133936643600464,-3.6163463592529297,0.025552967563271523,0.0,0.0011390624999999997,1.1130706071853638,90.49,9.6,832,0.38423365354537964,0.0479801744222641,-0.06908917427062988,0.004705060739070177,0.0007593749999999997,1419,5816320,7192.697095834999,5816320,2.74160099029541,0.1217203214764595,1.3233284950256348,1.5205215215682983,1.3840442895889282,-1.1127475500106812,0.05761130154132843
14,0,-1.1339468955993652,-0.4526899755001068,-1.119550347328186,-3.3715121746063232,0.030646348372101784,0.0,0.0001,1.0398863554000854,88.09,9.3,841,0.36840081214904785,0.05022987723350525,-0.04743256792426109,0.013997538015246391,0.0001,1429,5857280,7243.169604883064,5857280,4.986083507537842,0.10000000149011612,1.2496435642242432,1.5078957080841064,1.2761919498443604,-1.1190102100372314,0.05457843095064163
14,0,-1.1878619194030762,-0.13929250836372375,-1.1259788274765015,-3.6308717727661133,0.08321499079465866,0.0,0.0017085937499999994,0.8711844682693481,81.89,9.3,840,0.46442174911499023,0.042716704308986664,-0.10041065514087677,0.03449344262480736,0.0011390624999999997,1439,5898240,7293.063406727975,5898240,3.046949625015259,0.10000000149011612,1.2746028900146484,1.505167841911316,1.3591428995132446,-1.1252037286758423,0.11601044237613678
14,0,-1.1276795864105225,0.00851386971771717,-1.1344746351242065,-2.992302894592285,0.021576981991529465,0.0,0.00014999999999999996,1.024059534072876,82.84,9.3,838,0.35564935207366943,0.05442590266466141,-0.06519254297018051,0.0028869204688817263,0.0001,1449,5939200,7343.097769074957,5939200,4.47172737121582,0.12454990297555923,1.2726058959960938,1.4849669933319092,1.315662145614624,-1.1314022541046143,0.04113626852631569
14,0,-1.1300244331359863,-0.515181839466095,-1.1263865232467651,-3.250479221343994,0.02087969146668911,0.0,0.0001,1.0847293138504028,98.75,9.4,839,0.3385271430015564,0.06338445842266083,-0.029154453426599503,0.005256177391856909,0.0001,1459,5980160,7393.139569079969,5980160,4.076653003692627,0.10000000149011612,1.2064874172210693,1.5123823881149292,1.2634251117706299,-1.1376301050186157,0.059302084147930145
