action_max,action_min,adv_avg,adv_max,adv_med,adv_min,adv_var,clipfrac,curr_lr,entropy,eplenmean,eprewmean,fps,grad_norm,joint_optimizer_state_entries,kl,loss_pi,loss_v,lr,misc/nupdates,misc/serial_timesteps,misc/time_elapsed,misc/total_timesteps,ratio_max,ratio_min,ret_avg,ret_max,ret_med,ret_min,ret_var,critic_ratio_max,critic_ratio_min,critic_rows,critic_trust_reason,critic_trust_update_count_this_rollout,critic_trust_update_count_total,joint_actor_critic_cross_frobenius,joint_actor_fisher_quadratic,joint_actor_raw_scale,joint_actor_rhs_norm,joint_applied_solve_residual,joint_cholesky_info_max,joint_clip_scale,joint_critic_actor_cross_frobenius,joint_critic_ggn_quadratic,joint_critic_objective_coef,joint_critic_raw_scale,joint_critic_rhs_norm,joint_cross_block_frobenius,joint_direction_l2,joint_finite_scan_pass,joint_jacobi_scale_max,joint_jacobi_scale_min,joint_kernel_mode,joint_linear_solve_dtype,joint_normalized_value_prediction_change_rms,joint_parameter_columns,joint_policy_delta_l2,joint_popart_std,joint_predicted_critic_divergence,joint_predicted_step_kl,joint_raw_value_prediction_change_rms,joint_relative_solve_residual,joint_shared_delta_l2,joint_solve_residual,joint_solver_mode,joint_system_rows,joint_value_delta_l2,optimizer_history_correction,optimizer_momentum,optimizer_momentum_semantics
14,0,0.01620686799287796,0.19918446242809296,0.015993915498256683,-0.14975930750370026,0.0014047418953850865,0.220703125,0.001,2.5653982162475586,27.0,0.0,1490,0.29926422238349915,0,0.012198359705507755,-0.04230111092329025,0.001299952156841755,0.001,9,40960,28.787195473909378,40960,1.7390613555908203,0.5821919441223145,0.016140544787049294,0.059221185743808746,0.016892721876502037,-0.04772584140300751,0.00023504589626099914,,,,,,,,,,,,,,,,,,,,,,,,,,,,,,,,,,,,,,,,,
14,0,0.006484433077275753,0.11930862814188004,0.007623580750077963,-0.1446014940738678,0.00040443750913254917,0.357421875,0.001,2.455636978149414,23.83,0.0,1518,0.32585981488227844,0,0.024359960108995438,-0.0622636042535305,0.0004055426688864827,0.001,19,81920,56.53373565617949,81920,2.0317625999450684,0.3384280800819397,0.014034166932106018,0.08935654163360596,0.013115070760250092,-0.007265080697834492,4.229688784107566e-05,,,,,,,,,,,,,,,,,,,,,,,,,,,,,,,,,,,,,,,,,
14,0,0.005916480906307697,0.013828608207404613,0.0057785119861364365,0.0010353273246437311,2.065033640974434e-06,0.48046875,0.001,2.133147954940796,31.26,0.0,1504,0.46966755390167236,0,0.04247304052114487,-0.0811290517449379,1.7420896938347141e-06,0.001,29,122880,84.34292261721566,122880,2.2084248065948486,0.22393910586833954,0.0063852849416434765,0.009745181538164616,0.0062994626350700855,0.003936220891773701,3.063681504045235e-07,,,,,,,,,,,,,,,,,,,,,,,,,,,,,,,,,,,,,,,,,
14,0,-0.0755467414855957,0.04418804123997688,-0.07208201289176941,-0.5204823613166809,0.0011125182500109076,0.451171875,0.001,1.7407164573669434,44.09,0.0,1513,0.7128579020500183,0,0.07263898849487305,-0.051951609551906586,0.0005492410273291171,0.001,39,163840,112.22367441095412,163840,4.376420021057129,0.10164434462785721,-0.024104489013552666,0.08245165646076202,-0.03319336101412773,-0.06579957902431488,0.000812000478617847,,,,,,,,,,,,,,,,,,,,,,,,,,,,,,,,,,,,,,,,,
14,0,0.11502701044082642,38.861846923828125,-0.031699780374765396,-7.22947359085083,3.9566752910614014,0.666015625,0.001,0.7334964275360107,71.58,0.04,1459,7.872079849243164,0,0.8976947069168091,0.05238039419054985,0.49399375915527344,0.001,49,204800,140.42232245299965,204800,64.41866302490234,1.7164114979095757e-05,0.16974616050720215,38.08649826049805,-0.12642741203308105,-0.8917338252067566,3.782337188720703,,,,,,,,,,,,,,,,,,,,,,,,,,,,,,,,,,,,,,,,,
14,0,-0.10036855190992355,1.7391201257705688,-0.1749417930841446,-3.150247812271118,0.16019567847251892,0.349609375,0.001,1.1512192487716675,41.15,0.07,1402,7.791594505310059,0,0.15508303046226501,0.012004162184894085,0.05934698507189751,0.001,59,245760,168.63080802420154,245760,6.126392841339111,0.001073949271813035,1.78309166431427,9.435487747192383,-0.1502702236175537,-0.2580224275588989,11.085854530334473,,,,,,,,,,,,,,,,,,,,,,,,,,,,,,,,,,,,,,,,,
14,0,-0.2931966185569763,6.9236273765563965,-0.30338355898857117,-2.1771068572998047,0.2930767834186554,0.34765625,0.001,1.7341358661651611,72.42,0.05,1504,1.594586730003357,0,0.04468189924955368,-0.028388258069753647,0.12635667622089386,0.001,69,286720,196.47158356616274,286720,3.1211371421813965,0.2644963264465332,0.6098412275314331,8.206548690795898,0.016866790130734444,-0.25399041175842285,0.8955063223838806,,,,,,,,,,,,,,,,,,,,,,,,,,,,,,,,,,,,,,,,,
14,0,-0.13444551825523376,6.291227340698242,-0.31116512417793274,-4.329989910125732,0.7795249819755554,0.505859375,0.001,2.0298240184783936,97.88,0.25,1494,2.1721270084381104,0,0.07643722742795944,-0.00033673178404569626,0.25580209493637085,0.001,79,327680,224.3222785568796,327680,5.4155426025390625,0.11081907898187637,0.787447452545166,8.26638412475586,0.21033695340156555,-0.34051916003227234,2.4012668132781982,,,,,,,,,,,,,,,,,,,,,,,,,,,,,,,,,,,,,,,,,
14,0,-0.2892599403858185,5.972987174987793,-0.3822069764137268,-3.5064046382904053,0.6945637464523315,0.4375,0.001,1.6248383522033691,78.66,0.14,1511,2.5586931705474854,0,0.06196445971727371,-0.02089110016822815,0.43913382291793823,0.001,89,368640,251.98026643320918,368640,7.754554271697998,0.18448740243911743,0.9633446931838989,8.242427825927734,0.9812414646148682,-0.401079386472702,1.6475671529769897,,,,,,,,,,,,,,,,,,,,,,,,,,,,,,,,,,,,,,,,,
14,0,-0.3723246455192566,4.668440818786621,-0.4275025725364685,-5.182318687438965,0.5050588250160217,0.36328125,0.001,1.6607096195220947,85.64,0.11,1516,6.185206413269043,0,0.05739394202828407,0.02735355868935585,0.2227720022201538,0.001,99,409600,279.79824280785397,409600,8.058701515197754,0.21334072947502136,1.2325246334075928,8.336763381958008,0.5952216982841492,-0.4465734660625458,2.883901834487915,,,,,,,,,,,,,,,,,,,,,,,,,,,,,,,,,,,,,,,,,
14,0,-0.5442239046096802,4.878653526306152,-0.4147490859031677,-10.453895568847656,0.839906632900238,0.3671875,0.001,2.2476539611816406,54.52,0.19,1470,1.7189861536026,0,0.13347001373767853,0.022191429510712624,0.10476967692375183,0.001,109,450560,307.23942239722237,450560,19.242738723754883,0.002949555404484272,0.24533410370349884,10.882953643798828,-0.3082245886325836,-0.5865151286125183,1.8199621438980103,,,,,,,,,,,,,,,,,,,,,,,,,,,,,,,,,,,,,,,,,
14,0,-0.44764596223831177,2.3168225288391113,-0.41507020592689514,-3.116954803466797,0.1488133668899536,0.248046875,0.001,2.111332416534424,72.76,0.06,877,0.9463530778884888,0,0.033244479447603226,-0.03222160413861275,0.07491401582956314,0.001,119,491520,349.0531424609944,491520,3.991372585296631,0.22169430553913116,0.17208054661750793,3.855971097946167,-0.3249247968196869,-0.408019095659256,0.7713760733604431,,,,,,,,,,,,,,,,,,,,,,,,,,,,,,,,,,,,,,,,,
14,0,-0.09889644384384155,24.668804168701172,-0.4042271375656128,-3.3222146034240723,3.2594716548919678,0.0,0.004,2.164153575897217,83.98,0.65,168,1.9758652448654175,26,0.0021123699843883514,-0.014958376064896584,2.36922550201416,0.004,129,532480,534.5225997138768,532480,1.4198787212371826,0.6515342593193054,0.5152492523193359,28.059328079223633,-0.3344082534313202,-0.4388563632965088,5.426639080047607,1.0,1.0,512,IN_BAND_UNCHANGED,1,7,27.9857313577216,13.138168334960938,444.406494140625,22.627416610717773,8.137556873656506e-13,0,0.2530536651611328,27.9857313577216,4.612979888916016,1.0,566.285400390625,34.828773498535156,27.9857313577216,1.975865364074707,1.0,1.4141582093103804,0.36837487245260436,exact_deterministic_ggn_2b,torch.float64,0.002173532033339143,938976,0.0013194393832236528,0.38652199506759644,9.452721315028612e-06,6.7305431912245695e-06,0.000840117922052741,8.700744340999082e-15,0.0014072335325181484,8.260467956337456e-13,symmetrized_jacobi_fullfp64_chunked,1024,0.0005279927863739431,1.0,1e-06,paper_sgd_momentum_1e-6
14,0,-0.21767395734786987,20.812646865844727,-0.4082355201244354,-4.717538833618164,2.4831960201263428,0.0,0.004,1.8511825799942017,95.41,0.85,168,2.106292963027954,26,0.0017688997322693467,0.0020595286041498184,1.9672653675079346,0.004,139,573440,777.4847583379596,573440,1.2525678873062134,0.7264341115951538,1.0009026527404785,24.864360809326172,0.3517947793006897,-0.4599052667617798,5.0861287117004395,1.0,1.0,512,IN_BAND_UNCHANGED,1,17,54.82363971788834,85.59809875488281,948.4887084960938,22.627416610717773,1.151239086680105e-12,0,0.2373838871717453,54.82363971788834,8.24774169921875,1.0,1342.72705078125,31.737043380737305,54.82363971788834,2.106292963027954,1.0,1.4141776501541912,0.5454726676194486,exact_deterministic_ggn_2b,torch.float64,0.002725203288719058,938976,0.0013182476395741105,0.43534329533576965,1.4872621250106022e-05,3.8588383176829666e-05,0.0011863990221172571,5.792263205844208e-15,0.0014723557978868484,1.1488030524500953e-12,symmetrized_jacobi_fullfp64_chunked,1024,0.0003072410763707012,1.0,1e-06,paper_sgd_momentum_1e-6
14,0,-0.33656084537506104,17.86187744140625,-0.40809187293052673,-4.880527496337891,0.9814302325248718,0.0,0.004,2.118187427520752,88.9,0.42,169,2.3302319049835205,26,0.0025325475726276636,-0.012612756341695786,1.332572340965271,0.004,149,614400,1020.4302891721018,614400,1.6654449701309204,0.6038906574249268,0.4178754389286041,22.08172607421875,-0.36304259300231934,-0.43688735365867615,2.812215805053711,1.0,1.0,512,IN_BAND_UNCHANGED,1,27,34.8733475495283,54.81391143798828,610.0145263671875,22.627418518066406,5.654114885182227e-13,0,0.21457092463970184,34.8733475495283,26.696659088134766,1.0,792.189208984375,26.120433807373047,34.8733475495283,2.3302319049835205,1.0,1.4141754465408853,0.6568769445831335,exact_deterministic_ggn_2b,torch.float64,0.004432925023138523,938976,0.0009986129589378834,0.4891561269760132,3.93322370655369e-05,2.0189359929645434e-05,0.0021683925297111273,2.833291292702538e-15,0.0016209756722673774,5.625119276362776e-13,symmetrized_jacobi_fullfp64_chunked,1024,0.0006125419167801738,1.0,1e-06,paper_sgd_momentum_1e-6
14,0,-0.29137903451919556,15.475881576538086,-0.41160687804222107,-5.5700154304504395,1.439805269241333,0.0,0.004,2.0253798961639404,92.97,0.51,169,2.742027521133423,26,0.0034805000759661198,-0.009519658982753754,1.4040857553482056,0.004,159,655360,1261.9186846539378,655360,1.6582409143447876,0.6428480744361877,1.0045878887176514,19.492448806762695,-0.29167699813842773,-0.4228374660015106,5.291847229003906,1.0,1.0,512,IN_BAND_UNCHANGED,1,37,54.37006440153131,109.28251647949219,851.110595703125,22.627418518066406,5.168837180510467e-13,0,0.18234680593013763,54.37006440153131,37.306556701660156,1.0,1123.196533203125,26.81216049194336,54.37006440153131,2.742027759552002,1.0,1.4141738113156592,0.7771123575283254,exact_deterministic_ggn_2b,torch.float64,0.00445723719894886,938976,0.001450039679184556,0.5527623295783997,3.969460885855369e-05,2.9069466108921915e-05,0.0024637929163873196,2.4494861390534452e-15,0.001237079268321395,5.246887986350013e-13,symmetrized_jacobi_fullfp64_chunked,1024,0.0006058190483599901,1.0,1e-06,paper_sgd_momentum_1e-6
14,0,-0.33113962411880493,14.467467308044434,-0.421007364988327,-4.7172136306762695,1.1755845546722412,0.0,0.004,2.060534954071045,73.92,0.64,171,2.9819462299346924,26,0.003979057539254427,-0.013869681395590305,1.4397118091583252,0.004,169,696320,1502.9993675570004,696320,1.3602405786514282,0.590828001499176,0.8302608728408813,17.747610092163086,-0.31481191515922546,-0.44715914130210876,4.536888122558594,1.0,1.0,512,IN_BAND_UNCHANGED,1,47,53.189644825968834,160.97955322265625,865.49658203125,22.627416610717773,6.730923700773362e-13,0,0.16767573356628418,53.189644825968834,43.81947326660156,1.0,1303.632080078125,27.150182723999023,53.189644825968834,2.9819462299346924,1.0,1.4141749657810658,0.7172285333147627,exact_deterministic_ggn_2b,torch.float64,0.004426166880875826,938976,0.0010498854098841548,0.6056721806526184,3.942371768062003e-05,3.6207718949299306e-05,0.0026808062102645636,3.1603889771649276e-15,0.001591550768353045,6.736577867566761e-13,symmetrized_jacobi_fullfp64_chunked,1024,0.0006039143772795796,1.0,1e-06,paper_sgd_momentum_1e-6
14,0,-0.46250420808792114,1.0477197170257568,-0.4368445575237274,-4.079784870147705,0.10394708812236786,0.0,0.004,2.066394567489624,83.94,0.1,167,1.2216033935546875,26,0.005743775516748428,-0.00554082915186882,0.14902663230895996,0.004,179,737280,1747.1408927091397,737280,1.474133014678955,0.48314550518989563,0.18250814080238342,3.7093515396118164,-0.26557034254074097,-0.42437610030174255,0.9790002703666687,1.0,1.0,512,IN_BAND_UNCHANGED,1,57,33.12773786890038,17.299083709716797,620.4342041015625,22.627416610717773,1.7166338234057004e-13,0,0.4092981517314911,33.12773786890038,3.2551021575927734,1.0,751.692626953125,8.73508071899414,33.12773786890038,1.2216033935546875,1.0,1.4141738105239636,0.8584545781719368,exact_deterministic_ggn_2b,torch.float64,0.0029618332628160715,938976,0.0013966152910143137,0.6427926421165466,1.7449950973968953e-05,2.31842295761453e-05,0.001903844648040831,9.300053066765418e-16,0.0013949410058557987,1.7150500319392119e-13,symmetrized_jacobi_fullfp64_chunked,1024,0.00032187497708946466,1.0,1e-06,paper_sgd_momentum_1e-6
14,0,-0.3611319363117218,12.1290922164917,-0.4374001920223236,-2.406569719314575,0.4575513005256653,0.0,0.004,2.2174439430236816,74.16,0.25,168,1.8646079301834106,26,0.0015016699908301234,-0.0001372750848531723,0.47153976559638977,0.004,189,778240,1990.8595884339884,778240,1.4379462003707886,0.7691459655761719,0.07761307805776596,16.245899200439453,-0.3379155695438385,-0.4661372900009155,1.4107998609542847,1.0,1.0,512,IN_BAND_UNCHANGED,1,67,28.447931041780972,42.410797119140625,468.5126953125,22.62741470336914,2.1263239941836482e-13,0,0.2681528627872467,28.447931041780972,7.512999057769775,1.0,418.22296142578125,15.537964820861816,28.447931041780972,1.8646080493927002,1.0,1.414174165280266,0.7933209748622356,exact_deterministic_ggn_2b,torch.float64,0.0029411623254418373,938976,0.0016659536631777883,0.6594346761703491,1.7287344235228375e-05,2.4396716980845667e-05,0.0019395044073462486,1.132294626721228e-15,0.0009833128424361348,2.2184645945397736e-13,symmetrized_jacobi_fullfp64_chunked,1024,0.0005076316301710904,1.0,1e-06,paper_sgd_momentum_1e-6
14,0,-0.47109490633010864,1.419127345085144,-0.4549171030521393,-3.310206651687622,0.1418159157037735,0.0,0.004,1.9983724355697632,66.84,0.09,170,2.2076797485351562,26,0.007819510996341705,-0.016351431608200073,0.10393016040325165,0.004,199,819200,2232.793281208258,819200,1.6296480894088745,0.5459951162338257,0.4031159281730652,4.030410289764404,-0.30857449769973755,-0.45632418990135193,1.464731216430664,1.0,1.0,512,BELOW_0P005_DIVIDE_1P5,1,77,30.047243064965468,89.48847961425781,663.7695922851562,22.62741470336914,1.4742723364755865e-13,0,0.22648212313652039,30.047243064965468,1.4730745553970337,1.0,1025.6395263671875,7.294672012329102,30.047243064965468,2.2076797485351562,1.0,1.4141738165090645,0.7955652400520873,exact_deterministic_ggn_2b,torch.float64,0.0010950630530714989,938976,0.0017512900521978736,0.6824610233306885,2.4179237243515672e-06,3.6721889046020806e-05,0.0007473378791473806,8.027130224888419e-16,0.0009547643712721765,1.4308529226449414e-13,symmetrized_jacobi_fullfp64_chunked,1024,0.00014623926836065948,1.0,1e-06,paper_sgd_momentum_1e-6
14,0,-0.398307740688324,12.158897399902344,-0.45844656229019165,-3.10451340675354,0.4708007574081421,0.0,0.004,2.087698459625244,82.24,0.29,169,3.5552711486816406,26,0.0028700637631118298,-0.021084178239107132,0.49129733443260193,0.004,209,860160,2474.2311079050414,860160,1.5276492834091187,0.5060021281242371,0.23113831877708435,15.403106689453125,-0.4081016182899475,-0.45854651927948,1.7747479677200317,1.0,1.0,512,IN_BAND_UNCHANGED,1,87,24.247455536750003,649.8839721679688,608.2518310546875,22.627416610717773,4.095867684697782e-13,0,0.14063623547554016,24.247455536750003,10.617345809936523,1.0,819.7650756835938,15.860146522521973,24.247455536750003,3.555271625518799,1.0,1.4141738142835942,0.7896047939832064,exact_deterministic_ggn_2b,torch.float64,0.0018324953271076083,938976,0.001749406917952001,0.6936587691307068,6.719863449689001e-06,0.00010283011215506122,0.0012711264425888658,2.100146203558047e-15,0.0009019628632813692,4.0982234118647343e-13,symmetrized_jacobi_fullfp64_chunked,1024,0.00035501347156241536,1.0,1e-06,paper_sgd_momentum_1e-6
14,0,-0.49037599563598633,0.8790057301521301,-0.4709024429321289,-4.984467506408691,0.13463257253170013,0.0,0.004,1.8521709442138672,97.37,0.5,168,2.061354160308838,26,0.0025248019956052303,-0.013407155871391296,0.07908564805984497,0.004,219,901120,2716.594806846231,901120,1.7548048496246338,0.6997194886207581,0.40708446502685547,3.7638778686523438,-0.26191312074661255,-0.46514132618904114,1.307310938835144,1.0,1.0,512,IN_BAND_UNCHANGED,1,97,25.389437852186774,99.87594604492188,604.8255004882812,22.627416610717773,1.7449983392036744e-13,0,0.24255900084972382,25.389437852186774,1.721449613571167,1.0,1049.15869140625,6.363320827484131,25.389437852186774,2.061354160308838,1.0,1.4141886972865587,0.7789835731177034,exact_deterministic_ggn_2b,torch.float64,0.0012740842066705227,938976,0.0017554020741954446,0.7139630913734436,3.2410005132987862e-06,4.700950739788823e-05,0.0009096491266973317,9.499143532827996e-16,0.0009202991495840251,1.7691720965118691e-13,symmetrized_jacobi_fullfp64_chunked,1024,0.00026756501756608486,1.0,1e-06,paper_sgd_momentum_1e-6
14,0,-0.4346234202384949,9.29350757598877,-0.47224706411361694,-5.8515753746032715,0.3857751488685608,0.0,0.004,2.0527586936950684,85.49,0.42,170,3.431605339050293,26,0.010628859512507915,-0.03671542555093765,0.6115480065345764,0.004,229,942080,2958.246604931075,942080,2.5495076179504395,0.3493821322917938,0.3936259150505066,14.276704788208008,-0.43629369139671326,-0.5973613262176514,2.7875208854675293,1.0,1.0,512,BELOW_0P005_DIVIDE_1P5,1,107,45.71620256040951,400.005859375,939.7176513671875,22.627416610717773,5.966780235371022e-13,0,0.14570441842079163,45.71620256040951,16.342159271240234,1.0,1283.739013671875,17.694988250732422,45.71620256040951,3.431605100631714,1.0,1.4141738129302452,0.653433365383182,exact_deterministic_ggn_2b,torch.float64,0.0023572032805532217,938976,0.001648368313908577,0.7459803223609924,1.1102094504167326e-05,6.793629290768877e-05,0.0017584272427484393,3.0923075915020026e-15,0.0010233473731204867,5.922632906841534e-13,symmetrized_jacobi_fullfp64_chunked,1024,0.0004854156286455691,1.0,1e-06,paper_sgd_momentum_1e-6
14,0,-0.4195947051048279,7.903313636779785,-0.47435611486434937,-4.628384590148926,0.26775211095809937,0.0,0.004,1.9858181476593018,77.51,0.38,171,1.6504449844360352,26,0.0044989995658397675,-0.002475365065038204,0.09884226322174072,0.004,239,983040,3199.944540540222,983040,1.7337937355041504,0.6185916066169739,0.7639642357826233,13.398954391479492,-0.34185075759887695,-0.487225741147995,3.7057933807373047,1.0,1.0,512,IN_BAND_UNCHANGED,1,117,60.095971791801766,25.31869888305664,834.989501953125,22.627416610717773,2.566477922525072e-13,0,0.30294859409332275,60.095971791801766,1.3249647617340088,1.0,1312.901611328125,7.1138763427734375,60.095971791801766,1.6504449844360352,1.0,1.414175695351119,0.6892716668888993,exact_deterministic_ggn_2b,torch.float64,0.0013950539287179708,938976,0.001458844868466258,0.7931424975395203,3.891278083756333e-06,1.858956784417387e-05,0.0011064765276387334,1.4003914831434867e-15,0.0013241723645478487,2.5044021032358917e-13,symmetrized_jacobi_fullfp64_chunked,1024,0.0003440093423705548,1.0,1e-06,paper_sgd_momentum_1e-6
14,0,-0.452502965927124,8.749817848205566,-0.4802302420139313,-4.891249656677246,0.41823118925094604,0.0,0.004,1.996820092201233,96.31,0.59,171,2.33622145652771,26,0.0077527593821287155,-0.015934303402900696,0.43708929419517517,0.004,249,1024000,3442.0059586511925,1024000,1.9095853567123413,0.5965347290039062,0.847491443157196,12.86001968383789,-0.3174950182437897,-0.4805351495742798,2.933929204940796,1.0,1.0,512,IN_BAND_UNCHANGED,1,127,42.688178620370586,240.54611206054688,1239.0323486328125,22.627416610717773,4.120875388837922e-13,0,0.21402083337306976,42.688178620370586,2.2513670921325684,1.0,1615.2320556640625,14.959603309631348,42.688178620370586,2.336221218109131,1.0,1.4141738121427945,0.7558063076947916,exact_deterministic_ggn_2b,torch.float64,0.0012821864802390337,938976,0.001588044804520905,0.8247615694999695,3.2999580525938654e-06,8.814556349534541e-05,0.0010574981570243835,2.164090629242055e-15,0.0011970784980803728,4.138223824526214e-13,symmetrized_jacobi_fullfp64_chunked,1024,0.0002123514423146844,1.0,1e-06,paper_sgd_momentum_1e-6
14,0,-0.507768988609314,8.93037223815918,-0.4873420298099518,-5.131657600402832,0.4485739469528198,0.0,0.004,1.9405038356781006,93.27,0.49,169,2.3878889083862305,26,0.011751544661819935,-0.017810970544815063,0.2526624798774719,0.004,259,1064960,3684.220434281975,1064960,1.880690097808838,0.304839551448822,0.6902486085891724,12.080755233764648,-0.19880108535289764,-0.48471054434776306,2.588864803314209,1.0,1.0,512,IN_BAND_UNCHANGED,1,137,51.84675183232722,166.58920288085938,1038.2332763671875,22.627418518066406,3.26715403543069e-13,0,0.20938995480537415,51.84675183232722,2.2945356369018555,1.0,1378.9266357421875,11.373793601989746,51.84675183232722,2.3878891468048096,1.0,1.4141738094303287,0.7741896484808684,exact_deterministic_ggn_2b,torch.float64,0.001265921164304018,938976,0.0015558261657133698,0.8754152059555054,3.219263362552738e-06,5.843170583830215e-05,0.0011082066921517253,1.7462575870148793e-15,0.0012397309765219688,3.222480778060207e-13,symmetrized_jacobi_fullfp64_chunked,1024,0.00020606974430847913,1.0,1e-06,paper_sgd_momentum_1e-6
14,0,-0.5140872597694397,8.700136184692383,-0.5012063384056091,-4.916863918304443,0.404175728559494,0.0,0.004,1.8822671175003052,84.43,0.38,170,1.3398473262786865,26,0.01940770074725151,-0.009500013664364815,0.3520835340023041,0.004,269,1105920,3924.937115230132,1105920,2.7587709426879883,0.3415818512439728,0.7375332117080688,11.663451194763184,-0.3651517927646637,-0.4890035092830658,2.5975446701049805,1.0,1.0,512,BELOW_0P005_DIVIDE_1P5,1,147,59.92714049151317,34.51316452026367,1261.34423828125,22.627416610717773,4.024640799337559e-13,0,0.37317684292793274,59.92714049151317,1.0756070613861084,1.0,1643.187744140625,13.426345825195312,59.92714049151317,1.3398473262786865,1.0,1.4141738073349757,0.7584726950019194,exact_deterministic_ggn_2b,torch.float64,0.0015513867838308215,938976,0.001198735786601901,0.9051669239997864,4.79328218716546e-06,3.845069295493886e-05,0.001404264010488987,2.1211899522993856e-15,0.0015871665673330426,3.9640033889761525e-13,symmetrized_jacobi_fullfp64_chunked,1024,0.00020960593246854842,1.0,1e-06,paper_sgd_momentum_1e-6
14,0,-0.41862016916275024,7.480233669281006,-0.5015833377838135,-4.410187721252441,0.36113297939300537,0.0,0.004,1.9938029050827026,78.28,0.65,171,2.7511000633239746,26,0.015261376276612282,-0.011187479831278324,0.42255258560180664,0.004,279,1146880,4165.909255825914,1146880,2.286642551422119,0.4879467189311981,0.6062021255493164,11.2290678024292,-0.4757135212421417,-0.5241091251373291,3.1120033264160156,1.0,1.0,512,IN_BAND_UNCHANGED,1,157,45.77009515560984,263.16363525390625,1145.9033203125,22.62741470336914,5.399587573837595e-13,0,0.1817454844713211,45.77009515560984,6.577181816101074,1.0,1592.0224609375,14.708736419677734,45.77009515560984,2.7511000633239746,1.0,1.4141738138552535,0.6771018869147359,exact_deterministic_ggn_2b,torch.float64,0.0018650511046871543,938976,0.0014181487495079637,0.9381857514381409,6.9521174737019464e-06,6.95413546054624e-05,0.0017497644294053316,2.847693336234087e-15,0.001400546170771122,5.385037636193388e-13,symmetrized_jacobi_fullfp64_chunked,1024,0.00016533084271941334,1.0,1e-06,paper_sgd_momentum_1e-6
14,0,-0.40431877970695496,7.168822765350342,-0.5027737021446228,-3.9823553562164307,0.4823547601699829,0.0,0.004,1.813462495803833,99.96,0.86,167,1.6022775173187256,26,0.0075592901557683945,-0.003048662096261978,0.7029353380203247,0.004,289,1187840,4407.553899894003,1187840,1.5422800779342651,0.4295569062232971,0.5526435375213623,10.865580558776855,-0.33808037638664246,-0.49951645731925964,2.79593825340271,1.0,1.0,512,IN_BAND_UNCHANGED,1,167,35.39396770151166,32.64506912231445,986.8193969726562,22.62741470336914,6.110012947471799e-13,0,0.3120557963848114,35.39396770151166,14.87753677368164,1.0,1619.80322265625,18.971107482910156,35.39396770151166,1.6022775173187256,1.0,1.414173809900342,0.7116852501834099,exact_deterministic_ggn_2b,torch.float64,0.004797907080501318,938976,0.001048424979671836,0.9678755402565002,4.636022640625015e-05,2.5431509129703045e-05,0.004643776919692755,3.111356438479634e-15,0.0016729168128222227,6.159127639430816e-13,symmetrized_jacobi_fullfp64_chunked,1024,0.00031961494823917747,1.0,1e-06,paper_sgd_momentum_1e-6
14,0,-0.44712018966674805,7.277149677276611,-0.5050202012062073,-1.6281485557556152,0.1819949448108673,0.0,0.004,1.8900794982910156,76.3,0.37,168,2.8151791095733643,26,0.01248449832201004,-0.02965736575424671,0.13615475594997406,0.004,299,1228800,4655.143724462949,1228800,3.8554580211639404,0.4774634540081024,0.28682196140289307,10.591256141662598,-0.4098908603191376,-0.5024705529212952,1.7273905277252197,1.0,1.0,512,IN_BAND_UNCHANGED,1,177,25.238995089025853,128.00303649902344,863.5857543945312,22.62741470336914,2.6758216544929025e-13,0,0.17760860919952393,25.238995089025853,5.126654148101807,1.0,1297.1566162109375,8.349325180053711,25.238995089025853,2.815178871154785,1.0,1.4141818390713574,0.6443767858131658,exact_deterministic_ggn_2b,torch.float64,0.0015983732882887125,938976,0.001251419191248715,0.991551399230957,5.175019850867102e-06,3.230266156606376e-05,0.0015848692273721099,1.4554117956818858e-15,0.0015508531359955668,3.174737519914518e-13,symmetrized_jacobi_fullfp64_chunked,1024,0.00016972034063655883,1.0,1e-06,paper_sgd_momentum_1e-6
14,0,-0.5440640449523926,8.26367473602295,-0.514843225479126,-4.712118148803711,0.31731390953063965,0.0,0.004,1.783073902130127,85.34,0.33,168,1.290410041809082,26,0.010436754673719406,-0.006541606038808823,0.18043629825115204,0.004,309,1269760,4898.095616190229,1269760,2.002817392349243,0.5166319608688354,0.5571935176849365,10.317280769348145,-0.12458367645740509,-0.5123642086982727,1.7703766822814941,1.0,1.0,512,BELOW_0P005_DIVIDE_1P5,1,187,37.263911540468044,48.091705322265625,1438.0145263671875,22.627416610717773,4.5062542017566987e-13,0,0.3874737322330475,37.263911540468044,0.7041981220245361,1.0,2396.5234375,9.611627578735352,37.263911540468044,1.290410041809082,1.0,1.41420088170372,0.7163915681384194,exact_deterministic_ggn_2b,torch.float64,0.0013026235392317176,938976,0.0014658198924735188,1.016102910041809,3.3832138797151856e-06,5.776233956567012e-05,0.0013235996011644602,2.4333926532751925e-15,0.001326593104749918,4.503606094274535e-13,symmetrized_jacobi_fullfp64_chunked,1024,0.0003025061159860343,1.0,1e-06,paper_sgd_momentum_1e-6
14,0,-0.5170947313308716,8.112347602844238,-0.5169243812561035,-3.4350388050079346,0.4258335828781128,0.0,0.004,1.88865327835083,92.06,0.58,168,2.1404972076416016,26,0.003857112256810069,0.005294553004205227,0.3022024631500244,0.004,319,1310720,5141.185394736007,1310720,1.7026723623275757,0.630078136920929,0.3220890760421753,10.25363826751709,-0.387249618768692,-0.5128833651542664,1.5041154623031616,1.0,1.0,512,IN_BAND_UNCHANGED,1,197,30.95958429904486,85.72065734863281,1000.69970703125,22.627416610717773,2.750632027701981e-13,0,0.23359058797359467,30.95958429904486,2.9297537803649902,1.0,1568.568115234375,12.438957214355469,30.95958429904486,2.1404972076416016,1.0,1.4142132644409084,0.7176252370445282,exact_deterministic_ggn_2b,torch.float64,0.0016018864698708057,938976,0.001612358377315104,1.0216856002807617,5.115544354339363e-06,3.741848559002392e-05,0.0016366243362426758,1.4685130718653268e-15,0.001118816900998354,2.882200805752023e-13,symmetrized_jacobi_fullfp64_chunked,1024,0.0003854134411085397,1.0,1e-06,paper_sgd_momentum_1e-6
14,0,-0.42317700386047363,9.894132614135742,-0.524900496006012,-2.7853615283966064,0.5153670907020569,0.0,0.004,1.7140283584594727,88.4,0.57,169,2.28387451171875,26,0.009546365588903427,-0.019001666456460953,0.5805992484092712,0.004,329,1351680,5384.048627126031,1351680,1.5742534399032593,0.44686242938041687,0.214936301112175,10.227641105651855,-0.3920993208885193,-0.520173966884613,1.2881994247436523,1.0,1.0,512,IN_BAND_UNCHANGED,1,207,26.312427114480993,75.99132537841797,976.2705688476562,22.627418518066406,2.338770917765852e-13,0,0.21892622113227844,26.312427114480993,4.264985084533691,1.0,1497.717041015625,17.241426467895508,26.312427114480993,2.28387451171875,1.0,1.4141961104938119,0.7018315316977713,exact_deterministic_ggn_2b,torch.float64,0.0018136498983949423,938976,0.0013593523763120174,1.0235105752944946,6.541285074490588e-06,2.9137319870642386e-05,0.001856289803981781,1.203128274158593e-15,0.0014189529465511441,2.8028160597835973e-13,symmetrized_jacobi_fullfp64_chunked,1024,0.00037247929139994085,1.0,1e-06,paper_sgd_momentum_1e-6
14,0,-0.571632981300354,0.5684618353843689,-0.532682478427887,-3.0760715007781982,0.08558862656354904,0.0,0.004,1.964364767074585,87.09,0.22,172,2.450833559036255,26,0.007688414305448532,-0.026259733363986015,0.0532492958009243,0.004,339,1392640,5625.699101042934,1392640,1.622563362121582,0.4637773931026459,0.0687146782875061,2.6116106510162354,-0.43529513478279114,-0.522325336933136,0.7838507890701294,1.0,1.0,512,IN_BAND_UNCHANGED,1,217,25.65076542809198,127.47605895996094,1022.60009765625,22.62741470336914,1.5010514553542546e-13,0,0.2040122151374817,25.65076542809198,1.9777991771697998,1.0,1178.3896484375,5.22145938873291,25.65076542809198,2.450833559036255,1.0,1.4142094057324217,0.7329587353724102,exact_deterministic_ggn_2b,torch.float64,0.0011448682053014636,938976,0.001504966989159584,1.0233947038650513,2.634174506965792e-06,4.244543379172683e-05,0.0011716521112248302,8.145394608526408e-16,0.0013130900915712118,1.4896770935980804e-13,symmetrized_jacobi_fullfp64_chunked,1024,0.000104304745036643,1.0,1e-06,paper_sgd_momentum_1e-6
14,0,-0.44465088844299316,10.15284538269043,-0.5273734927177429,-2.975266456604004,0.5272975564002991,0.0,0.004,1.885741114616394,78.0,0.38,168,2.0265514850616455,26,0.0032204696908593178,-0.000792166218161583,0.3712102174758911,0.004,349,1433600,5869.6420639171265,1433600,1.5239105224609375,0.5334824919700623,0.19425848126411438,10.262882232666016,-0.4262705147266388,-0.5242617130279541,1.2335983514785767,1.0,1.0,512,IN_BAND_UNCHANGED,1,227,22.641105338422065,74.0494384765625,934.0980224609375,22.627418518066406,3.83910759340723e-13,0,0.24672454595565796,22.641105338422065,1.8358774185180664,1.0,1503.9278564453125,13.786211967468262,22.641105338422065,2.0265514850616455,1.0,1.41420769911248,0.7179968554216122,exact_deterministic_ggn_2b,torch.float64,0.0013398496666923165,938976,0.0012297529028728604,1.0197323560714722,3.5761720482696546e-06,3.606089376262389e-05,0.0013662880519405007,2.0344301988191657e-15,0.0015558255836367607,3.8117299138744817e-13,symmetrized_jacobi_fullfp64_chunked,1024,0.0002590436488389969,1.0,1e-06,paper_sgd_momentum_1e-6
14,0,-0.5492448806762695,0.4929221570491791,-0.5300952792167664,-3.6799445152282715,0.07552046328783035,0.0,0.004,1.8390412330627441,94.24,0.21,169,1.5404471158981323,26,0.0029241954907774925,-0.0067448969930410385,0.08250788599252701,0.004,359,1474560,6111.981658109929,1474560,1.4324212074279785,0.6004154086112976,0.03172893077135086,2.817488193511963,-0.43691664934158325,-0.5360732078552246,0.7710283994674683,1.0,1.0,512,BELOW_0P005_DIVIDE_1P5,1,237,24.08608729606435,84.29893493652344,795.7110595703125,22.62741470336914,1.6016685432189669e-13,0,0.3245810568332672,24.08608729606435,1.305270791053772,1.0,1355.1181640625,6.499541282653809,24.08608729606435,1.5404472351074219,1.0,1.4142128198486628,0.6742624770166292,exact_deterministic_ggn_2b,torch.float64,0.001482384162954986,938976,0.0015727761201560497,1.0212246179580688,4.4004491428495385e-06,7.104907854227349e-05,0.0015138471499085426,8.763061052189737e-16,0.001225311541929841,1.605034406261596e-13,symmetrized_jacobi_fullfp64_chunked,1024,0.0001580451353220269,1.0,1e-06,paper_sgd_momentum_1e-6
14,0,-0.4489729404449463,7.649684429168701,-0.5291799902915955,-3.526109218597412,0.3641747832298279,0.0,0.004,1.7105088233947754,101.44,0.64,170,2.21616268157959,26,0.006523339077830315,-0.0053534237667918205,0.514072060585022,0.004,369,1515520,6353.044151281938,1515520,2.379277229309082,0.48181405663490295,0.43398910760879517,10.22606086730957,-0.28911396861076355,-0.5332642793655396,1.6997150182724,1.0,1.0,512,IN_BAND_UNCHANGED,1,247,41.606365736454805,202.20944213867188,1399.97900390625,22.62742042541504,8.336761482237595e-13,0,0.22561518847942352,41.606365736454805,18.069644927978516,1.0,2309.25732421875,16.223590850830078,41.606365736454805,2.216162919998169,1.0,1.4141738087885576,0.6297421628357341,exact_deterministic_ggn_2b,torch.float64,0.0038359921891242266,938976,0.0013561336090788245,1.022648572921753,2.9433118470478803e-05,8.234327106038108e-05,0.00392287177965045,4.353843057942044e-15,0.0014110356569290161,8.448709225371337e-13,symmetrized_jacobi_fullfp64_chunked,1024,0.00041216149111278355,1.0,1e-06,paper_sgd_momentum_1e-6
14,0,-0.46241116523742676,7.933347702026367,-0.5353435277938843,-3.402179002761841,0.4211207628250122,0.0,0.004,1.6566816568374634,70.2,0.58,172,2.092111825942993,26,0.0031592759769409895,-0.003354957327246666,0.3282528519630432,0.004,379,1556480,6594.567241610959,1556480,1.416657567024231,0.7310728430747986,0.503056526184082,11.184690475463867,-0.23162619769573212,-0.5332621932029724,1.8984193801879883,1.0,1.0,512,IN_BAND_UNCHANGED,1,257,48.220159633010454,77.12187194824219,1316.4803466796875,22.627416610717773,4.968276438987356e-13,0,0.23899292945861816,48.220159633010454,7.484513282775879,1.0,2326.9228515625,12.964006423950195,48.220159633010454,2.0921120643615723,1.0,1.414212560472622,0.654236954383528,exact_deterministic_ggn_2b,torch.float64,0.0026185682509094477,938976,0.0010710465721786022,1.0240696668624878,1.3679924450116232e-05,3.5240147553849965e-05,0.002681596204638481,2.6403341966540966e-15,0.0016650366596877575,5.093797310526082e-13,symmetrized_jacobi_fullfp64_chunked,1024,0.0002837727952282876,1.0,1e-06,paper_sgd_momentum_1e-6
14,0,-0.5356946587562561,6.325820446014404,-0.5429663062095642,-4.352449893951416,0.27188053727149963,0.0,0.004,1.7750229835510254,90.61,0.27,170,2.0410234928131104,26,0.0053040930069983006,0.004313727840781212,0.110573410987854,0.004,389,1597440,6837.0145703163,1597440,1.788118839263916,0.5077424645423889,0.3269149661064148,10.189464569091797,-0.48234355449676514,-0.5362517237663269,1.4975372552871704,1.0,1.0,512,BELOW_0P005_DIVIDE_1P5,1,267,38.62031905960286,67.62491607666016,1289.6160888671875,22.627416610717773,3.2774345764435984e-13,0,0.24497513473033905,38.62031905960286,3.4961085319519043,1.0,2165.675048828125,7.524199962615967,38.62031905960286,2.0410234928131104,1.0,1.4141739151877992,0.6076641908187908,exact_deterministic_ggn_2b,torch.float64,0.0018343916162848473,938976,0.0012822822900488973,1.0255725383758545,6.713963102811249e-06,3.246689811930992e-05,0.001881301635876298,1.7898266970667386e-15,0.0015148184029385448,3.301356633544856e-13,symmetrized_jacobi_fullfp64_chunked,1024,0.000247134652454406,1.0,1e-06,paper_sgd_momentum_1e-6
14,0,-0.48298895359039307,8.028489112854004,-0.5464378595352173,-3.7130696773529053,0.3661491274833679,0.0,0.004,1.7027764320373535,99.21,0.47,168,2.2812657356262207,26,0.004934374708682299,-0.014491092413663864,0.4027666449546814,0.004,399,1638400,7079.396372790914,1638400,2.0690159797668457,0.4067666530609131,0.25774791836738586,10.148382186889648,-0.39133015275001526,-0.5480104088783264,1.4675935506820679,1.0,1.0,512,IN_BAND_UNCHANGED,1,277,33.98141274851728,180.48362731933594,1113.688720703125,22.627416610717773,4.734145907219512e-13,0,0.2191765457391739,33.98141274851728,11.607200622558594,1.0,1682.561279296875,14.360240936279297,33.98141274851728,2.2812659740448,1.0,1.414186035245521,0.6331940507250287,exact_deterministic_ggn_2b,torch.float64,0.002989774802699685,938976,0.0014467387227341533,1.0290483236312866,1.7842909073806368e-05,6.936110003152862e-05,0.0030766227282583714,2.476450435963876e-15,0.001318337395787239,4.7542994307148e-13,symmetrized_jacobi_fullfp64_chunked,1024,0.00041103045805357397,1.0,1e-06,paper_sgd_momentum_1e-6
14,0,-0.5101719498634338,5.577409744262695,-0.5466009974479675,-3.852656841278076,0.16762667894363403,0.0,0.004,1.6639446020126343,97.65,0.71,170,3.1731295585632324,26,0.02185020223259926,-0.024373721331357956,0.14293864369392395,0.004,409,1679360,7321.127495854162,1679360,2.541992664337158,0.15677563846111298,0.4774104356765747,9.970379829406738,-0.34055209159851074,-0.5439293384552002,2.144493341445923,1.0,1.0,512,BELOW_0P005_DIVIDE_1P5,1,287,41.88210706439012,365.5406799316406,1413.947021484375,22.627418518066406,3.7915369397142663e-13,0,0.1575731486082077,41.88210706439012,3.2428736686706543,1.0,2130.68798828125,8.55479907989502,41.88210706439012,3.1731293201446533,1.0,1.4141894790452336,0.6431722580599359,exact_deterministic_ggn_2b,torch.float64,0.0011390945874154568,938976,0.0012045784387737513,1.046193242073059,2.5765850750758545e-06,7.260894926730543e-05,0.0011917130323126912,2.0403282813988354e-15,0.0015921471640467644,4.10636800648323e-13,symmetrized_jacobi_fullfp64_chunked,1024,0.0001185839792015031,1.0,1e-06,paper_sgd_momentum_1e-6
14,0,-0.5253486633300781,5.450344085693359,-0.551644504070282,-4.022646427154541,0.18807686865329742,0.0,0.004,1.5215452909469604,98.08,0.63,172,2.73179030418396,26,0.00464337132871151,0.02416546829044819,0.13137325644493103,0.004,419,1720320,7562.049956416246,1720320,1.9739673137664795,0.33050012588500977,0.31070780754089355,9.788323402404785,-0.09743249416351318,-0.54764723777771,1.3456313610076904,1.0,1.0,512,IN_BAND_UNCHANGED,1,297,37.90471553691969,154.5074005126953,936.94677734375,22.627416610717773,2.543679445672602e-13,0,0.1830301582813263,37.90471553691969,1.4254339933395386,1.0,1690.6048583984375,8.201408386230469,37.90471553691969,2.73179030418396,1.0,1.4142126348657826,0.6673198100036705,exact_deterministic_ggn_2b,torch.float64,0.0008687051595188677,938976,0.0016844826750457287,1.0642445087432861,1.5280670595529955e-06,4.140803139307536e-05,0.0009245147230103612,1.3910676777547709e-15,0.0010730860522016883,2.6335349602559944e-13,symmetrized_jacobi_fullfp64_chunked,1024,0.00010491193097550422,1.0,1e-06,paper_sgd_momentum_1e-6
14,0,-0.6226880550384521,5.597806930541992,-0.5600563287734985,-4.868722438812256,0.3549109995365143,0.0,0.004,1.4703269004821777,101.18,0.58,169,1.652279019355774,26,0.021658336743712425,-0.005787402391433716,0.3149089813232422,0.004,429,1761280,7803.473680998199,1761280,2.028960943222046,0.28073829412460327,0.6584131121635437,9.677457809448242,0.0014891242608428001,-0.5498111248016357,1.9357370138168335,1.0,1.0,512,IN_BAND_UNCHANGED,1,307,59.70727771609268,125.94647216796875,1560.34130859375,22.627416610717773,7.725657868437495e-13,0,0.3026123344898224,59.70727771609268,6.123857021331787,1.0,2640.492919921875,12.697771072387695,59.70727771609268,1.652279019355774,1.0,1.4142119054498379,0.6574105494484604,exact_deterministic_ggn_2b,torch.float64,0.002990210196003318,938976,0.0012705893022939563,1.0755559206008911,1.794519994291477e-05,9.226761176250875e-05,0.003216138342395425,4.088951620179355e-15,0.00151627988088876,7.68341462745601e-13,symmetrized_jacobi_fullfp64_chunked,1024,0.0002941118727903813,1.0,1e-06,paper_sgd_momentum_1e-6
14,0,-0.5750501751899719,6.054540634155273,-0.5629279613494873,-4.3795881271362305,0.2951664924621582,0.0,0.004,1.5459668636322021,93.31,0.49,169,1.5973901748657227,26,0.006426502950489521,0.0018773535266518593,0.3382541537284851,0.004,439,1802240,8044.707406340167,1802240,1.5452852249145508,0.4785717725753784,0.5762006044387817,9.527009010314941,0.14955641329288483,-0.5526338219642639,1.8576375246047974,1.0,1.0,512,BELOW_0P005_DIVIDE_1P5,1,317,59.123533473423024,98.71209716796875,1473.7379150390625,22.62741470336914,8.737551332900445e-13,0,0.313010573387146,59.123533473423024,2.840669631958008,1.0,2484.404296875,13.160019874572754,59.123533473423024,1.5973901748657227,1.0,1.4141987168154366,0.6356934379497233,exact_deterministic_ggn_2b,torch.float64,0.002085077343508601,938976,0.0011409695725888014,1.0913084745407104,8.906125003704801e-06,7.737104169791564e-05,0.002275462495163083,4.640956100733412e-15,0.0015876746037974954,8.748378076893812e-13,symmetrized_jacobi_fullfp64_chunked,1024,0.00042129374924115837,1.0,1e-06,paper_sgd_momentum_1e-6
14,0,-0.5667912364006042,0.9821126461029053,-0.5621682405471802,-5.415620803833008,0.09576012939214706,0.0,0.004,1.7921757698059082,89.72,0.74,167,1.9354188442230225,26,0.015255163423717022,-0.013345025479793549,0.06281285732984543,0.004,449,1843200,8287.485659581143,1843200,2.6505560874938965,0.40931156277656555,0.44768351316452026,4.2900004386901855,-0.5007178783416748,-0.5634236335754395,1.895574688911438,1.0,1.0,512,BELOW_0P005_DIVIDE_1P5,1,327,42.616293556905326,87.57386779785156,1247.980712890625,22.62742042541504,2.5393939048434484e-13,0,0.25834202766418457,42.616293556905326,1.618525743484497,1.0,2212.87353515625,5.670994758605957,42.616293556905326,1.9354188442230225,1.0,1.4142135406108156,0.620190505001536,exact_deterministic_ggn_2b,torch.float64,0.0013057402102276683,938976,0.00133022281806916,1.1035921573638916,3.4566846807138063e-06,4.6757868403801695e-05,0.0014410046860575676,1.3915906400766567e-15,0.0014836958143860102,2.4321820168362624e-13,symmetrized_jacobi_fullfp64_chunked,1024,0.0001707171613816172,1.0,1e-06,paper_sgd_momentum_1e-6
14,0,-0.5593885183334351,5.145705699920654,-0.5609602332115173,-4.932260036468506,0.18507277965545654,0.0,0.004,1.862295150756836,94.3,0.69,168,2.4327564239501953,26,0.0030870437622070312,-0.009371712803840637,0.20250976085662842,0.004,459,1884160,8530.059053885285,1884160,1.5628474950790405,0.5413240790367126,0.3948228359222412,9.230146408081055,-0.501056432723999,-0.5575211644172668,2.5111491680145264,1.0,1.0,512,BELOW_0P005_DIVIDE_1P5,1,337,42.82604283829336,148.4436798095703,1134.7249755859375,22.627416610717773,6.366301146500476e-13,0,0.20552818477153778,42.82604283829336,4.179502487182617,1.0,2091.302734375,10.18258285522461,42.82604283829336,2.4327564239501953,1.0,1.414210088550215,0.5951641598096453,exact_deterministic_ggn_2b,torch.float64,0.001681417808867991,938976,0.001256849616765976,1.124096155166626,5.649596005241619e-06,5.016427530790679e-05,0.001890075276605785,3.4026187055195674e-15,0.001532302936539054,6.48585655804739e-13,symmetrized_jacobi_fullfp64_chunked,1024,0.00026902236277237535,1.0,1e-06,paper_sgd_momentum_1e-6
14,0,-0.5561606884002686,1.3147104978561401,-0.5618938207626343,-4.556680202484131,0.15002790093421936,0.0,0.004,1.5864609479904175,98.75,0.35,169,1.8484866619110107,26,0.013713563792407513,-0.014941059984266758,0.11068084836006165,0.004,469,1925120,8773.38405432785,1925120,2.0882046222686768,0.31202688813209534,0.7715689539909363,4.637233257293701,0.03779097646474838,-0.558197021484375,2.235398769378662,1.0,1.0,512,IN_BAND_UNCHANGED,1,347,63.93573890236808,113.50812530517578,1769.14404296875,22.627416610717773,4.281385570532426e-13,0,0.2704915702342987,63.93573890236808,1.7460312843322754,1.0,2856.98779296875,7.5278544425964355,63.93573890236808,1.8484865427017212,1.0,1.4142119910467836,0.5880972799662558,exact_deterministic_ggn_2b,torch.float64,0.0014251674292609096,938976,0.0012791695771738887,1.1430625915527344,4.087986781087238e-06,6.643920642090961e-05,0.0016290555940940976,2.3425317443632503e-15,0.0015289895236492157,4.2870001388270594e-13,symmetrized_jacobi_fullfp64_chunked,1024,0.00016096730541903526,1.0,1e-06,paper_sgd_momentum_1e-6
14,0,-0.5648506879806519,8.77792739868164,-0.5647438168525696,-3.9634885787963867,0.17770370841026306,0.0,0.004,1.7139742374420166,99.47,0.49,170,4.6440324783325195,26,0.004237864166498184,-0.030880169942975044,0.17608466744422913,0.004,479,1966080,9015.129450422246,1966080,1.705396294593811,0.5003880858421326,0.15603557229042053,8.967568397521973,-0.33664464950561523,-0.5610390305519104,0.9435655474662781,1.0,1.0,512,BELOW_0P005_DIVIDE_1P5,1,357,38.90625379452363,215.69772338867188,1069.498046875,22.627416610717773,1.8390703281213932e-13,0,0.107665054500103,38.90625379452363,2.26914119720459,1.0,1360.945068359375,9.495017051696777,38.90625379452363,4.6440324783325195,1.0,1.4142103166863926,0.6884057571716607,exact_deterministic_ggn_2b,torch.float64,0.0006490754312835634,938976,0.0006388399051502347,1.1544184684753418,8.417072194788489e-07,2.0002538803964853e-05,0.0007493046578019857,9.864005419965556e-16,0.0018944721668958664,2.0255165415676117e-13,symmetrized_jacobi_fullfp64_chunked,1024,5.345058525563218e-05,1.0,1e-06,paper_sgd_momentum_1e-6
14,0,-0.5612964630126953,6.06451416015625,-0.5686123967170715,-3.457944869995117,0.21402499079704285,0.0,0.004,1.7594331502914429,108.4,0.62,648,1.483538269996643,26,0.008663489483296871,-0.0057944003492593765,0.1678747683763504,0.004,489,2007040,9179.70391069213,2007040,1.9459589719772339,0.5719309449195862,0.158075749874115,8.907307624816895,-0.47042152285575867,-0.566443920135498,1.2807142734527588,1.0,1.0,512,BELOW_0P005_DIVIDE_1P5,1,367,30.628646268375167,156.5888214111328,1292.6966552734375,22.627416610717773,4.793939209921401e-13,0,0.3370320796966553,30.628646268375167,0.6961012482643127,1.0,2233.7060546875,9.271023750305176,30.628646268375167,1.483538269996643,1.0,1.414213293586613,0.5852154309378349,exact_deterministic_ggn_2b,torch.float64,0.0011260075261816382,938976,0.0014008849393576384,1.1611028909683228,2.5302585981989978e-06,0.00014229619409888983,0.0013074105372652411,2.5980523357885474e-15,0.0014156413963064551,4.90746362272957e-13,symmetrized_jacobi_fullfp64_chunked,1024,0.00018291779269929975,1.0,1e-06,paper_sgd_momentum_1e-6
