action_max,action_min,adv_avg,adv_max,adv_med,adv_min,adv_var,clipfrac,curr_lr,entropy,eplenmean,eprewmean,fps,grad_norm,kl,loss_pi,loss_v,lr,misc/nupdates,misc/serial_timesteps,misc/time_elapsed,transitions_so_far,ratio_max,ratio_min,ret_avg,ret_max,ret_med,ret_min,ret_var
14,0,-0.8879548907279968,4.260831832885742,-0.9591127038002014,-5.234031677246094,0.4524657130241394,0.0,0.5,2.6779942512512207,127.83,1.83,832,1.9468144178390503,0.005796728655695915,-0.014523215591907501,0.18314221501350403,0.5,9,40960,50.842210354981944,40960,2.52124285697937,0.6263585686683655,0.8895406723022461,5.594504356384277,0.7380604147911072,-1.069296956062317,1.388300895690918
14,0,-1.0131006240844727,1.6263799667358398,-1.0763273239135742,-3.9488449096679688,0.27113139629364014,0.0,0.5,2.639798641204834,127.25,1.74,830,1.24465012550354,0.015255729667842388,0.012493405491113663,0.10543783754110336,0.5,19,81920,101.20987174997572,81920,2.7190966606140137,0.47593221068382263,0.18294735252857208,4.496639728546143,-0.2126525342464447,-1.3204964399337769,1.2087173461914062
14,0,-0.8424373269081116,1.4827548265457153,-0.8990660309791565,-4.5959320068359375,0.21112659573554993,0.0,0.5,2.582674980163574,152.42,2.72,834,1.0455546379089355,0.02798263169825077,0.05431968346238136,0.08730411529541016,0.5,29,122880,151.68867797695566,122880,4.807453155517578,0.39166370034217834,0.3771652281284332,4.137837886810303,0.20895594358444214,-1.6097110509872437,1.3868207931518555
14,0,-1.0101267099380493,0.6170103549957275,-0.9877676367759705,-2.8291633129119873,0.157771036028862,0.0,0.09876543209876543,2.465115785598755,178.94,3.91,831,0.49707162380218506,0.034876756370067596,-0.06537174433469772,0.04846099764108658,0.09876543209876543,39,163840,202.15072966890875,163840,2.394695281982422,0.11847016960382462,0.9013881087303162,4.1387858390808105,0.5331049561500549,-1.2676911354064941,1.8267565965652466
14,0,-1.017388105392456,1.141025424003601,-1.0021331310272217,-3.4914238452911377,0.1310770958662033,0.0,0.01950922115531169,2.367330312728882,189.61,4.31,832,0.5276288390159607,0.04478655010461807,-0.0928879976272583,0.027821049094200134,0.013006147436874461,49,204800,252.46741987892892,204800,2.4124743938446045,0.1634943187236786,0.6716105937957764,4.910634517669678,0.42854928970336914,-1.2079600095748901,1.7678399085998535
14,0,-1.042574405670166,0.45895588397979736,-1.0288774967193604,-3.1200757026672363,0.09665793925523758,0.0,0.000507479613449148,2.3523178100585938,216.12,4.4,833,0.5589063167572021,0.05033694580197334,-0.09538888931274414,0.0235991720110178,0.00033831974229943195,59,245760,302.63178181892727,245760,3.0861618518829346,0.10000000149011612,0.43920063972473145,3.5882227420806885,0.2682175636291504,-1.0890380144119263,0.7222456932067871
14,0,-1.065384030342102,0.9423995614051819,-1.0729153156280518,-2.7549455165863037,0.08161608874797821,0.0,0.0292638317329675,2.32429838180542,206.94,4.54,825,0.5490779280662537,0.05107951536774635,-0.0800761878490448,0.030117567628622055,0.019509221155311667,69,286720,353.0574700839352,286720,3.1982059478759766,0.16362985968589783,0.6497454643249512,3.6742477416992188,0.49050191044807434,-1.1534724235534668,1.0276259183883667
14,0,-1.1417063474655151,0.41162142157554626,-1.1262367963790894,-3.455859422683716,0.09069173783063889,0.0,0.0002255464948662878,2.1512489318847656,234.19,5.29,829,0.4854046404361725,0.07131341099739075,-0.11249883472919464,0.02077285200357437,0.00015036432991085853,79,327680,403.52293872693554,327680,2.719762086868286,0.10000000149011612,0.5753597617149353,3.457747220993042,0.3368977904319763,-1.2133070230484009,1.2359304428100586
14,0,-1.1593084335327148,0.45089831948280334,-1.1526520252227783,-3.194150686264038,0.060939397662878036,0.0,0.0007593749999999996,2.0248489379882812,255.44,5.66,835,0.5064318776130676,0.060885004699230194,-0.07149451971054077,0.012835702858865261,0.0005062499999999998,89,368640,453.5984537649201,368640,3.2401275634765625,0.10000000149011612,0.7241159677505493,4.243885517120361,0.4678631126880646,-1.2741026878356934,1.6019881963729858
14,0,-1.1849106550216675,0.0023560107219964266,-1.1515522003173828,-3.4311490058898926,0.09041956067085266,0.0,0.008649755859374999,1.9822406768798828,286.08,6.51,834,0.4546629786491394,0.04976223409175873,-0.050441622734069824,0.014360998757183552,0.005766503906249999,99,409600,503.8003088979749,409600,2.807136297225952,0.10000000149011612,0.7755300402641296,4.196674346923828,0.6595086455345154,-1.3378069400787354,1.290886402130127
14,0,-1.1970293521881104,-0.20913247764110565,-1.192253589630127,-2.5620534420013428,0.06808856129646301,0.0,0.029192926025390618,2.0048885345458984,286.41,6.29,834,0.5132842063903809,0.04867500066757202,-0.0421861857175827,0.014428874477744102,0.019461950683593746,109,450560,554.040411985945,450560,3.054786443710327,0.10248004645109177,0.4386330544948578,3.9357411861419678,0.5034642815589905,-1.2544255256652832,0.7187392115592957
14,0,-1.2280845642089844,-0.33248504996299744,-1.1963226795196533,-3.0334463119506836,0.06339506804943085,0.0,0.019461950683593746,1.8760528564453125,275.73,6.75,836,0.49415093660354614,0.034742895513772964,-0.06983731687068939,0.008374573662877083,0.019461950683593746,119,491520,604.3415165949846,491520,3.0406742095947266,0.1344965100288391,1.0594180822372437,4.549952983856201,0.6823877692222595,-1.2411463260650635,2.2071337699890137
14,0,-1.221601963043213,-0.4152429699897766,-1.200918436050415,-3.514141798019409,0.04861621931195259,0.0,0.001139062499999999,1.803734302520752,287.82,7.76,826,0.44946107268333435,0.05225100368261337,-0.041081804782152176,0.008939373306930065,0.0007593749999999993,129,532480,654.6309191259788,532480,2.8080458641052246,0.10000000149011612,0.8169618844985962,4.712860107421875,0.6698556542396545,-1.7554397583007812,1.6853097677230835
14,0,-1.185386061668396,0.3498339354991913,-1.1844162940979004,-3.054238796234131,0.0824446901679039,0.0,0.00170859375,1.8166913986206055,268.49,6.38,826,0.4807639718055725,0.041088249534368515,-0.020243847742676735,0.007018277421593666,0.0011390625,139,573440,705.0345529390033,573440,2.797630548477173,0.10000000149011612,0.9524589776992798,4.276222229003906,0.8487412929534912,-1.229162573814392,1.169986605644226
14,0,-1.2051981687545776,-0.1615602821111679,-1.1991442441940308,-3.9308292865753174,0.08364922553300858,0.0,0.029192926025390618,1.9554924964904785,334.55,9.74,829,0.3936430811882019,0.051161620765924454,-0.01891137659549713,0.010584287345409393,0.019461950683593746,149,614400,755.555940690916,614400,3.041558265686035,0.10000000149011612,0.6263569593429565,3.6379361152648926,0.6026191115379333,-1.4297071695327759,1.090569019317627
14,0,-1.2192416191101074,0.01721549779176712,-1.2327499389648438,-3.1406872272491455,0.08622252196073532,0.0,0.0001,1.7477777004241943,336.47,7.85,830,0.5354978442192078,0.060624297708272934,-0.013202841393649578,0.01715318113565445,0.0001,159,655360,806.1325614129892,655360,2.8203160762786865,0.10000000149011612,0.9686341285705566,4.174424648284912,0.872161328792572,-1.263426423072815,1.1704490184783936
14,0,-1.2475990056991577,0.7387295365333557,-1.2384642362594604,-3.192856550216675,0.11818833649158478,0.0,0.0017085937499999992,1.7565312385559082,391.67,10.71,814,0.45534422993659973,0.05848456174135208,-0.009636053815484047,0.008851761929690838,0.0011390624999999995,169,696320,856.778271434945,696320,10.0,0.10000000149011612,1.0677622556686401,3.945061683654785,0.9101011753082275,-1.363274097442627,1.7470636367797852
14,0,-1.3368780612945557,-0.6575648188591003,-1.307602047920227,-3.3057241439819336,0.053593285381793976,0.0,0.001139062499999999,1.87003493309021,300.38,7.68,835,0.5253550410270691,0.05766787379980087,-0.03450661897659302,0.007929012179374695,0.0007593749999999993,179,737280,907.2365615100134,737280,4.984311103820801,0.10000000149011612,0.4869568347930908,4.267663955688477,0.627070426940918,-1.3467875719070435,0.7332688570022583
14,0,-1.2178000211715698,0.5095329880714417,-1.2356327772140503,-2.462862968444824,0.07753615826368332,0.0,0.0007593749999999996,1.853049635887146,337.34,9.26,830,0.4723828434944153,0.05248648673295975,-0.05578293651342392,0.01170345302671194,0.0005062499999999998,189,778240,957.5851446409943,778240,3.254164218902588,0.1740892231464386,0.8840668797492981,4.417446613311768,0.7409119009971619,-1.4034440517425537,1.8394479751586914
14,0,-1.261237621307373,0.16966015100479126,-1.2406891584396362,-4.727519989013672,0.12626515328884125,0.0,0.22168378200531003,1.7915931940078735,303.44,8.99,833,1.649423360824585,0.04081036150455475,-0.029952293261885643,0.05313395708799362,0.14778918800354002,199,819200,1008.0175457060104,819200,2.306321382522583,0.10000000149011612,1.2322924137115479,4.815709114074707,0.8458735346794128,-1.268175721168518,2.3676559925079346
14,0,-1.279026746749878,-0.30017900466918945,-1.2458913326263428,-3.3036696910858154,0.08892160654067993,0.0,0.0007593749999999993,1.8822811841964722,341.43,7.98,840,0.4399081766605377,0.05730200186371803,-0.08358079195022583,0.008836064487695694,0.0005062499999999995,209,860160,1057.9436471780064,860160,2.5428805351257324,0.10000000149011612,0.7632466554641724,4.202022075653076,0.5846925377845764,-1.2822083234786987,0.9058725833892822
14,0,-1.286706566810608,0.04506779834628105,-1.270690679550171,-2.6709890365600586,0.07031221687793732,0.0,0.0129746337890625,1.805957555770874,345.47,9.25,834,0.4640037715435028,0.04871044307947159,-0.04166736453771591,0.008194960653781891,0.008649755859375,219,901120,1107.8353491359157,901120,2.413012742996216,0.10000000149011612,0.9177404642105103,4.279832363128662,0.5763568878173828,-1.3237718343734741,1.859464168548584
14,0,-1.253892421722412,-0.2627558708190918,-1.2489093542099,-3.102311134338379,0.05004474148154259,0.0,0.043789389038085935,1.746395230293274,407.85,11.0,844,0.5034359097480774,0.04129432886838913,-0.047923434525728226,0.009270847775042057,0.029192926025390625,229,942080,1157.6278918519383,942080,2.3747475147247314,0.10000000149011612,0.6434827446937561,4.447677135467529,0.34036144614219666,-1.258836030960083,1.152907133102417
14,0,-1.2141666412353516,-0.1736559420824051,-1.214753270149231,-3.5946922302246094,0.0658661276102066,0.0,0.005766503906249999,1.90336012840271,355.24,11.15,844,0.4332598149776459,0.051184602081775665,-0.01406143605709076,0.009831549599766731,0.003844335937499999,239,983040,1207.3874708999647,983040,3.058657169342041,0.17865696549415588,0.8360824584960938,4.2963128089904785,0.626234769821167,-1.274550199508667,1.574972152709961
14,0,-1.2464618682861328,-0.39019280672073364,-1.2299463748931885,-2.667302370071411,0.05470780283212662,0.0,0.002562890625,2.0171878337860107,342.23,9.95,840,0.431946724653244,0.0701463520526886,-0.054639700800180435,0.00716994795948267,0.00170859375,249,1024000,1257.2884967409773,1024000,2.5704421997070312,0.10000000149011612,0.6081525087356567,4.2745442390441895,0.29798924922943115,-1.2436012029647827,1.427722692489624
14,0,-1.28379487991333,0.03973664715886116,-1.2362730503082275,-4.494687080383301,0.13254715502262115,0.0,0.01946195068359375,1.9626202583312988,354.97,9.26,833,0.42072221636772156,0.033226270228624344,-0.03941953182220459,0.010908860713243484,0.01946195068359375,259,1064960,1307.2117093559355,1064960,2.139315366744995,0.10000000149011612,0.5495713949203491,4.822578430175781,0.24055854976177216,-1.2352653741836548,1.774143099784851
14,0,-1.2297213077545166,-0.07512167096138,-1.2160261869430542,-5.2928056716918945,0.09395591169595718,0.0,0.029192926025390618,2.0566980838775635,362.4,11.04,844,0.526738703250885,0.04127102717757225,-0.03750477358698845,0.012873159721493721,0.019461950683593746,269,1105920,1357.0787981399335,1105920,3.20414400100708,0.10000000149011612,0.8517780900001526,4.5848307609558105,0.6515299081802368,-1.237048864364624,1.695311427116394
14,0,-1.2582893371582031,-0.2899759113788605,-1.2278599739074707,-2.657006025314331,0.04423312842845917,0.0,0.0001,1.8421430587768555,372.34,9.21,843,0.4640645384788513,0.05895695462822914,-0.0263072419911623,0.0068171340972185135,0.0001,279,1146880,1406.9475745209493,1146880,2.9436399936676025,0.10000000149011612,0.616395115852356,3.8251373767852783,0.3234366178512573,-1.2404582500457764,1.6539775133132935
14,0,-1.21249520778656,-0.49523600935935974,-1.1893123388290405,-3.020946741104126,0.04900522902607918,0.0,0.0002249999999999999,1.9271221160888672,328.43,10.51,830,0.489577054977417,0.04204179346561432,-0.07319273054599762,0.008302980102598667,0.00014999999999999993,289,1187840,1456.9794675109442,1187840,3.0971832275390625,0.10000000149011612,0.7578867673873901,4.0359883308410645,0.5889942646026611,-1.4723230600357056,2.0754098892211914
14,0,-1.185920000076294,0.24447830021381378,-1.1824463605880737,-2.1611430644989014,0.04360351711511612,0.0,0.005766503906249995,1.642646074295044,362.38,10.13,840,0.5207534432411194,0.04937320202589035,-0.03133310750126839,0.005317416042089462,0.003844335937499997,299,1228800,1507.011364483973,1228800,3.2682647705078125,0.10000000149011612,0.8559957146644592,4.185391902923584,0.5298680663108826,-1.2111767530441284,2.07611083984375
14,0,-1.1577701568603516,-0.3587796986103058,-1.1647056341171265,-2.0363547801971436,0.026056265458464622,0.0,0.02919292602539061,1.6648414134979248,373.69,10.71,843,0.4529345631599426,0.04449157416820526,-0.031678564846515656,0.005420418921858072,0.01946195068359374,309,1269760,1556.7294876329834,1269760,4.931771755218506,0.1528048813343048,1.2256689071655273,4.398072719573975,1.715257167816162,-1.2055087089538574,1.795461893081665
14,0,-1.1718238592147827,-0.3615129590034485,-1.15418541431427,-3.152695417404175,0.052224479615688324,0.0,0.14778918800353996,1.790525197982788,387.76,11.67,827,1.274192214012146,0.02566669136285782,-0.01857169345021248,0.032546862959861755,0.14778918800353996,319,1310720,1606.3767200539587,1310720,2.774275779724121,0.11846564710140228,1.1079955101013184,4.420149326324463,0.7774487733840942,-1.216874122619629,1.9071648120880127
14,0,-1.1363959312438965,-0.3705988824367523,-1.144911289215088,-2.0658180713653564,0.028981132432818413,0.0,0.0001,1.8512210845947266,367.07,10.04,842,0.4851958155632019,0.05181308090686798,0.00985476654022932,0.005811302922666073,0.0001,329,1351680,1655.8656576749636,1351680,3.303208589553833,0.2001802623271942,0.6914725303649902,4.47210693359375,-0.276536762714386,-1.4692457914352417,3.2398459911346436
14,0,-1.1347243785858154,-0.43236663937568665,-1.1123802661895752,-2.6160449981689453,0.03540775924921036,0.0,0.00015000000000000004,1.8619561195373535,395.02,11.35,841,0.43612781167030334,0.07128425687551498,-0.061995550990104675,0.006585800554603338,0.00010000000000000003,339,1392640,1705.3284624889493,1392640,2.0887844562530518,0.10000000149011612,0.2048763930797577,3.3302838802337646,-0.20362994074821472,-1.5358251333236694,1.3821189403533936
14,0,-1.1418441534042358,0.27528631687164307,-1.1339088678359985,-2.181892156600952,0.027063483372330666,0.0,0.008649755859374995,1.8486008644104004,361.02,8.96,831,0.45109978318214417,0.040476296097040176,-0.012397291138768196,0.004498129244893789,0.005766503906249997,349,1433600,1754.9390941699967,1433600,3.0306832790374756,0.1917155683040619,0.36310654878616333,3.839197874069214,-0.26800474524497986,-1.1849924325942993,2.0594449043273926
14,0,-1.1087896823883057,-0.303796648979187,-1.1187000274658203,-1.6653908491134644,0.021050743758678436,0.0,0.0001,1.9816184043884277,373.46,11.06,837,0.4619564116001129,0.04733419418334961,-0.03649138659238815,0.004040705971419811,0.0001,359,1474560,1804.4898527989862,1474560,2.5265562534332275,0.20723289251327515,0.5021889209747314,3.0595662593841553,-0.13943663239479065,-1.1424882411956787,1.5790351629257202
14,0,-1.1035947799682617,-0.10519243031740189,-1.0977250337600708,-3.9105606079101562,0.0475495420396328,0.0,0.012974633789062497,1.9180883169174194,258.51,6.57,842,0.4516007900238037,0.04069729149341583,-0.0660509467124939,0.004994305316358805,0.008649755859374999,369,1515520,1853.948293010937,1515520,4.533719062805176,0.10000000149011612,0.23138287663459778,3.430061101913452,-0.28521081805229187,-1.225207805633545,1.8335908651351929
14,0,-1.166736125946045,-0.6130086183547974,-1.1393150091171265,-2.024141311645508,0.039786748588085175,0.0,0.00010000000000000003,1.4932537078857422,262.69,5.94,842,0.5028602480888367,0.09933063387870789,-0.13937702775001526,0.008149008266627789,0.0001,379,1556480,1903.2684067320079,1556480,3.3698995113372803,0.10000000149011612,0.6373721361160278,3.149836301803589,0.13108862936496735,-1.2503154277801514,1.8778718709945679
14,0,-1.1350650787353516,-0.3505837321281433,-1.1048163175582886,-4.624418258666992,0.06260064244270325,0.0,0.003844335937499999,1.6959298849105835,286.64,7.93,842,0.3853360116481781,0.06358399242162704,-0.05808786302804947,-0.0019688941538333893,0.002562890624999999,389,1597440,1952.6088428589283,1597440,5.649965286254883,0.10000000149011612,0.49169838428497314,2.9803566932678223,-0.07201547920703888,-1.1487669944763184,1.6323868036270142
14,0,-1.1386816501617432,-0.4364638924598694,-1.1244699954986572,-2.1453590393066406,0.027935955673456192,0.0,0.0005062499999999998,1.6336396932601929,375.86,10.8,842,0.4528188705444336,0.0636289119720459,-0.07793137431144714,0.005868470761924982,0.00033749999999999986,399,1638400,2002.113538165926,1638400,3.5973076820373535,0.10000000149011612,0.7617362141609192,3.4031784534454346,0.10319691151380539,-1.1831156015396118,2.205634117126465
14,0,-1.1120187044143677,-0.3038356900215149,-1.1127957105636597,-1.5563101768493652,0.013732642866671085,0.0,0.00014999999999999988,1.4782752990722656,357.79,9.24,841,0.5003958344459534,0.04987044632434845,-0.08975397050380707,0.0033932714723050594,0.0001,409,1679360,2051.577220179024,1679360,2.5844552516937256,0.1448836624622345,0.2096930593252182,3.229048728942871,-0.22710064053535461,-1.1377553939819336,1.7161778211593628
14,0,-1.116288661956787,-0.5800089240074158,-1.1097323894500732,-1.6472467184066772,0.014243675395846367,0.0,0.0005062500000000001,1.3587675094604492,306.38,8.88,844,0.42749685049057007,0.04778639227151871,-0.06603653728961945,0.0035105645656585693,0.00033750000000000007,419,1720320,2101.082809151965,1720320,2.512103796005249,0.10000000149011612,0.19740712642669678,3.190300226211548,-0.23303739726543427,-1.151223063468933,1.854642629623413
14,0,-1.1072087287902832,-0.3969379663467407,-1.1073806285858154,-1.739562749862671,0.011268852278590202,0.0,0.0007593750000000001,1.3524959087371826,300.34,8.68,842,0.3991853892803192,0.05276457965373993,-0.09570181369781494,0.00338964955881238,0.0005062500000000001,429,1761280,2150.5394891509786,1761280,4.130176544189453,0.10000000149011612,0.5582622289657593,3.5796375274658203,-0.04942141845822334,-1.2261030673980713,2.42459774017334
14,0,-1.0920854806900024,-0.4811716079711914,-1.0901579856872559,-1.5647698640823364,0.011778837069869041,0.0,0.06568408355712886,1.1647849082946777,341.92,11.03,841,0.8441371321678162,0.04072491079568863,-0.06204313039779663,0.010950310155749321,0.04378938903808591,439,1802240,2199.975596221979,1802240,2.6156373023986816,0.21712999045848846,0.9710481762886047,3.770275354385376,0.1977485865354538,-1.1332495212554932,3.031087875366211
14,0,-1.1130867004394531,-0.5659228563308716,-1.0970308780670166,-3.1746304035186768,0.027920199558138847,0.0,0.0038443359375000003,1.6023259162902832,322.12,10.4,838,0.46667835116386414,0.04760746657848358,-0.054454486817121506,0.007653160020709038,0.002562890625,449,1843200,2249.4312065679114,1843200,2.4721217155456543,0.10000000149011612,0.47682106494903564,3.791234254837036,0.07639746367931366,-1.1233583688735962,1.9021326303482056
14,0,-1.1010926961898804,-0.5362468957901001,-1.0850412845611572,-2.22538423538208,0.01680551841855049,0.0,0.0129746337890625,1.4988614320755005,329.43,9.97,842,0.4578990340232849,0.04249965026974678,-0.06670691072940826,0.004646188113838434,0.008649755859375,459,1884160,2298.8677214559866,1884160,2.225416660308838,0.13136868178844452,0.10206414014101028,3.849231481552124,-0.375136137008667,-1.0926551818847656,1.6148866415023804
14,0,-1.099884033203125,-0.5852224230766296,-1.0915448665618896,-2.579770088195801,0.01601245068013668,0.0,0.003844335937499999,1.2371782064437866,310.26,9.32,842,0.4047214388847351,0.03491505607962608,-0.050251349806785583,0.0037666242569684982,0.003844335937499999,469,1925120,2348.289317658986,1925120,3.9842989444732666,0.21879836916923523,1.0105676651000977,4.391286373138428,0.03952840715646744,-1.1987565755844116,3.366732120513916
14,0,-1.1216967105865479,-0.6248855590820312,-1.074639916419983,-5.337769031524658,0.08281847089529037,0.0,0.06568408355712889,1.3652712106704712,256.11,7.18,842,0.516383171081543,0.04593673348426819,-0.04261649772524834,0.009596175514161587,0.04378938903808593,479,1966080,2397.6983913509175,1966080,10.0,0.10000000149011612,0.8290648460388184,3.7093706130981445,0.2636292576789856,-1.1152161359786987,2.266141176223755
14,0,-1.0551981925964355,-0.35551753640174866,-1.0489633083343506,-1.6836555004119873,0.014288939535617828,0.0,0.00022499999999999994,1.749863862991333,297.65,9.28,831,0.517615795135498,0.051500894129276276,-0.08629625290632248,0.003573544090613723,0.00014999999999999996,489,2007040,2447.17929063295,2007040,3.4435818195343018,0.1776130497455597,-0.015457924455404282,2.6728453636169434,-0.036300528794527054,-1.1925373077392578,0.6553030014038086
14,0,-1.0914438962936401,-0.5303217768669128,-1.072292447090149,-2.923529863357544,0.02785540372133255,0.0,0.00170859375,1.654255986213684,301.9,7.6,844,0.4938349723815918,0.04519818350672722,-0.05673328787088394,-0.0005869206506758928,0.0011390625,499,2048000,2496.676827034913,2048000,3.393935203552246,0.18216173350811005,-0.07726402580738068,1.783013105392456,-0.15041060745716095,-1.08232581615448,0.5193698406219482
14,0,-1.0771197080612183,-0.3063660264015198,-1.0702565908432007,-2.4890799522399902,0.016690336167812347,0.0,0.002562890625,1.5933880805969238,285.68,7.41,845,0.5207512378692627,0.049777306616306305,-0.011886675842106342,0.005963333882391453,0.00170859375,509,2088960,2546.127082826919,2088960,2.905245065689087,0.12087446451187134,-0.15804055333137512,1.2587507963180542,-0.1529688537120819,-1.1690237522125244,0.34956294298171997
14,0,-1.0780524015426636,-0.38484886288642883,-1.0746102333068848,-2.4448816776275635,0.02159898914396763,0.0,0.0057665039062500005,1.51162850856781,292.27,6.76,834,0.4433899521827698,0.047864880412817,-0.11326102912425995,0.005128314718604088,0.0038443359375000003,519,2129920,2595.663632781012,2129920,4.145531177520752,0.18139973282814026,-0.09158314764499664,0.9772942662239075,-0.029916808009147644,-1.0952343940734863,0.22507156431674957
14,0,-1.0970609188079834,0.1356285959482193,-1.0931280851364136,-2.2591850757598877,0.02168601006269455,0.0,0.0038443359375000003,1.3933749198913574,304.45,6.4,838,0.4628901481628418,0.06695118546485901,-0.08425592631101608,0.002540256828069687,0.002562890625,529,2170880,2645.130579523975,2170880,5.555058002471924,0.10000000149011612,0.013365615159273148,1.0957233905792236,0.17310456931591034,-1.105246663093567,0.24924513697624207
14,0,-1.0944597721099854,-0.33971989154815674,-1.0876091718673706,-2.062396287918091,0.020916162058711052,0.0,0.0007593750000000001,1.3334872722625732,295.81,7.23,843,0.4045219123363495,0.05998814105987549,-0.12635962665081024,0.004264599643647671,0.0005062500000000001,539,2211840,2694.680962531944,2211840,3.736178398132324,0.10000000149011612,-0.041952937841415405,0.8464915156364441,0.04756937921047211,-1.1045901775360107,0.21247054636478424
14,0,-1.1143563985824585,-0.514525830745697,-1.0981523990631104,-2.3559274673461914,0.025885164737701416,0.0,0.0011390625,1.05888831615448,298.27,8.06,842,0.43727830052375793,0.04962149262428284,-0.14058485627174377,0.004279519431293011,0.0007593750000000001,549,2252800,2744.3015871709213,2252800,3.401498794555664,0.12265995889902115,0.12784428894519806,1.0913589000701904,0.12913596630096436,-1.100883960723877,0.2178502231836319
14,0,-1.1481953859329224,-0.7585541605949402,-1.1207894086837769,-2.747347354888916,0.028910716995596886,0.0,0.002562890625,1.2171425819396973,314.16,7.38,844,0.38934946060180664,0.05381983891129494,-0.10104897618293762,0.0029030973091721535,0.00170859375,559,2293760,2793.8107762730215,2293760,5.229367256164551,0.10000000149011612,0.05778241530060768,1.3269938230514526,0.12976868450641632,-1.1712985038757324,0.2608172297477722
14,0,-1.1348402500152588,-0.46091005206108093,-1.1275478601455688,-2.544386386871338,0.025066571310162544,0.0,0.0129746337890625,1.1074459552764893,315.5,6.57,842,0.44600895047187805,0.046995263546705246,-0.13388964533805847,0.005434142425656319,0.008649755859375,569,2334720,2843.503350541927,2334720,3.9113729000091553,0.16239050030708313,-0.06595738232135773,0.9824796319007874,0.018835222348570824,-1.1151418685913086,0.18309858441352844
14,0,-1.1345391273498535,-0.5104431509971619,-1.1144729852676392,-2.6078100204467773,0.033785805106163025,0.0,0.00010000000000000003,1.1643517017364502,333.0,7.87,842,0.4157470762729645,0.06239653751254082,-0.14912506937980652,0.005324901081621647,0.0001,579,2375680,2893.156060964917,2375680,2.7408461570739746,0.10000000149011612,0.0258319228887558,0.9371129274368286,0.05365399643778801,-1.1228827238082886,0.16383102536201477
14,0,-1.1204557418823242,-0.7353167533874512,-1.1165152788162231,-2.081723690032959,0.014052598737180233,0.0,0.0005062500000000001,1.0950829982757568,322.87,7.62,841,0.3661240339279175,0.05028758943080902,-0.1465194970369339,0.0032858543563634157,0.00033750000000000007,589,2416640,2942.7210589969764,2416640,3.0432751178741455,0.1407458782196045,0.13327252864837646,1.3663967847824097,0.10702698677778244,-1.1316074132919312,0.28711897134780884
14,0,-1.1312766075134277,-0.6143680810928345,-1.1269962787628174,-2.1853299140930176,0.02002793177962303,0.0,0.0057665039062500005,0.9110502004623413,382.43,9.74,842,0.42843955755233765,0.0499994270503521,-0.1004592776298523,0.004118991084396839,0.0038443359375000003,599,2457600,2992.150516237016,2457600,3.4791507720947266,0.11783786118030548,0.1492377370595932,1.3944588899612427,0.16218708455562592,-1.1411843299865723,0.26124107837677
14,0,-1.1470298767089844,-0.31321409344673157,-1.1425552368164062,-2.82999849319458,0.028292173519730568,0.0,0.043789389038085935,0.98824143409729,394.04,9.41,841,0.7031844854354858,0.032160285860300064,-0.0909401923418045,0.007579862140119076,0.043789389038085935,609,2498560,3041.523515495006,2498560,3.0482988357543945,0.16081850230693817,0.22507326304912567,1.3096727132797241,0.26850590109825134,-1.1979010105133057,0.3299533426761627
14,0,-1.1769964694976807,-0.5894173979759216,-1.156476616859436,-3.6650149822235107,0.03637899085879326,0.0,0.008649755859375,0.9347046613693237,342.92,8.26,846,0.38896307349205017,0.043670035898685455,-0.05412441864609718,0.010135703720152378,0.0057665039062500005,619,2539520,3090.8837685919134,2539520,3.9383912086486816,0.10000000149011612,0.06392370164394379,1.5932735204696655,0.07334056496620178,-1.2162671089172363,0.29514849185943604
14,0,-1.206284761428833,-0.781204104423523,-1.1796618700027466,-2.780580759048462,0.029864348471164703,0.0,0.0057665039062500005,0.788088858127594,353.63,8.31,847,0.36981886625289917,0.06078534945845604,-0.14630267024040222,0.003039862494915724,0.0038443359375000003,629,2580480,3140.0409712999826,2580480,3.1171679496765137,0.10000000149011612,0.17254853248596191,1.8378469944000244,0.04857749119400978,-1.165815830230713,0.6099940538406372
14,0,-1.1776199340820312,-0.3520684242248535,-1.1677219867706299,-3.0964062213897705,0.03223447501659393,0.0,0.0001,1.0214918851852417,399.96,10.32,842,0.45176687836647034,0.06103181093931198,-0.09886597096920013,0.0061991093680262566,0.0001,639,2621440,3189.1720458429772,2621440,2.706156015396118,0.10764780640602112,0.15441535413265228,1.8930736780166626,0.16601549088954926,-1.1747515201568604,0.417712539434433
14,0,-1.2303025722503662,-0.8170860409736633,-1.1907055377960205,-3.0828945636749268,0.04098404943943024,0.0,0.0011390625,0.9318848848342896,368.74,9.25,845,0.4142833948135376,0.05790770426392555,-0.16660505533218384,0.00404620636254549,0.0007593750000000001,649,2662400,3238.3049044439103,2662400,3.3794615268707275,0.10000000149011612,0.045574020594358444,1.6346120834350586,0.004473905544728041,-1.2041935920715332,0.42505893111228943
14,0,-1.215444564819336,-0.7010376453399658,-1.201088786125183,-2.303494453430176,0.018871350213885307,0.0,0.0001,0.9369164705276489,329.06,6.8,845,0.4144730865955353,0.0584024079144001,-0.09505782276391983,0.002833588980138302,0.0001,659,2703360,3287.4219346289756,2703360,3.4002509117126465,0.10000000149011612,0.19524028897285461,1.8740904331207275,0.24680374562740326,-1.192990779876709,0.5525859594345093
14,0,-1.2349597215652466,-0.7231473326683044,-1.204468846321106,-2.766672372817993,0.037351809442043304,0.0,0.0011390625,1.0224506855010986,362.22,7.96,841,0.36811843514442444,0.052459850907325745,-0.11932101845741272,0.006306343246251345,0.0007593750000000001,669,2744320,3336.5942791770212,2744320,3.129702091217041,0.10000000149011612,-0.08883868157863617,1.71514892578125,-0.10133861750364304,-1.1914427280426025,0.3609636425971985
14,0,-1.2073454856872559,-0.6648039817810059,-1.1907117366790771,-2.8688108921051025,0.02146100625395775,0.0,0.008649755859375,0.6847060918807983,365.48,7.29,847,0.2930658161640167,0.051878198981285095,-0.10022665560245514,0.003185235895216465,0.0057665039062500005,679,2785280,3385.949594508973,2785280,4.00825309753418,0.10000000149011612,0.0982711985707283,2.1634857654571533,0.1697043478488922,-1.3750511407852173,0.6619110703468323
14,0,-1.2056535482406616,-0.5290862321853638,-1.1877278089523315,-2.623764991760254,0.030770227313041687,0.0,0.0001,0.7901679873466492,409.94,8.68,839,0.39389652013778687,0.056227907538414,-0.1092216819524765,0.004704320337623358,0.0001,689,2826240,3435.2974087839248,2826240,6.239963531494141,0.12535721063613892,-0.04433414340019226,1.6444611549377441,-0.11213677376508713,-1.210036277770996,0.42758992314338684
14,0,-1.226006031036377,-0.7910839915275574,-1.2095065116882324,-3.1800825595855713,0.03707348555326462,0.0,0.0007593750000000001,0.8200789093971252,384.52,9.34,840,0.3347887396812439,0.03301171585917473,-0.08388038724660873,0.0003696600906550884,0.0007593750000000001,699,2867200,3484.544251375948,2867200,1.986059308052063,0.10000000149011612,0.27307984232902527,2.0049729347229004,0.3109436631202698,-1.2690246105194092,0.4527455270290375
14,0,-1.2288968563079834,-0.8401631712913513,-1.212850570678711,-2.707709550857544,0.020469127222895622,0.0,0.0007593750000000001,0.7348135709762573,381.44,9.17,840,0.39520347118377686,0.050573501735925674,-0.18127161264419556,0.0017506323056295514,0.0005062500000000001,709,2908160,3533.967024568934,2908160,2.7657864093780518,0.10000000149011612,0.005509458482265472,1.4711289405822754,-0.13916586339473724,-1.21140456199646,0.47580257058143616
14,0,-1.2409435510635376,-0.6314616799354553,-1.2230864763259888,-2.496103048324585,0.02986677549779415,0.0,0.0038443359375000003,0.8332827687263489,393.81,9.54,844,0.42555463314056396,0.0490574985742569,-0.13199564814567566,0.003505127737298608,0.002562890625,719,2949120,3583.2334636009764,2949120,3.1262102127075195,0.11873096227645874,0.2454841434955597,1.8504939079284668,0.3704436421394348,-1.218207597732544,0.6236443519592285
14,0,-1.2484233379364014,-0.5915385484695435,-1.234654188156128,-2.5919368267059326,0.022297240793704987,0.0,0.01946195068359375,0.694119930267334,375.99,9.83,842,0.35021039843559265,0.05607922375202179,-0.14284265041351318,0.0048041376285254955,0.0129746337890625,729,2990080,3632.525234631961,2990080,4.996751308441162,0.10000000149011612,0.25066709518432617,1.8094810247421265,0.4068862795829773,-1.2245646715164185,0.4500748813152313
14,0,-1.2510411739349365,-0.6227406859397888,-1.2384016513824463,-3.336043119430542,0.027470845729112625,0.0,0.00010000000000000003,0.7814731001853943,356.27,7.54,844,0.41196271777153015,0.06205015629529953,-0.1757325977087021,0.0040884073823690414,0.0001,739,3031040,3681.9068881779676,3031040,3.553854465484619,0.10000000149011612,0.09709548950195312,1.4707857370376587,0.3181823492050171,-1.2342569828033447,0.38072800636291504
14,0,-1.2528550624847412,-0.6298553943634033,-1.2459620237350464,-2.7700304985046387,0.020017340779304504,0.0,0.0038443359375000003,0.7909883260726929,355.48,7.47,847,0.3537806570529938,0.04662944748997688,-0.0938328355550766,0.00307804299518466,0.002562890625,749,3072000,3731.242448645993,3072000,4.034822940826416,0.10124778747558594,0.16834041476249695,1.780005693435669,0.32927218079566956,-1.239109754562378,0.3367703855037689
14,0,-1.2376829385757446,-0.4773578345775604,-1.2328686714172363,-2.900756597518921,0.04213029146194458,0.0,0.01946195068359375,0.8083816766738892,410.49,10.62,842,0.5133916139602661,0.0635494664311409,-0.03607150912284851,0.00627376651391387,0.0129746337890625,759,3112960,3780.625697955955,3112960,3.618149995803833,0.10000000149011612,0.4398082494735718,2.3058924674987793,0.38010668754577637,-1.244222640991211,0.5461974740028381
14,0,-1.2547452449798584,-0.6144039034843445,-1.2514857053756714,-3.705594062805176,0.03254443779587746,0.0,0.043789389038085935,0.7818419933319092,428.08,11.43,843,0.9754087924957275,0.029566582292318344,-0.046370819211006165,0.01306864619255066,0.043789389038085935,769,3153920,3829.964926181943,3153920,2.441056251525879,0.25498151779174805,0.2606985569000244,2.5419130325317383,0.18432137370109558,-1.2508044242858887,0.727968692779541
14,0,-1.2762223482131958,-0.6584292054176331,-1.2553961277008057,-2.9781792163848877,0.03574555367231369,0.0,0.0011390625,0.8291256427764893,401.3,10.32,844,0.40842482447624207,0.05282837152481079,-0.11312934756278992,0.005056652706116438,0.0007593750000000001,779,3194880,3879.2388810879784,3194880,3.5795624256134033,0.10000000149011612,0.13793347775936127,2.535508394241333,-0.07314497232437134,-1.2613263130187988,0.7897193431854248
14,0,-1.2877514362335205,-0.5394352078437805,-1.2666478157043457,-2.6997170448303223,0.03854038566350937,0.0,0.043789389038085935,0.8172268867492676,395.86,10.04,844,0.6112179160118103,0.03466388210654259,-0.12596940994262695,0.0073854997754096985,0.043789389038085935,789,3235840,3932.498410651926,3235840,2.328448534011841,0.10000000149011612,0.410253643989563,3.0264644622802734,0.23243331909179688,-1.2590328454971313,1.0094213485717773
14,0,-1.3130234479904175,-0.6841039061546326,-1.2769521474838257,-4.958601951599121,0.07348770648241043,0.0,0.043789389038085935,0.9204843044281006,377.05,10.88,846,0.3667674660682678,0.0369819775223732,-0.08408410847187042,0.009055262431502342,0.043789389038085935,799,3276800,3981.8934085830115,3276800,2.860255479812622,0.13133899867534637,0.28360721468925476,2.9029958248138428,-0.06509490311145782,-1.2602676153182983,0.9327962398529053
14,0,-1.2785570621490479,-0.43727442622184753,-1.2662991285324097,-2.3441383838653564,0.03437566012144089,0.0,0.00015000000000000004,0.8440346717834473,415.87,9.39,844,0.43622833490371704,0.054443202912807465,-0.164777010679245,0.005421255715191364,0.00010000000000000003,809,3317760,4031.2465643850155,3317760,8.416873931884766,0.10000000149011612,0.4751123785972595,3.097743034362793,-0.11037907004356384,-1.2700986862182617,1.673104166984558
14,0,-1.3002374172210693,-0.8103622198104858,-1.2792378664016724,-3.2248024940490723,0.034585997462272644,0.0,0.0057665039062500005,0.8033702373504639,402.55,10.46,842,0.39580589532852173,0.045510098338127136,-0.0817151889204979,0.00011806900147348642,0.0038443359375000003,819,3358720,4081.089042722946,3358720,5.710811614990234,0.12272182106971741,0.08373276889324188,2.7342112064361572,-0.21180565655231476,-1.3056435585021973,0.9788048267364502
14,0,-1.2928107976913452,0.1219986155629158,-1.2755869626998901,-2.8666131496429443,0.03734845668077469,0.0,0.01946195068359375,0.7564630508422852,377.25,10.42,846,0.3827632665634155,0.05380823463201523,-0.09248177707195282,0.003898761235177517,0.0129746337890625,829,3399680,4130.522043018951,3399680,3.3638172149658203,0.10000000149011612,0.6170785427093506,3.3376502990722656,0.13320499658584595,-1.2658864259719849,1.6452304124832153
14,0,-1.2931207418441772,-0.3816569447517395,-1.2752290964126587,-2.8826842308044434,0.03181730955839157,0.0,0.0017085937499999994,0.734215259552002,355.78,9.67,845,0.42429593205451965,0.037412501871585846,-0.08577601611614227,0.005022053141146898,0.0017085937499999994,839,3440640,4179.830914623919,3440640,3.1573221683502197,0.10035491734743118,0.6753652095794678,4.033085346221924,0.23846052587032318,-1.2688865661621094,1.854881763458252
14,0,-1.2959574460983276,-0.2533257007598877,-1.2751821279525757,-2.882491111755371,0.049067530781030655,0.0,0.00170859375,0.7631165981292725,439.17,12.51,846,0.3554171025753021,0.049629777669906616,-0.0876135602593422,0.008200559765100479,0.0011390625,849,3481600,4229.176013289951,3481600,4.428590774536133,0.10000000149011612,0.8022841811180115,4.07351016998291,0.3061049282550812,-1.2680195569992065,1.7359046936035156
14,0,-1.3081310987472534,-0.5481679439544678,-1.273337960243225,-2.879390239715576,0.03496246039867401,0.0,0.0011390625,0.7003917098045349,445.62,13.3,844,0.41587305068969727,0.06677157431840897,-0.16748180985450745,0.004601828753948212,0.0007593750000000001,859,3522560,4278.462758475915,3522560,3.449971914291382,0.10000000149011612,0.8232457637786865,3.8857452869415283,0.35970333218574524,-1.2697995901107788,2.148608684539795
14,0,-1.3080562353134155,-0.2904717028141022,-1.2789093255996704,-3.394181728363037,0.06495768576860428,0.0,0.0011390625,0.7085719108581543,452.96,13.95,846,0.38336947560310364,0.057219915091991425,-0.07268653064966202,0.006207998376339674,0.0007593750000000001,869,3563520,4327.691412411979,3563520,5.338149547576904,0.10000000149011612,0.3467567265033722,3.508171558380127,0.4171585440635681,-1.2748820781707764,0.49885624647140503
14,0,-1.3314926624298096,-0.4401666522026062,-1.287916898727417,-4.085759162902832,0.0637555718421936,0.0,0.0038443359375000003,0.7012274265289307,425.65,12.05,844,0.3950606882572174,0.05507788434624672,-0.11170735955238342,0.006448268890380859,0.002562890625,879,3604480,4377.0067373239435,3604480,5.271812915802002,0.10000000149011612,0.8386284708976746,3.7561628818511963,0.4766707718372345,-1.2772608995437622,1.6831096410751343
14,0,-1.335176706314087,-0.6796002388000488,-1.3055223226547241,-3.356027126312256,0.046881191432476044,0.0,0.00033750000000000007,0.8227939009666443,374.27,10.59,829,0.43126970529556274,0.056403785943984985,-0.152802973985672,0.0006688147550448775,0.00022500000000000005,889,3645440,4426.353610142949,3645440,3.517793893814087,0.11494259536266327,0.4628864824771881,3.6104187965393066,0.279043972492218,-1.2811156511306763,1.245665431022644
14,0,-1.2977057695388794,-0.362598180770874,-1.2894272804260254,-2.915928840637207,0.026768706738948822,0.0,0.00015000000000000004,0.870639443397522,365.85,10.1,846,0.3199640214443207,0.055091261863708496,-0.1087321788072586,0.003046780824661255,0.00010000000000000003,899,3686400,4475.653926052968,3686400,2.7398078441619873,0.10000000149011612,0.4813453257083893,3.670734167098999,0.11506190896034241,-1.2987679243087769,1.7214468717575073
14,0,-1.3070522546768188,-0.7332429885864258,-1.2776728868484497,-2.786903142929077,0.0370233990252018,0.0,0.0007593750000000001,0.5731391906738281,420.81,12.13,847,0.3454282581806183,0.058092452585697174,-0.13972797989845276,0.009709058329463005,0.0005062500000000001,909,3727360,4525.077890204964,3727360,2.625953435897827,0.10000000149011612,0.7387984991073608,3.7675061225891113,0.4064323306083679,-1.285400152206421,1.660424828529358
14,0,-1.3225820064544678,-0.9008069038391113,-1.2970842123031616,-2.5923385620117188,0.033212270587682724,0.0,0.0001,0.741061270236969,423.74,10.91,840,0.43225979804992676,0.06648671627044678,-0.1295488178730011,0.0034717624075710773,0.0001,919,3768320,4574.794039716944,3768320,3.2579734325408936,0.10000000149011612,0.34163716435432434,3.4010024070739746,0.31247469782829285,-1.2895128726959229,0.4366236925125122
14,0,-1.3322598934173584,-0.7965386509895325,-1.2995661497116089,-2.791316270828247,0.03128651902079582,0.0,0.00170859375,0.4893414080142975,423.82,11.13,848,0.33129963278770447,0.06156431511044502,-0.15764378011226654,0.00303354999050498,0.0011390625,929,3809280,4624.41771334596,3809280,2.6533877849578857,0.10000000149011612,0.5878548622131348,3.791318416595459,0.3833388388156891,-1.2985554933547974,0.9866172075271606
14,0,-1.3478822708129883,-0.6996581554412842,-1.298903465270996,-5.8680925369262695,0.08854764699935913,0.0,0.0656840835571289,0.6161819696426392,434.64,10.49,845,0.5014918446540833,0.04168597608804703,-0.09567349404096603,0.010947699658572674,0.043789389038085935,939,3850240,4674.166191898985,3850240,2.8011581897735596,0.10000000149011612,0.6312932968139648,3.9795587062835693,0.36144164204597473,-1.296809434890747,1.488544225692749
14,0,-1.3718929290771484,-0.817192554473877,-1.319106936454773,-5.5165510177612305,0.0841292217373848,0.0,0.00022500000000000005,0.6826809644699097,451.23,11.21,846,0.41047394275665283,0.07137111574411392,-0.13177084922790527,0.0042693098075687885,0.00015000000000000004,949,3891200,4723.858043852961,3891200,3.2574808597564697,0.10000000149011612,0.4353633522987366,3.857673168182373,0.4391525983810425,-1.4241888523101807,0.8871802091598511
14,0,-1.336137294769287,-0.13539032638072968,-1.3092223405838013,-3.229396104812622,0.04933881759643555,0.0,0.0038443359375000003,0.6598830223083496,484.77,11.96,846,0.47980839014053345,0.04303362965583801,-0.10776782780885696,0.009240536019206047,0.002562890625,959,3932160,4773.474187799962,3932160,2.319809913635254,0.10000000149011612,0.3381078839302063,3.2464845180511475,0.2758072018623352,-1.304947018623352,0.4918658435344696
14,0,-1.3555068969726562,-0.805985152721405,-1.323115348815918,-3.0088791847229004,0.03926149755716324,0.0,0.0001,0.7646662592887878,454.05,12.03,847,0.3395158648490906,0.05353907123208046,-0.2080393135547638,0.0035405559465289116,0.0001,969,3973120,4823.121081552003,3973120,3.5781586170196533,0.12657710909843445,0.28325459361076355,3.9818544387817383,0.11668655276298523,-1.3090096712112427,0.8839101195335388
14,0,-1.325373888015747,-0.6665359735488892,-1.3094812631607056,-2.7923498153686523,0.02795996144413948,0.0,0.0005062500000000001,0.6409522294998169,421.84,13.28,845,0.3803001940250397,0.05859125405550003,-0.07222278416156769,0.0052772462368011475,0.00033750000000000007,979,4014080,4872.805852126912,4014080,5.2766828536987305,0.17954473197460175,0.3132362365722656,3.601148843765259,0.3904087543487549,-1.3103407621383667,0.46642428636550903
14,0,-1.307999849319458,-0.7585086822509766,-1.309660792350769,-2.461225748062134,0.0202998835593462,0.0,0.0007593750000000001,0.6931883096694946,456.56,13.53,846,0.38884902000427246,0.0671287328004837,-0.07361776381731033,0.0020539546385407448,0.0005062500000000001,989,4055040,4922.498188380967,4055040,3.9702951908111572,0.10000000149011612,0.7856019735336304,3.7025980949401855,0.6133762001991272,-1.3175607919692993,1.0439221858978271
14,0,-1.3636035919189453,-0.5633470416069031,-1.3258615732192993,-3.150899887084961,0.05491665378212929,0.0,0.0001,0.6649636626243591,428.97,11.73,845,0.4270493686199188,0.06325303018093109,-0.09798280894756317,0.005752504337579012,0.0001,999,4096000,4972.219364114921,4096000,3.7782363891601562,0.10000000149011612,0.8364713191986084,3.7559711933135986,0.5182067155838013,-1.3179596662521362,1.553615689277649
14,0,-1.3267934322357178,-0.419923335313797,-1.3162765502929688,-3.1876895427703857,0.05285938084125519,0.0,0.0011390625,0.6685330867767334,446.83,14.1,840,0.4134026765823364,0.03519050404429436,-0.0674801766872406,0.00690832082182169,0.0011390625,1009,4136960,5021.919254046981,4136960,4.2283430099487305,0.10000000149011612,0.6783202886581421,3.9227192401885986,0.6142594218254089,-1.3205584287643433,0.8926277756690979
14,0,-1.3625524044036865,-0.6361150741577148,-1.3213139772415161,-3.1204404830932617,0.04953252896666527,0.0,0.0038443359375000003,0.753588080406189,455.76,14.51,844,0.4472818374633789,0.04964939504861832,-0.14057841897010803,0.007613766007125378,0.002562890625,1019,4177920,5071.673955639009,4177920,4.91547966003418,0.10000000149011612,0.2862299382686615,1.806876540184021,0.2692059278488159,-1.322572946548462,0.33740758895874023
14,0,-1.3287242650985718,-0.2073836475610733,-1.3177942037582397,-3.083106517791748,0.04331304877996445,0.0,0.00022500000000000005,0.6946455240249634,488.98,13.56,839,0.38649246096611023,0.05020783096551895,-0.0651949942111969,0.0032906942069530487,0.00015000000000000004,1029,4218880,5121.432184471982,4218880,3.7336349487304688,0.18690598011016846,0.6755328178405762,3.8356921672821045,0.614694356918335,-1.4092742204666138,1.227343201637268
14,0,-1.364527940750122,-0.5309737920761108,-1.32846200466156,-3.534932851791382,0.046240031719207764,0.0,0.00014999999999999996,0.6729217767715454,416.21,12.77,844,0.34654662013053894,0.07707887887954712,-0.1268167793750763,0.004340836778283119,0.0001,1039,4259840,5171.176535742008,4259840,7.428106307983398,0.10000000149011612,0.997465193271637,3.9783272743225098,0.7639608979225159,-1.327970027923584,1.535943865776062
14,0,-1.323686957359314,-0.3068288266658783,-1.317798376083374,-2.3735511302948,0.028182853013277054,0.0,0.0005062500000000001,0.59868323802948,398.86,13.17,845,0.3595564365386963,0.05329051613807678,-0.10443612188100815,0.0033996542915701866,0.00033750000000000007,1049,4300800,5220.903141984949,4300800,2.1272926330566406,0.10000000149011612,0.8120218515396118,4.050778388977051,1.0369502305984497,-1.3317784070968628,0.8198125958442688
14,0,-1.3576200008392334,-0.5084850788116455,-1.33440101146698,-3.3143117427825928,0.03542637079954147,0.0,0.008649755859375,0.5699529051780701,411.8,13.53,847,0.3372623920440674,0.05963674187660217,-0.12565095722675323,0.003450307995080948,0.0057665039062500005,1059,4341760,5270.573340461939,4341760,3.658100128173828,0.10000000149011612,0.7080839276313782,3.7247257232666016,1.0814961194992065,-1.456032395362854,0.8280527591705322
14,0,-1.3225421905517578,-0.5802258253097534,-1.323850393295288,-2.2959890365600586,0.01674083061516285,0.0,0.00033750000000000007,0.6587492227554321,373.6,11.5,846,0.3436320126056671,0.04416336119174957,-0.03834320604801178,0.0031381617300212383,0.00022500000000000005,1069,4382720,5320.201837101951,4382720,5.710598945617676,0.10000000149011612,0.8666491508483887,3.78981876373291,0.6902927160263062,-1.3585364818572998,1.252953290939331
14,0,-1.3347420692443848,-0.6962888836860657,-1.3239307403564453,-3.218217134475708,0.027622133493423462,0.0,0.008649755859375,0.605250358581543,475.44,14.38,846,0.35575491189956665,0.048492223024368286,-0.07163872569799423,0.004880920518189669,0.0057665039062500005,1079,4423680,5369.881184565951,4423680,1.860374093055725,0.10000000149011612,0.9777219295501709,3.585491418838501,1.2145259380340576,-1.339555025100708,0.7603294849395752
14,0,-1.3391273021697998,-0.7910438179969788,-1.3269250392913818,-3.200073003768921,0.021203145384788513,0.0,0.005766503906249999,0.6878153085708618,473.47,15.18,846,0.3533591330051422,0.05118421092629433,-0.11513853073120117,0.005344856530427933,0.003844335937499999,1089,4464640,5419.386965423939,4464640,4.902194023132324,0.12730607390403748,1.1892088651657104,3.7499265670776367,1.4402780532836914,-1.3340202569961548,1.1829477548599243
14,0,-1.3391773700714111,-0.4871584475040436,-1.3377265930175781,-3.2189700603485107,0.036003950983285904,0.0,0.00010000000000000003,0.6899628639221191,431.55,13.49,846,0.4184354245662689,0.058603234589099884,-0.09626194834709167,0.006132619921118021,0.0001,1099,4505600,5468.910681005917,4505600,4.220755100250244,0.10000000149011612,0.8674737215042114,3.0285754203796387,0.6837091445922852,-1.3352470397949219,0.9407228231430054
14,0,-1.3456048965454102,-0.45845240354537964,-1.336387038230896,-3.2310051918029785,0.031927358359098434,0.0,0.00170859375,0.809654712677002,445.69,13.66,846,0.35499054193496704,0.05605493485927582,-0.11397505551576614,0.004327263683080673,0.0011390625,1109,4546560,5518.477475230931,4546560,6.146687984466553,0.10500983893871307,0.28088831901550293,2.6961429119110107,0.09088243544101715,-1.3349720239639282,0.9447726011276245
14,0,-1.3744947910308838,-0.8253108263015747,-1.353271484375,-3.5782887935638428,0.03186914324760437,0.0,0.002562890625,0.7214255928993225,502.7,13.9,842,0.3443273603916168,0.06162319332361221,-0.1519595831632614,0.004484204109758139,0.00170859375,1119,4587520,5568.113005921012,4587520,4.515510082244873,0.10000000149011612,0.561619222164154,2.5559473037719727,0.43645286560058594,-1.3363993167877197,0.9550042152404785
14,0,-1.352091908454895,-0.7019672989845276,-1.3301408290863037,-3.532806873321533,0.04824663698673248,0.0,0.0007593750000000001,0.7053757905960083,510.15,12.32,846,0.4353795349597931,0.04984051734209061,-0.09473811089992523,0.00655476376414299,0.0005062500000000001,1129,4628480,5617.681018853909,4628480,3.14880633354187,0.1426287740468979,0.7280882596969604,3.8546841144561768,0.6533334255218506,-1.3403286933898926,1.1804535388946533
14,0,-1.3473718166351318,-0.6277931332588196,-1.3334197998046875,-3.1656148433685303,0.036279283463954926,0.0,0.0007593750000000001,0.6524418592453003,518.82,14.19,847,0.3245199918746948,0.04236438497900963,-0.09132353961467743,0.0018796001095324755,0.0005062500000000001,1139,4669440,5667.369400103926,4669440,2.391385555267334,0.10000000149011612,0.7726878523826599,3.627239227294922,0.5573714971542358,-1.3432377576828003,0.8304870128631592
14,0,-1.3757392168045044,-0.7500434517860413,-1.3435859680175781,-3.5424137115478516,0.040775783360004425,0.0,0.0005062500000000001,0.6333317756652832,512.48,15.33,834,0.38771697878837585,0.07157518714666367,-0.12093566358089447,0.002270473400130868,0.00033750000000000007,1149,4710400,5717.079398983973,4710400,1.797572135925293,0.10000000149011612,0.5184181332588196,3.5418269634246826,0.2914060950279236,-1.3458211421966553,1.0736836194992065
14,0,-1.3945634365081787,-0.7576533555984497,-1.367730975151062,-3.4492342472076416,0.04479680582880974,0.0,0.00010000000000000003,0.758742094039917,503.32,15.3,845,0.34588155150413513,0.05987695977091789,-0.13095304369926453,0.002228142460808158,0.0001,1159,4751360,5766.815984378918,4751360,3.041985511779785,0.10000000149011612,0.4341641664505005,3.465362787246704,0.28567561507225037,-1.3483647108078003,0.870059609413147
14,0,-1.3648881912231445,-0.9026374220848083,-1.3364704847335815,-3.4515607357025146,0.048524871468544006,0.0,0.0007593750000000001,0.5969465970993042,505.59,15.04,843,0.3287348449230194,0.056180838495492935,-0.13638602197170258,0.003570118686184287,0.0005062500000000001,1169,4792320,5816.635333862971,4792320,2.5980892181396484,0.10000000149011612,1.0187643766403198,3.7954893112182617,0.7911545634269714,-1.350528597831726,1.3193943500518799
14,0,-1.3345472812652588,-0.7361998558044434,-1.334952473640442,-2.0912716388702393,0.015735959634184837,0.0,0.00170859375,0.5516637563705444,502.09,15.79,832,0.3434673249721527,0.053460493683815,-0.06624706834554672,0.0027841515839099884,0.0011390625,1179,4833280,5866.472541428986,4833280,2.2325963973999023,0.10000000149011612,0.7307533621788025,3.822813034057617,0.7200421094894409,-1.352325439453125,0.8728196620941162
14,0,-1.3639309406280518,-0.6225335597991943,-1.3526731729507446,-2.940471649169922,0.03266153484582901,0.0,0.0011390625,0.6020635366439819,482.41,16.28,845,0.3118938207626343,0.0692359134554863,-0.09620052576065063,0.002901015803217888,0.0007593750000000001,1189,4874240,5916.212331826915,4874240,3.552661657333374,0.10000000149011612,0.6190035939216614,3.424069881439209,0.530208170413971,-1.3538782596588135,0.9409778118133545
14,0,-1.3774657249450684,-0.7931728959083557,-1.3595383167266846,-2.419360399246216,0.021037433296442032,0.0,0.0001,0.760461688041687,436.26,13.28,844,0.34769952297210693,0.061736010015010834,-0.1786450743675232,0.0019520005444064736,0.0001,1199,4915200,5965.9542173459195,4915200,3.0560548305511475,0.10000000149011612,0.4746420681476593,2.5917727947235107,0.39576295018196106,-1.3553602695465088,0.9289195537567139
14,0,-1.387253999710083,0.20983047783374786,-1.3710025548934937,-2.925055742263794,0.03470399230718613,0.0,0.008649755859375,0.7746844291687012,420.71,10.95,833,0.30329596996307373,0.053729068487882614,-0.09441937506198883,0.003478176426142454,0.0057665039062500005,1209,4956160,6015.697262989939,4956160,3.3561925888061523,0.10000000149011612,0.1405656784772873,3.425166606903076,-0.021267153322696686,-1.3583166599273682,0.8580559492111206
14,0,-1.3813129663467407,-0.8697229027748108,-1.3574622869491577,-2.9777743816375732,0.03140179067850113,0.0,0.0007593750000000001,0.6018204689025879,450.38,13.75,848,0.3706137239933014,0.059145212173461914,-0.12534797191619873,0.004548592492938042,0.0005062500000000001,1219,4997120,6065.347619171953,4997120,2.8310434818267822,0.10177019983530045,0.6956496238708496,3.40812087059021,0.5001547336578369,-1.3602094650268555,1.0361179113388062
14,0,-1.367920160293579,-0.6021388173103333,-1.3525745868682861,-3.8824660778045654,0.0403045192360878,0.0,0.0057665039062500005,0.6696205139160156,535.34,16.62,847,0.4840970039367676,0.04806848615407944,-0.0938190147280693,0.003080768510699272,0.0038443359375000003,1229,5038080,6115.029458040022,5038080,3.0022506713867188,0.17384815216064453,0.7114789485931396,3.5137054920196533,0.6487833857536316,-1.3629754781723022,0.8318535685539246
14,0,-1.4135119915008545,-0.6314874291419983,-1.383442759513855,-4.419225692749023,0.04210461676120758,0.0,0.0011390625,0.778520941734314,503.82,16.17,845,0.345257043838501,0.06896430999040604,-0.08402898907661438,0.002981671132147312,0.0007593750000000001,1239,5079040,6164.68480275094,5079040,3.5024805068969727,0.10000000149011612,0.20663133263587952,2.421668291091919,0.06015487015247345,-1.3649322986602783,0.957622230052948
14,0,-1.3846113681793213,-0.7412055730819702,-1.3670932054519653,-3.8846588134765625,0.03448127955198288,0.0,0.0011390624999999997,0.6027001142501831,438.7,12.8,844,0.3531026244163513,0.05919720232486725,-0.057852890342473984,0.0043837446719408035,0.0007593749999999997,1249,5120000,6214.33543626999,5120000,3.6721043586730957,0.10000000149011612,1.2315032482147217,3.4815542697906494,1.4971414804458618,-1.3649505376815796,1.347075343132019
14,0,-1.4068576097488403,-0.5891521573066711,-1.3831828832626343,-3.8884222507476807,0.041538696736097336,0.0,0.00022500000000000005,0.5198453664779663,430.71,14.02,845,0.35823023319244385,0.06875653564929962,-0.14286589622497559,0.005004087463021278,0.00015000000000000004,1259,5160960,6263.97780511796,5160960,9.979883193969727,0.10000000149011612,0.9867671132087708,3.457084894180298,1.0773147344589233,-1.366178035736084,1.8655848503112793
14,0,-1.3897429704666138,-0.9344606995582581,-1.3750672340393066,-3.7495014667510986,0.03195923566818237,0.0,0.0656840835571289,0.5479984879493713,434.53,14.67,844,1.0636037588119507,0.021533124148845673,-0.08705011755228043,0.00991035532206297,0.0656840835571289,1269,5201920,6313.642543002963,5201920,3.3171136379241943,0.10000000149011612,1.1733478307724,3.5676605701446533,1.5523033142089844,-1.6338368654251099,1.7527683973312378
14,0,-1.374519944190979,-0.31120336055755615,-1.3673269748687744,-3.5913946628570557,0.025219624862074852,0.0,0.0007593750000000001,0.5956519246101379,444.16,12.69,845,0.3436765670776367,0.03596194460988045,-0.14853468537330627,0.0028343298472464085,0.0007593750000000001,1279,5242880,6363.26999669394,5242880,2.7900140285491943,0.17816849052906036,0.692496120929718,3.554119825363159,0.5989383459091187,-1.6190556287765503,1.472452998161316
14,0,-1.393460988998413,-0.10606581717729568,-1.385199785232544,-3.541869878768921,0.030272148549556732,0.0,0.00022500000000000005,0.7902680039405823,443.74,14.56,841,0.522930920124054,0.054788604378700256,-0.09448474645614624,0.010929306969046593,0.00015000000000000004,1289,5283840,6412.962619671947,5283840,2.2933380603790283,0.10000000149011612,0.21496473252773285,2.3234848976135254,0.14823521673679352,-1.4424315690994263,1.010490894317627
14,0,-1.3826348781585693,-0.5403295159339905,-1.3751327991485596,-2.1752448081970215,0.015355362556874752,0.0,0.002562890625,0.6699674129486084,506.59,17.03,844,0.36069485545158386,0.04612051323056221,-0.07209235429763794,0.0025409627705812454,0.00170859375,1299,5324800,6462.498819945962,5324800,10.0,0.10000000149011612,0.5788818597793579,3.597684860229492,0.596472442150116,-1.3752204179763794,1.2848329544067383
14,0,-1.3838369846343994,-0.3980739116668701,-1.3803311586380005,-3.929530382156372,0.033729083836078644,0.0,0.002562890625,0.7563893795013428,435.22,13.51,847,0.38295724987983704,0.050569258630275726,-0.0366038903594017,0.0034252330660820007,0.00170859375,1309,5365760,6512.163125036983,5365760,4.1938557624816895,0.10000000149011612,0.6076465845108032,3.789682388305664,0.828030526638031,-1.5282872915267944,1.5310486555099487
14,0,-1.3725123405456543,-0.6730905771255493,-1.3622883558273315,-3.5712995529174805,0.027290549129247665,0.0,0.043789389038085935,0.5188761949539185,459.77,16.23,848,1.42562997341156,0.03262074291706085,-0.11419156193733215,0.01348708663135767,0.043789389038085935,1319,5406720,6561.9277592849685,5406720,5.141542434692383,0.3207738995552063,1.1380159854888916,3.5610105991363525,1.368415117263794,-1.3817662000656128,1.4179673194885254
14,0,-1.3799011707305908,-0.5787485837936401,-1.372490644454956,-2.875544309616089,0.02712225541472435,0.0,0.029192926025390625,0.7084352970123291,522.15,17.36,844,0.4548492133617401,0.04394574463367462,-0.08896802365779877,0.005459360312670469,0.01946195068359375,1329,5447680,6611.690954159945,5447680,2.4944214820861816,0.1255088597536087,0.6844556331634521,2.486820936203003,1.012219786643982,-1.3676875829696655,1.1456819772720337
14,0,-1.3821537494659424,-1.0141642093658447,-1.3684865236282349,-2.14821457862854,0.013446389697492123,0.0,0.0656840835571289,0.5338217616081238,515.53,16.3,845,0.9134310483932495,0.030698806047439575,-0.20844614505767822,0.009253055788576603,0.0656840835571289,1339,5488640,6661.460889177979,5488640,3.71651554107666,0.13945959508419037,1.1653136014938354,3.5545542240142822,1.3304753303527832,-1.3698328733444214,0.9701473712921143
14,0,-1.3953204154968262,0.07759823650121689,-1.3792552947998047,-3.3547542095184326,0.03608744964003563,0.0,0.0011390625,0.6385385990142822,512.14,16.0,845,0.2849883735179901,0.03257349133491516,-0.07380183041095734,0.003360950155183673,0.0011390625,1349,5529600,6711.137382310932,5529600,2.1068949699401855,0.10000000149011612,0.9163315892219543,3.373422622680664,1.0861244201660156,-1.3712787628173828,1.4972258806228638
14,0,-1.4265763759613037,-0.7250998616218567,-1.390311598777771,-3.0720553398132324,0.05082343518733978,0.0,0.00022500000000000005,0.8528175950050354,473.61,15.43,846,0.4594116508960724,0.057647738605737686,-0.1620575189590454,0.0041297804564237595,0.00015000000000000004,1359,5570560,6760.8055960519705,5570560,4.404041767120361,0.11373016238212585,0.16194699704647064,2.1976165771484375,0.08266852051019669,-1.372799277305603,0.6107731461524963
14,0,-1.4067176580429077,-0.7635541558265686,-1.38094162940979,-3.301319122314453,0.03273998945951462,0.0,0.0005062500000000001,0.6574621200561523,473.65,13.6,848,0.26416438817977905,0.05899231880903244,-0.13992992043495178,0.0038208893965929747,0.00033750000000000007,1369,5611520,6810.465089508914,5611520,10.0,0.10000000149011612,0.38910984992980957,2.9727728366851807,0.16899850964546204,-1.442540168762207,0.9317137598991394
14,0,-1.4055649042129517,-0.95782071352005,-1.3887592554092407,-2.8594517707824707,0.020833231508731842,0.0,0.0057665039062500005,0.5737427473068237,461.92,14.67,844,0.32422342896461487,0.05604992434382439,-0.1449848860502243,0.002931893803179264,0.0038443359375000003,1379,5652480,6860.198774874909,5652480,4.8646016120910645,0.10000000149011612,0.9632244110107422,3.5566043853759766,0.8627385497093201,-1.3739229440689087,1.3224842548370361
14,0,-1.3844228982925415,-0.49671491980552673,-1.3651514053344727,-3.9610979557037354,0.04067780449986458,0.0,0.00170859375,0.50895756483078,464.34,14.87,845,0.367184042930603,0.04330108314752579,-0.14021047949790955,0.003678743727505207,0.0011390625,1389,5693440,6909.847071310971,5693440,2.337453842163086,0.10000000149011612,0.9448808431625366,3.5635194778442383,0.8092625737190247,-1.3742233514785767,1.154789924621582
14,0,-1.400673508644104,-0.6492952108383179,-1.3839058876037598,-2.6819007396698,0.02593405544757843,0.0,0.0001,0.6278936862945557,429.08,14.0,846,0.40414196252822876,0.06443412601947784,-0.09962134063243866,0.003858222160488367,0.0001,1399,5734400,6959.437797819963,5734400,2.9940450191497803,0.10000000149011612,0.6936054229736328,3.5053486824035645,0.4381020963191986,-1.3762136697769165,1.2547131776809692
14,0,-1.3799611330032349,-0.49105319380760193,-1.3711720705032349,-3.1845335960388184,0.02759721502661705,0.0,0.002562890625,0.5967921614646912,468.45,14.8,847,0.2672435939311981,0.044075705111026764,-0.09668459743261337,0.002903011627495289,0.00170859375,1409,5775360,7009.112085102941,5775360,3.2438454627990723,0.10000000149011612,0.6748239994049072,2.226457357406616,0.9598070383071899,-1.3763660192489624,0.9527177214622498
14,0,-1.4050438404083252,-0.7801893949508667,-1.3836185932159424,-3.659813642501831,0.02913208119571209,0.0,0.00170859375,0.4437437951564789,463.59,14.84,841,0.30379098653793335,0.04850641265511513,-0.14698420464992523,0.002998831681907177,0.0011390625,1419,5816320,7058.813191599911,5816320,2.811645984649658,0.10000000149011612,0.8224195241928101,3.4525668621063232,0.42147302627563477,-1.3771617412567139,1.530901551246643
14,0,-1.4286365509033203,-0.8508980870246887,-1.3996373414993286,-3.7941091060638428,0.03443539887666702,0.0,0.002562890625,0.6989740133285522,402.76,13.01,847,0.4415101706981659,0.06628146767616272,-0.13605496287345886,0.004781734198331833,0.00170859375,1429,5857280,7108.4397825099295,5857280,6.239243507385254,0.10000000149011612,0.1785668432712555,2.230499267578125,-0.01760505698621273,-1.4173164367675781,1.036501407623291
14,0,-1.410186767578125,-1.045371413230896,-1.395094633102417,-2.813689708709717,0.016464056447148323,0.0,0.0038443359375000003,0.4234027862548828,427.18,11.58,844,0.27418041229248047,0.04766501486301422,-0.16450807452201843,0.002393702045083046,0.002562890625,1439,5898240,7158.107018276933,5898240,3.1544337272644043,0.10000000149011612,0.5216680765151978,3.3000223636627197,0.34405389428138733,-1.4467694759368896,1.5409839153289795
14,0,-1.3906559944152832,-0.850939154624939,-1.383339762687683,-3.3867270946502686,0.019506629556417465,0.0,0.00033750000000000007,0.44535550475120544,423.18,11.92,844,0.3380380868911743,0.045548927038908005,-0.05744186043739319,0.0036529754288494587,0.00022500000000000005,1449,5939200,7207.704734397936,5939200,4.711175918579102,0.11303486675024033,0.692703366279602,3.1746578216552734,0.6898897886276245,-1.3784070014953613,1.4582583904266357
14,0,-1.4058398008346558,-0.6545652151107788,-1.3921887874603271,-2.2940945625305176,0.014315877109766006,0.0,0.0011390625,0.4037071466445923,453.04,14.71,846,0.3988528847694397,0.06750531494617462,-0.1613467037677765,0.0030346177518367767,0.0007593750000000001,1459,5980160,7257.387182152015,5980160,4.158454895019531,0.10000000149011612,0.7964940071105957,3.138561487197876,0.8850415945053101,-1.3811883926391602,1.336895227432251
