action_max,action_min,actor_direction_l2,actor_kernel_mode,actor_relative_solve_residual,actor_system_rows,adv_avg,adv_max,adv_med,adv_min,adv_var,clipfrac,curr_lr,entropy,eplenmean,eprewmean,fps,grad_norm,head_critic_cholesky_info_max,head_critic_curvature_coef,head_critic_direction_l2,head_critic_ggn_quadratic,head_critic_jacobi_scale_max,head_critic_jacobi_scale_min,head_critic_kernel_mode,head_critic_linear_solve_dtype,head_critic_objective_coef,head_critic_relative_solve_residual,head_critic_solve_residual,head_critic_solver_mode,head_critic_system_rows,head_history_projection_l2,head_parameter_delta_l2,head_to_actor_update_ratio,kl,loss_pi,loss_v,lr,misc/nupdates,misc/serial_timesteps,misc/time_elapsed,transitions_so_far,optimizer_history_correction,optimizer_momentum,paper_clip_scale,paper_critic_relative_solve_residual,paper_shared_critic_direction_l2,policy_parameter_delta_l2,post_shared_to_post_head_policy_kl,post_shared_to_post_head_policy_logit_max_abs,ratio_max,ratio_min,ret_avg,ret_max,ret_med,ret_min,ret_var,shared_parameter_delta_l2,shared_to_actor_update_ratio
14,0,0.2988698184490204,paper_sampled_policy_value_score,1.0877795375563437e-06,512,-1.113638997077942,2.38952374458313,-1.1513675451278687,-4.722904682159424,0.3873666822910309,0.0,0.5,2.6883745193481445,123.5,1.73,1602,2.470855474472046,0,0.1,0.5648545026779175,0.8631194829940796,1.4138812013523852,1.4079219456372016,deterministic_value_head_jacobian_b,torch.float64,1.0,5.278334520340472e-16,2.0081528197657696e-14,symmetric_jacobi_cholesky_fp64,512,1.2825218439102173,0.05715162679553032,0.1912258267402649,0.0042778924107551575,-0.023331843316555023,0.40029942989349365,0.5,9,40960,26.670314703136683,40960,1.0,1e-06,0.20235899090766907,7.957834782246209e-07,2.1706840991973877,0.012646859511733055,0.0,0.0,1.6364556550979614,0.4890420734882355,0.45071229338645935,3.4971814155578613,0.17223811149597168,-1.2087912559509277,1.2396069765090942,0.2165968120098114,0.7247195839881897
14,0,0.30764302611351013,paper_sampled_policy_value_score,5.72971373458131e-07,512,-1.1773834228515625,1.1524313688278198,-1.1817078590393066,-3.3916947841644287,0.2604941725730896,0.0,0.5,2.673063278198242,137.07,2.08,1602,1.1505727767944336,0,0.1,0.3165377676486969,0.1758057177066803,1.4138122754760594,1.4060762915853044,deterministic_value_head_jacobian_b,torch.float64,1.0,5.074411873966354e-16,1.0896894417288515e-14,symmetric_jacobi_cholesky_fp64,512,1.4434186220169067,0.06877817213535309,0.22356486320495605,0.01245143823325634,0.02191023714840412,0.11058805882930756,0.5,19,81920,52.34360854094848,81920,1.0,1e-06,0.43456581234931946,6.39179404515744e-07,0.9303725957870483,0.023965472355484962,0.0,0.0,1.5987097024917603,0.47180667519569397,0.4351903796195984,4.209303855895996,-0.006093242205679417,-1.1590875387191772,1.6680244207382202,0.21921025216579437,0.7125474214553833
14,0,0.4699082672595978,paper_sampled_policy_value_score,4.542665692497394e-07,512,-1.0620217323303223,0.5476582646369934,-1.0607296228408813,-4.627776622772217,0.18680599331855774,0.0,0.5,2.6002750396728516,172.22,2.7,1604,1.0833303928375244,0,0.1,0.3020002245903015,0.28308773040771484,1.413602713225526,1.395645817384983,deterministic_value_head_jacobian_b,torch.float64,1.0,4.927458337906743e-16,8.733923214516101e-15,symmetric_jacobi_cholesky_fp64,512,1.7547694444656372,0.06969241052865982,0.14831067621707916,0.044857148081064224,-0.145224466919899,0.0825715884566307,0.3333333333333333,29,122880,77.99327597627416,122880,1.0,1e-06,0.46153929829597473,5.698989298252854e-07,0.6970617771148682,0.04038124158978462,0.0,0.0,3.053929328918457,0.19280880689620972,0.08641934394836426,3.3268778324127197,-0.11112827062606812,-1.3023320436477661,0.9029160737991333,0.18979425728321075,0.40389639139175415
14,0,0.4877970218658447,paper_sampled_policy_value_score,1.0356208122175303e-06,512,-1.1857542991638184,1.4588056802749634,-1.2002536058425903,-2.4772002696990967,0.12015297263860703,0.0,0.06584362139917695,2.4826316833496094,190.17,3.2,1603,0.5383739471435547,0,0.1,0.10843779146671295,0.031185023486614227,1.4135529879341908,1.3882638543593835,deterministic_value_head_jacobian_b,torch.float64,1.0,5.033117148810314e-16,6.6662010523667885e-15,symmetric_jacobi_cholesky_fp64,512,0.7529323697090149,0.0066310083493590355,0.013593786396086216,0.05157749354839325,-0.055362313985824585,0.02778264321386814,0.0438957475994513,39,163840,103.63193979021162,163840,1.0,1e-06,0.9287207722663879,7.493758289456309e-07,0.22519974410533905,0.01130801159888506,0.0,0.0,3.4631919860839844,0.2283627837896347,0.379229336977005,4.239706516265869,0.09045353531837463,-1.3464903831481934,1.5158764123916626,0.030324967578053474,0.06216718629002571
14,0,0.5218147039413452,paper_sampled_policy_value_score,1.3158659157852526e-06,512,-1.1927745342254639,0.8014240264892578,-1.1785085201263428,-3.092930555343628,0.10319800674915314,0.0,0.001141829130260583,2.4236538410186768,214.67,4.34,1605,0.5422394871711731,0,0.1,0.06263238191604614,0.0017608809284865856,1.4137374078140532,1.384292912264696,deterministic_value_head_jacobian_b,torch.float64,1.0,6.922469061309149e-16,1.033502458539077e-14,symmetric_jacobi_cholesky_fp64,512,0.3449973464012146,6.594228034373373e-05,0.0001263710728380829,0.05760745704174042,-0.22453851997852325,0.03887421637773514,0.0007612194201737219,49,204800,129.29746055789292,204800,1.0,1e-06,0.9221000671386719,6.829778271821851e-07,0.2264471799135208,0.0002080342819681391,0.0,0.0,10.0,0.24180184304714203,0.524539589881897,4.012904644012451,0.22954151034355164,-1.5975621938705444,1.4615391492843628,0.0005233824485912919,0.001003004377707839
14,0,0.5240582227706909,paper_sampled_policy_value_score,7.86793748375203e-07,512,-1.194008708000183,1.5120186805725098,-1.195205807685852,-3.3564887046813965,0.07311093062162399,0.0,0.04378938903808593,2.242567539215088,215.63,4.87,1605,0.6141455173492432,0,0.1,0.09577245265245438,0.009434130974113941,1.413065836754,1.368589538574608,deterministic_value_head_jacobian_b,torch.float64,1.0,5.474228214333007e-16,7.705517100986372e-15,symmetric_jacobi_cholesky_fp64,512,0.9154401421546936,0.0034143486991524696,0.0065152086317539215,0.043890729546546936,-0.06415984034538269,0.04186805337667465,0.029192926025390618,59,245760,154.95651881722733,245760,1.0,1e-06,0.8141379356384277,8.561838171772251e-07,0.2335568219423294,0.005992199294269085,0.0,0.0,2.7188541889190674,0.10000000149011612,0.7933104634284973,4.2989091873168945,0.49747344851493835,-1.2993519306182861,1.6985416412353516,0.02085356041789055,0.03979244828224182
14,0,0.45004355907440186,paper_sampled_policy_value_score,8.595230838182033e-07,512,-1.2043009996414185,-0.15621642768383026,-1.2069250345230103,-3.0006282329559326,0.056903377175331116,0.0,0.002562890624999999,2.0283687114715576,231.98,5.18,1604,0.5141152739524841,0,0.1,0.08598042279481888,0.01081522461026907,1.4123520101760705,1.3173068882820558,deterministic_value_head_jacobian_b,torch.float64,1.0,5.428170549872309e-16,6.354756657483627e-15,symmetric_jacobi_cholesky_fp64,512,0.49229544401168823,0.00021430777269415557,0.0004761934105772525,0.055825818330049515,-0.07236655056476593,0.015786733478307724,0.0017085937499999994,69,286720,180.81297249393538,286720,1.0,1e-06,0.9725426435470581,1.05880394585256e-06,0.2148391455411911,0.0003408130432944745,0.0,0.0,2.278029203414917,0.10678879171609879,0.75504469871521,4.1104888916015625,0.508074939250946,-1.2820371389389038,1.7042268514633179,0.0011868325527757406,0.002637150464579463
14,0,0.44545504450798035,paper_sampled_policy_value_score,1.5562653743472765e-06,512,-1.2657426595687866,-0.07317190617322922,-1.2564866542816162,-2.9942586421966553,0.07967246323823929,0.0,0.00014999999999999993,1.975608229637146,304.4,4.87,1604,0.465672105550766,0,0.1,0.09478319436311722,0.04558935388922691,1.4100641474515194,1.3379035115021396,deterministic_value_head_jacobian_b,torch.float64,1.0,6.43087101448947e-16,7.62821684578922e-15,symmetric_jacobi_cholesky_fp64,512,1.4533318281173706,1.4220438970369287e-05,3.1923398637445644e-05,0.05796271190047264,-0.05352781340479851,0.010613592341542244,0.0001,79,327680,206.70156796788797,327680,1.0,1e-06,1.0,9.992519380830345e-07,0.1502036154270172,1.6590831364737824e-05,0.0,0.0,4.0986247062683105,0.18341587483882904,0.3735502362251282,3.5358262062072754,0.31938403844833374,-1.3695971965789795,0.7071071863174438,6.724350532749668e-05,0.00015095464186742902
14,0,0.4202365577220917,paper_sampled_policy_value_score,1.3532517186831683e-06,512,-1.272813320159912,-0.20899708569049835,-1.2714275121688843,-3.474792718887329,0.06147937476634979,0.0,0.002562890624999999,2.0080485343933105,288.06,5.64,1606,0.44018933176994324,0,0.1,0.07717578858137131,0.008871885947883129,1.4104727435553304,1.3391808071046567,deterministic_value_head_jacobian_b,torch.float64,1.0,6.437873884362008e-16,6.236795804000651e-15,symmetric_jacobi_cholesky_fp64,512,0.7636772394180298,0.00019779412832576782,0.0004706733161583543,0.0528872087597847,-0.04804597795009613,0.00687152985483408,0.0017085937499999994,89,368640,232.34477053582668,368640,1.0,1e-06,1.0,1.5312070900108665e-06,0.12056520581245422,0.0002759394992608577,0.0,0.0,3.554940938949585,0.23146653175354004,0.5436801314353943,3.647116184234619,0.39377298951148987,-1.427404761314392,1.2868876457214355,0.001087218290194869,0.002587157767266035
14,0,0.3598361313343048,paper_sampled_policy_value_score,1.678534999882686e-06,512,-1.2940666675567627,0.004314121790230274,-1.290524959564209,-4.173381328582764,0.06359782814979553,0.0,0.019461950683593746,1.8745239973068237,291.91,5.78,1602,0.4722093343734741,0,0.1,0.09565582126379013,0.018258601427078247,1.4091657592150109,1.341388251374299,deterministic_value_head_jacobian_b,torch.float64,1.0,5.693527973077064e-16,5.348946912906636e-15,symmetric_jacobi_cholesky_fp64,512,1.6039624214172363,0.001861647004261613,0.005173596553504467,0.06535352766513824,-0.08829478174448013,0.008193636313080788,0.012974633789062497,99,409600,258.10136954812333,409600,1.0,1e-06,1.0,1.0163313390876283e-06,0.26123860478401184,0.0021373650524765253,0.0,0.0,3.4034314155578613,0.10000000149011612,0.757257878780365,3.933236598968506,0.787487804889679,-1.317280650138855,1.0131278038024902,0.008481254801154137,0.02356977015733719
14,0,0.3882361948490143,paper_sampled_policy_value_score,2.268566504426417e-06,512,-1.2965269088745117,0.0054243821650743484,-1.288499116897583,-3.407395601272583,0.07210618257522583,0.0,0.06568408355712889,1.5696979761123657,271.18,5.42,1602,0.45703980326652527,0,0.1,0.09374981373548508,0.03469616174697876,1.4106755516942997,1.3247304032035412,deterministic_value_head_jacobian_b,torch.float64,1.0,5.366380662261972e-16,5.642364041966562e-15,symmetric_jacobi_cholesky_fp64,512,2.536663055419922,0.00615787273272872,0.0158611498773098,0.03770875930786133,-0.025223754346370697,0.009844343177974224,0.06568408355712889,109,450560,283.7762126601301,450560,1.0,1e-06,1.0,2.054657898042933e-06,0.21690711379051208,0.007487722206860781,0.0,0.0,4.593067646026611,0.3372592031955719,1.1131415367126465,3.4765281677246094,1.3259180784225464,-1.3575671911239624,1.1064784526824951,0.02719816379249096,0.07005571573972702
14,0,0.3932138979434967,paper_sampled_policy_value_score,1.3015248896408593e-06,512,-1.3208365440368652,-0.07472631335258484,-1.3191581964492798,-2.885815143585205,0.07133916765451431,0.0,0.04378938903808593,1.6857808828353882,412.12,6.69,1605,0.4709778428077698,0,0.1,0.10676740109920502,0.0225062258541584,1.4093413625108642,1.2857896421967954,deterministic_value_head_jacobian_b,torch.float64,1.0,5.046697838164021e-16,5.244377785628402e-15,symmetric_jacobi_cholesky_fp64,512,1.8730920553207397,0.004675278905779123,0.011889913119375706,0.041981734335422516,-0.052738793194293976,0.007339912466704845,0.029192926025390618,119,491520,309.4633896201849,491520,1.0,1e-06,1.0,1.819342855924333e-06,0.18672889471054077,0.004599473439157009,0.0,0.0,2.03594970703125,0.12686516344547272,0.5597367286682129,2.965235948562622,0.3921516537666321,-1.3934905529022217,1.1461033821105957,0.018317170441150665,0.04658322408795357
14,0,0.3884367048740387,paper_sampled_policy_value_score,2.4864466467988677e-06,512,-1.366420030593872,-0.0015452697407454252,-1.3610386848449707,-2.8372209072113037,0.0707678571343422,0.0,0.0005062499999999999,1.8981213569641113,359.87,6.85,1604,0.42161059379577637,0,0.1,0.10980645567178726,0.023855391889810562,1.4109025324926414,1.3308948120196011,deterministic_value_head_jacobian_b,torch.float64,1.0,5.378578207937724e-16,6.429037327836044e-15,symmetric_jacobi_cholesky_fp64,512,1.4846333265304565,5.55915612494573e-05,0.00014311613631434739,0.06427358835935593,-0.04624031484127045,0.00792854093015194,0.0003374999999999999,129,532480,335.1430223300122,532480,1.0,1e-06,1.0,1.3757884289589128e-06,0.15063691139221191,5.0262504373677075e-05,0.0,0.0,4.333678245544434,0.1757338047027588,0.22348341345787048,2.9226295948028564,-0.01770157553255558,-1.5012599229812622,1.0914908647537231,0.000204697425942868,0.0005269775283522904
14,0,0.4460991621017456,paper_sampled_policy_value_score,2.1604196263069753e-06,512,-1.367102861404419,0.07612235844135284,-1.3791261911392212,-2.6803176403045654,0.05194224417209625,0.0,0.002562890625,1.85309636592865,432.98,6.96,1602,0.48319628834724426,0,0.1,0.10745834559202194,0.12011133134365082,1.410907737635787,1.3164306529795724,deterministic_value_head_jacobian_b,torch.float64,1.0,6.121011605130256e-16,6.424703842014735e-15,symmetric_jacobi_cholesky_fp64,512,2.2663230895996094,0.000275400816462934,0.000617353362031281,0.06040019541978836,-0.04384258762001991,0.008869207464158535,0.00170859375,139,573440,360.90007226122543,573440,1.0,1e-06,1.0,1.1595741398195969e-06,0.18144728243350983,0.0002588756033219397,0.0,0.0,4.379579544067383,0.17051054537296295,0.21579159796237946,4.241731643676758,-0.029880551621317863,-1.4169858694076538,0.8655118942260742,0.0011953865177929401,0.002679642988368869
14,0,0.41695520281791687,paper_sampled_policy_value_score,1.515010922048532e-06,512,-1.3739303350448608,0.1452760249376297,-1.3739267587661743,-2.941680908203125,0.058198265731334686,0.0,0.012974633789062497,1.745029091835022,484.99,7.65,1599,0.45447078347206116,0,0.1,0.10723918676376343,0.10003335773944855,1.409241916388096,1.3238945763693997,deterministic_value_head_jacobian_b,torch.float64,1.0,5.495059932213893e-16,6.134931918260409e-15,symmetric_jacobi_cholesky_fp64,512,1.6512824296951294,0.0013913906877860427,0.003337026806548238,0.05051279813051224,-0.031857170164585114,0.007497517857700586,0.008649755859374999,149,614400,386.60402877582237,614400,1.0,1e-06,1.0,1.1448046279838309e-06,0.17374074459075928,0.0013780619483441114,0.0,0.0,3.059283494949341,0.15434299409389496,0.4864134192466736,4.216814994812012,0.293499618768692,-1.4248384237289429,1.376835823059082,0.005658756010234356,0.013571616262197495
14,0,0.3571622669696808,paper_sampled_policy_value_score,1.889059262794035e-06,512,-1.3745014667510986,-0.01974930800497532,-1.3718407154083252,-2.9617347717285156,0.04910372570157051,0.0,0.00015000000000000004,1.4095845222473145,387.54,7.41,1597,0.3974114954471588,0,0.1,0.08500523120164871,0.021878648549318314,1.4069209324434298,1.2971120675131333,deterministic_value_head_jacobian_b,torch.float64,1.0,5.430169184237854e-16,5.5134863903587584e-15,symmetric_jacobi_cholesky_fp64,512,1.192618727684021,1.2748411791108083e-05,3.569361433619633e-05,0.053299449384212494,-0.04266233742237091,0.006938755512237549,0.00010000000000000003,159,655360,412.45885520614684,655360,1.0,1e-06,1.0,1.496587628935231e-06,0.1345660239458084,1.3770036275673192e-05,0.0,0.0,2.719754934310913,0.14743418991565704,0.3765374720096588,3.296516180038452,0.18912926316261292,-1.3749803304672241,1.1487656831741333,5.572182635660283e-05,0.00015601264021825045
14,0,0.398951917886734,paper_sampled_policy_value_score,2.485976438038051e-06,512,-1.3907753229141235,-0.5483520030975342,-1.3789165019989014,-3.4462947845458984,0.051484860479831696,0.0,0.0001,1.338810682296753,395.35,6.99,1606,0.4228880703449249,0,0.1,0.08061270415782928,0.012384209781885147,1.4079660629118547,1.2927692820949193,deterministic_value_head_jacobian_b,torch.float64,1.0,6.348558381233428e-16,5.435769782897788e-15,symmetric_jacobi_cholesky_fp64,512,0.9104128479957581,8.063065251917578e-06,2.0210618458804674e-05,0.04630085080862045,-0.09362718462944031,0.006050401832908392,0.0001,169,696320,438.22334866411984,696320,1.0,1e-06,1.0,1.909666934807319e-06,0.12348800152540207,1.1122905561933294e-05,0.0,0.0,2.719759941101074,0.10000000149011612,0.4457533061504364,2.7466838359832764,0.34210440516471863,-1.4605698585510254,0.7533869743347168,4.016554885311052e-05,0.00010067766561405733
14,0,0.3550047278404236,paper_sampled_policy_value_score,1.1981209127043257e-06,512,-1.4003841876983643,2.8507776260375977,-1.409363865852356,-2.8464715480804443,0.08430303633213043,0.0,0.005766503906249999,1.6132452487945557,437.42,7.37,1602,0.3907582759857178,0,0.1,0.12705931067466736,0.1566430777311325,1.406307557482891,1.2557686597566198,deterministic_value_head_jacobian_b,torch.float64,1.0,6.124730336493762e-16,7.254493281465905e-15,symmetric_jacobi_cholesky_fp64,512,2.6473662853240967,0.0007326861959882081,0.0020638771820813417,0.05712605267763138,0.0035750698298215866,0.006252259947359562,0.003844335937499999,179,737280,463.8994894209318,737280,1.0,1e-06,1.0,1.7079310055123642e-06,0.14599932730197906,0.0004925391403958201,0.0,0.0,3.792480230331421,0.10000000149011612,0.30005598068237305,3.9273414611816406,0.17025816440582275,-1.4440405368804932,0.91990727186203,0.0021682395599782467,0.006107635796070099
14,0,0.38156795501708984,paper_sampled_policy_value_score,3.382439899723977e-06,512,-1.415184736251831,-0.4172031581401825,-1.4014091491699219,-3.500840663909912,0.062037210911512375,0.0,0.00033750000000000007,1.0256729125976562,476.3,7.75,1604,0.46431609988212585,0,0.1,0.12465335428714752,0.30275774002075195,1.4068179736415876,1.2123020016219201,deterministic_value_head_jacobian_b,torch.float64,1.0,6.966355990871912e-16,7.61566603535113e-15,symmetric_jacobi_cholesky_fp64,512,3.5234081745147705,4.206989615340717e-05,0.00011025531421182677,0.059568487107753754,-0.08010388910770416,0.007800315506756306,0.00022500000000000005,189,778240,489.5748601881787,778240,1.0,1e-06,1.0,1.893039780043182e-06,0.2209392786026001,4.3155621824553236e-05,0.0,0.0,3.0073840618133545,0.10000000149011612,0.39889463782310486,2.5572643280029297,0.3916630744934082,-1.4504626989364624,0.5897665619850159,0.00014340918278321624,0.0003758418024517596
14,0,0.37302958965301514,paper_sampled_policy_value_score,3.5678506264957832e-06,512,-1.5309247970581055,-0.28139743208885193,-1.494568109512329,-3.1143312454223633,0.07118218392133713,0.0,0.0001,0.9184327125549316,443.2,7.42,1604,0.501031219959259,0,0.1,0.11068136245012283,0.09367099404335022,1.3985969734892862,1.194292433889127,deterministic_value_head_jacobian_b,torch.float64,1.0,8.447918601612134e-16,8.92823194039358e-15,symmetric_jacobi_cholesky_fp64,512,2.871342897415161,1.1043209269701038e-05,2.9604110750369728e-05,0.05890468880534172,-0.08022169768810272,0.008126296103000641,0.0001,199,819200,515.2538898722269,819200,1.0,1e-06,0.9979397654533386,3.327947069919901e-06,0.21654441952705383,1.098691973311361e-05,0.0,0.0,6.37811803817749,0.1038704589009285,0.609443187713623,2.5467193126678467,0.6302303671836853,-1.4880743026733398,0.6863033771514893,4.128094224142842e-05,0.00011066399019910023
14,0,0.2826223075389862,paper_sampled_policy_value_score,2.7089154173154384e-06,512,-1.4702097177505493,-0.23538483679294586,-1.476758599281311,-4.067113876342773,0.0748973861336708,0.0,0.09852612533569331,0.7738282084465027,441.4,7.3,1601,1.1145591735839844,0,0.1,0.09602588415145874,0.13699348270893097,1.393925842718798,1.1582851334801825,deterministic_value_head_jacobian_b,torch.float64,1.0,8.881149544764313e-16,9.034066796372502e-15,symmetric_jacobi_cholesky_fp64,512,1.4626291990280151,0.004244302865117788,0.015017579309642315,0.03888220712542534,-0.011071622371673584,0.007451313082128763,0.09852612533569331,209,860160,540.9162049982697,860160,1.0,1e-06,0.448607474565506,4.43819590145722e-06,0.4687730371952057,0.0032902623061090708,0.0,0.0,3.5630786418914795,0.10000000149011612,0.5486969947814941,2.6748363971710205,0.5812900066375732,-1.4908849000930786,0.5107092261314392,0.02377571351826191,0.08412539958953857
14,0,0.3547106683254242,paper_sampled_policy_value_score,3.2673679015715607e-06,512,-1.5034914016723633,-0.6112155914306641,-1.4940940141677856,-3.152988910675049,0.04752850532531738,0.0,0.00022499999999999994,0.9380570650100708,512.97,7.43,1605,0.410424143075943,0,0.1,0.1496419906616211,0.23711296916007996,1.3887116228536518,1.151879996713956,deterministic_value_head_jacobian_b,torch.float64,1.0,1.0077132430703064e-15,1.2104136198068971e-14,symmetric_jacobi_cholesky_fp64,512,3.0709755420684814,3.36702105414588e-05,9.49230307014659e-05,0.13029411435127258,-0.096842460334301,0.004662255756556988,0.00014999999999999996,219,901120,566.589865101967,901120,1.0,1e-06,1.0,4.767967766383663e-06,0.1725122183561325,2.0016426788060926e-05,0.0,0.0,10.0,0.10000000149011612,0.43200284242630005,3.0150890350341797,0.3427867293357849,-1.5137858390808105,0.9744171500205994,8.594363316660747e-05,0.00024229221162386239
14,0,0.4011024534702301,paper_sampled_policy_value_score,5.363200216379482e-06,512,-1.5205663442611694,0.10703964531421661,-1.508405327796936,-3.2054545879364014,0.07347721606492996,0.0,0.003844335937499997,1.0969889163970947,452.87,7.47,1604,0.49137789011001587,0,0.1,0.1446957141160965,0.16093480587005615,1.4049189875361898,1.1623499043998182,deterministic_value_head_jacobian_b,torch.float64,1.0,6.698214595380288e-16,8.179240136877631e-15,symmetric_jacobi_cholesky_fp64,512,2.708439826965332,0.0005562570877373219,0.0013868204550817609,0.057325512170791626,-0.04875212907791138,0.009015040472149849,0.002562890624999998,229,942080,592.2408407409675,942080,1.0,1e-06,1.0,1.9922749743273016e-06,0.23604893684387207,0.00037307554157450795,0.0,0.0,4.13776969909668,0.11207970976829529,0.3832526206970215,3.002784252166748,0.39498305320739746,-1.5343528985977173,1.1223704814910889,0.0017585426103323698,0.0043842727318406105
14,0,0.3062780499458313,paper_sampled_policy_value_score,5.956312179478118e-06,512,-1.5460660457611084,0.4036785960197449,-1.5499390363693237,-2.9210212230682373,0.06570443511009216,0.0,0.029192926025390618,0.7313234210014343,398.58,7.2,1604,0.4322902262210846,0,0.1,0.10618451237678528,0.02845141664147377,1.3814921969711311,1.0975686927340276,deterministic_value_head_jacobian_b,torch.float64,1.0,1.15319035360865e-15,1.1183805166927195e-14,symmetric_jacobi_cholesky_fp64,512,1.8836350440979004,0.0030998371075838804,0.010120989754796028,0.04219695180654526,-0.060726266354322433,0.005583526566624641,0.019461950683593746,239,983040,617.8918724148534,983040,1.0,1e-06,1.0,4.70832628707285e-06,0.18150044977664948,0.00219250307418406,0.0,0.0,2.505136013031006,0.10000000149011612,-0.040487129241228104,2.8064467906951904,-0.07114836573600769,-1.548245906829834,0.5687832832336426,0.010051978752017021,0.032819781452417374
14,0,0.32931867241859436,paper_sampled_policy_value_score,5.232039256952703e-06,512,-1.5626592636108398,-0.2852354347705841,-1.5613446235656738,-3.2063305377960205,0.04731428995728493,0.0,0.002562890624999999,0.6398266553878784,470.16,7.42,1599,0.3583608865737915,0,0.1,0.09229390323162079,0.08009476214647293,1.3875487007049216,1.1364381047548509,deterministic_value_head_jacobian_b,torch.float64,1.0,1.0517782293128564e-15,8.506679242083454e-15,symmetric_jacobi_cholesky_fp64,512,2.2574281692504883,0.00023653876269236207,0.0007182671106420457,0.05317537486553192,-0.07107475399971008,0.003777707228437066,0.0017085937499999994,249,1024000,643.563371675089,1024000,1.0,1e-06,1.0,2.9040024855930824e-06,0.12771134078502655,0.00022963795345276594,0.0,0.0,2.874035596847534,0.1775536835193634,0.4657825529575348,3.7212717533111572,0.2890290915966034,-1.5599250793457031,0.922122061252594,0.0008708377717994153,0.0026443619281053543
14,0,0.331229567527771,paper_sampled_policy_value_score,3.660331458377186e-06,512,-1.5837301015853882,-0.2735240161418915,-1.577393889427185,-3.635066509246826,0.0470418818295002,0.0,0.00022500000000000005,0.6639831066131592,562.6,7.93,1604,0.4801742434501648,0,0.1,0.1249784603714943,0.4259307384490967,1.387515661218346,1.1473196547941158,deterministic_value_head_jacobian_b,torch.float64,1.0,9.567399128997384e-16,1.1249485797837201e-14,symmetric_jacobi_cholesky_fp64,512,5.435060024261475,2.8121932700742036e-05,8.490163600072265e-05,0.05012998729944229,-0.04926246404647827,0.006219206377863884,0.00015000000000000004,259,1064960,669.2365426789038,1064960,1.0,1e-06,1.0,3.2053339964477345e-06,0.231803759932518,2.210115962952841e-05,0.0,0.0,2.6461100578308105,0.10000000149011612,0.2338079810142517,2.8536436557769775,0.12896060943603516,-1.6168391704559326,0.6970967054367065,8.565862663090229e-05,0.0002586080227047205
14,0,0.36637043952941895,paper_sampled_policy_value_score,7.2926213761093095e-06,512,-1.5598114728927612,-0.374699205160141,-1.5592105388641357,-3.79168438911438,0.07221788167953491,0.0,0.003844335937499999,0.8699458837509155,484.67,7.65,1606,0.5689128637313843,0,0.1,0.14862288534641266,0.11635535955429077,1.3740130338669214,1.1187244801301224,deterministic_value_head_jacobian_b,torch.float64,1.0,1.3289830822855578e-15,1.3981676650500424e-14,symmetric_jacobi_cholesky_fp64,512,2.4063897132873535,0.0005021466058678925,0.0013705980964004993,0.0609978586435318,-0.10727514326572418,0.0056391265243291855,0.002562890624999999,269,1105920,695.0001095212065,1105920,1.0,1e-06,0.8788676261901855,5.8677251217886806e-06,0.25175076723098755,0.00034674405469559133,0.0,0.0,3.5190234184265137,0.14030244946479797,0.6518306136131287,3.0150859355926514,0.4293210804462433,-1.6670902967453003,0.9917080402374268,0.0014615972759202123,0.003989397548139095
14,0,0.32367950677871704,paper_sampled_policy_value_score,3.6006263144372497e-06,512,-1.5596179962158203,-0.6140035390853882,-1.5776199102401733,-3.1374013423919678,0.047731924802064896,0.0,0.0001,1.0873427391052246,392.14,7.52,1604,0.37850338220596313,0,0.1,0.09289531409740448,0.02517584338784218,1.389550582426115,1.2149658102562608,deterministic_value_head_jacobian_b,torch.float64,1.0,9.506000735916014e-16,8.2261135960583e-15,symmetric_jacobi_cholesky_fp64,512,1.2470086812973022,9.289428817282896e-06,2.8699465474346653e-05,0.061611562967300415,-0.04845834895968437,0.004789358004927635,0.0001,279,1146880,720.6348964362405,1146880,1.0,1e-06,1.0,3.434053041928564e-06,0.1551128476858139,8.55995313031599e-06,0.0,0.0,8.013578414916992,0.10000000149011612,-0.014004819095134735,2.8925986289978027,-0.1036212295293808,-1.5958012342453003,0.8066563010215759,3.489826121949591e-05,0.00010781732999021187
14,0,0.30670320987701416,paper_sampled_policy_value_score,4.743290446640458e-06,512,-1.579345464706421,-0.5574453473091125,-1.5825780630111694,-2.6070003509521484,0.03622547909617424,0.0,0.043789389038085935,0.48316529393196106,426.64,6.8,1601,0.5221437215805054,0,0.1,0.08850084990262985,0.03297543525695801,1.3800174107242968,1.1334146846612398,deterministic_value_head_jacobian_b,torch.float64,1.0,1.5302269834445412e-15,1.0922228982527293e-14,symmetric_jacobi_cholesky_fp64,512,1.3141000270843506,0.0037110389675945044,0.01209977176040411,0.05363469570875168,-0.02639009617269039,0.004568364471197128,0.029192926025390625,289,1187840,746.3168738009408,1187840,1.0,1e-06,0.9575889110565186,3.3866385820147116e-06,0.2226160764694214,0.0034132394939661026,0.0,0.0,2.8266892433166504,0.10000000149011612,-0.21256102621555328,2.615750551223755,-0.24641108512878418,-1.6498839855194092,0.9004657864570618,0.015429923310875893,0.05030897259712219
14,0,0.36870959401130676,paper_sampled_policy_value_score,1.5931009329506196e-06,512,-1.6072752475738525,-0.35258233547210693,-1.5951751470565796,-3.11814284324646,0.04757332056760788,0.0,0.008649755859374993,0.7153232097625732,474.93,6.38,1601,0.4354385733604431,0,0.1,0.12926171720027924,0.03501998633146286,1.389492508625142,1.174381125566968,deterministic_value_head_jacobian_b,torch.float64,1.0,9.718902868583333e-16,1.0090211126635896e-14,symmetric_jacobi_cholesky_fp64,512,1.095851182937622,0.001118082320317626,0.003032419830560684,0.05831063538789749,-0.06561434268951416,0.0066931601613759995,0.005766503906249995,299,1228800,772.0553685179912,1228800,1.0,1e-06,1.0,3.05683374790533e-06,0.1775416135787964,0.0008261583861894906,0.0,0.0,3.5373916625976562,0.10000000149011612,-0.25761550664901733,2.4276278018951416,-0.19158390164375305,-1.684654712677002,0.40477773547172546,0.003476339392364025,0.00942839402705431
14,0,0.34903305768966675,paper_sampled_policy_value_score,1.6635427527944557e-05,512,-1.5961236953735352,-0.1105932742357254,-1.5922114849090576,-2.9190967082977295,0.047274552285671234,0.0,0.00033750000000000007,0.6421197652816772,406.15,6.6,1598,0.45634809136390686,0,0.1,0.10005853325128555,0.05624948441982269,1.3716428481264153,1.0549099741548655,deterministic_value_head_jacobian_b,torch.float64,1.0,1.425441614718447e-15,1.2646799932534718e-14,symmetric_jacobi_cholesky_fp64,512,1.9067609310150146,3.3769600122468546e-05,9.675186447566375e-05,0.049280647188425064,-0.07163773477077484,0.00662938691675663,0.00022500000000000005,309,1269760,797.8077951190062,1269760,1.0,1e-06,1.0,4.2652013689803425e-06,0.20398248732089996,2.6725874704425223e-05,0.0,0.0,8.338504791259766,0.15383380651474,-0.23827186226844788,2.7457144260406494,-0.1753549873828888,-1.6737695932388306,0.7596649527549744,0.00013306704931892455,0.0003812448412645608
14,0,0.34387585520744324,paper_sampled_policy_value_score,7.816885045031086e-06,512,-1.593491554260254,-0.9681643843650818,-1.5682774782180786,-3.798187732696533,0.05681439861655235,0.0,0.005766503906249995,0.8778009414672852,312.95,5.88,1601,0.3991609513759613,0,0.1,0.14726200699806213,0.1663896143436432,1.3805456352549246,1.048690171212284,deterministic_value_head_jacobian_b,torch.float64,1.0,1.2807274318320808e-15,1.4326517323603753e-14,symmetric_jacobi_cholesky_fp64,512,2.651421546936035,0.0008491889457218349,0.002469463739544153,0.06822715699672699,-0.03765867277979851,0.0055475723929703236,0.003844335937499997,319,1310720,823.5017862082459,1310720,1.0,1e-06,1.0,7.899062438809779e-06,0.1555306762456894,0.0004715297545772046,0.0,0.0,5.853693962097168,0.10000000149011612,-0.07980777323246002,2.293905258178711,-0.0678003653883934,-1.6804322004318237,0.5201438069343567,0.002112695947289467,0.006143775302916765
14,0,0.24057018756866455,paper_sampled_policy_value_score,3.8169464460224845e-06,512,-1.6030473709106445,-0.5164034962654114,-1.5850074291229248,-3.507086992263794,0.058723095804452896,0.0,0.00014999999999999988,0.5541865229606628,320.85,7.51,1605,0.5084991455078125,0,0.1,0.14636728167533875,0.42099955677986145,1.3512973076127481,1.0688456571782288,deterministic_value_head_jacobian_b,torch.float64,1.0,1.943349965786164e-15,2.14057218149019e-14,symmetric_jacobi_cholesky_fp64,512,4.635637283325195,2.158743518521078e-05,8.973445801530033e-05,0.05003158003091812,-0.07662096619606018,0.0057050688192248344,0.0001,329,1351680,849.1469161990099,1351680,1.0,1e-06,0.9832838773727417,5.870559107279405e-06,0.23168130218982697,9.046050763572566e-06,0.0,0.0,3.417787790298462,0.10000000149011612,0.30373576283454895,3.2095649242401123,0.17150430381298065,-1.7435327768325806,1.1357418298721313,4.845226794714108e-05,0.00020140595734119415
14,0,0.312662273645401,paper_sampled_policy_value_score,2.2668755264021456e-06,512,-1.6160500049591064,0.1614287942647934,-1.5964596271514893,-3.136582612991333,0.06925272196531296,0.0,0.00170859375,0.7006280422210693,464.5,7.7,1605,0.49662500619888306,0,0.1,0.19355979561805725,0.3993290662765503,1.3677568847381578,1.14950274598202,deterministic_value_head_jacobian_b,torch.float64,1.0,1.040619133260092e-15,1.550553251835087e-14,symmetric_jacobi_cholesky_fp64,512,2.9346907138824463,0.0003307146253064275,0.0010577375069260597,0.05993737280368805,-0.07847180962562561,0.022774145007133484,0.0011390625,339,1392640,874.8457088619471,1392640,1.0,1e-06,1.0,3.6722690310853068e-06,0.344131201505661,0.00010356374696129933,0.0,0.0,3.154207229614258,0.10000000149011612,0.0819891169667244,3.247279405593872,-0.07453672587871552,-1.633392095565796,0.8320981860160828,0.0007727383053861558,0.002471479121595621
14,0,0.3382478356361389,paper_sampled_policy_value_score,4.98823919770075e-06,512,-1.5835472345352173,-0.3295707106590271,-1.5943748950958252,-3.2765204906463623,0.0727962777018547,0.0,0.029192926025390625,0.6111594438552856,267.56,5.4,1597,0.5476101040840149,0,0.1,0.15189850330352783,0.12854021787643433,1.3871782270276583,1.0856689960261618,deterministic_value_head_jacobian_b,torch.float64,1.0,1.3973062495850703e-15,1.6629747976455953e-14,symmetric_jacobi_cholesky_fp64,512,2.558023691177368,0.004048825241625309,0.011969995684921741,0.05258587375283241,-0.032935962080955505,0.012380477041006088,0.01946195068359375,349,1433600,900.5826688320376,1433600,1.0,1e-06,0.9130566716194153,1.1133970474475063e-05,0.3266734778881073,0.002167277503758669,0.0,0.0,4.099825859069824,0.10000000149011612,0.09017521888017654,1.794960379600525,0.004531944170594215,-1.6867820024490356,0.4002244174480438,0.012344412505626678,0.03649517148733139
14,0,0.3144604563713074,paper_sampled_policy_value_score,2.1378598830779083e-05,512,-1.6275371313095093,-0.3516910970211029,-1.6161659955978394,-3.9327876567840576,0.07350480556488037,0.0,0.22168378200531003,0.4538465738296509,394.11,7.34,1597,3.294900417327881,0,0.1,0.15715506672859192,0.9049249887466431,1.348922320331471,1.0887937791096916,deterministic_value_head_jacobian_b,torch.float64,1.0,1.1905940353537323e-15,1.681422141356212e-14,symmetric_jacobi_cholesky_fp64,512,0.9666274189949036,0.005286765284836292,0.01681217923760414,0.026918064802885056,-0.03429238498210907,0.021636182442307472,0.22168378200531003,359,1474560,926.3389037349261,1474560,1.0,1e-06,0.1517496109008789,8.52677294460591e-06,0.9618720412254333,0.0025909175164997578,0.0,0.0,1.9463242292404175,0.10000000149011612,0.24504601955413818,2.4033987522125244,0.13116613030433655,-1.639269471168518,0.4141492545604706,0.0335831493139267,0.10679609328508377
14,0,0.3322962820529938,paper_sampled_policy_value_score,5.317893737810664e-06,512,-1.6539373397827148,-0.43889641761779785,-1.6322578191757202,-3.746913194656372,0.06287790089845657,0.0,0.02919292602539061,0.463051974773407,399.44,7.22,1602,0.5602949261665344,0,0.1,0.0915587842464447,0.03114582784473896,1.3793862021184606,1.0591292321836903,deterministic_value_head_jacobian_b,torch.float64,1.0,1.5226481585805712e-15,1.2249928879257865e-14,symmetric_jacobi_cholesky_fp64,512,1.7316763401031494,0.0023852286394685507,0.007178017869591713,0.04834110289812088,-0.10670154541730881,0.005289152264595032,0.01946195068359374,369,1515520,952.0579801499844,1515520,1.0,1e-06,0.8923855423927307,1.2896621228719596e-05,0.20458486676216125,0.001697468920610845,0.0,0.0,10.0,0.13548262417316437,0.02718515321612358,3.0817208290100098,-0.09664668887853622,-1.6640335321426392,0.4454270303249359,0.01024223119020462,0.03082258813083172
14,0,0.17137227952480316,paper_sampled_policy_value_score,5.4343777264875825e-06,512,-1.6422886848449707,-0.7499028444290161,-1.6247228384017944,-4.271274566650391,0.06807982921600342,0.0,0.09852612533569331,0.27919119596481323,435.88,6.38,1603,2.1016578674316406,0,0.1,0.10221706330776215,0.2654576301574707,1.3814961803214287,1.1156923017491107,deterministic_value_head_jacobian_b,torch.float64,1.0,1.6870267772032604e-15,1.6920832469789666e-14,symmetric_jacobi_cholesky_fp64,512,1.0535848140716553,0.0023959786631166935,0.01398113276809454,0.04045025259256363,-0.07498633861541748,0.010593880899250507,0.06568408355712888,379,1556480,977.7416836018674,1556480,1.0,1e-06,0.2379073053598404,1.7826878320192918e-05,0.5987987518310547,0.0008499533869326115,0.0,0.0,1.9958539009094238,0.10000000149011612,0.444089412689209,2.741360902786255,0.49930474162101746,-1.7307685613632202,0.6290441751480103,0.014239165000617504,0.08308908343315125
14,0,0.3049316704273224,paper_sampled_policy_value_score,3.4128929655707907e-06,512,-1.6769522428512573,-0.5664120316505432,-1.6607820987701416,-3.4845592975616455,0.08020956814289093,0.0,0.003844335937499997,0.5567166805267334,484.07,7.38,1601,0.4046669900417328,0,0.1,0.14316654205322266,0.06431613862514496,1.3698229376026503,1.1490508250358413,deterministic_value_head_jacobian_b,torch.float64,1.0,1.1921658636257459e-15,1.2906917159051723e-14,symmetric_jacobi_cholesky_fp64,512,1.708391547203064,0.000550379860214889,0.0018049285281449556,0.05439784377813339,-0.0678318440914154,0.008096745237708092,0.002562890624999998,389,1597440,1003.4015496540815,1597440,1.0,1e-06,1.0,4.159330273978412e-06,0.21723335981369019,0.0002577208215370774,0.0,0.0,3.168840169906616,0.10000000149011612,0.17775729298591614,2.931899309158325,0.08696672320365906,-1.9932501316070557,0.8011361360549927,0.0014164377935230732,0.004645098932087421
14,0,0.25888004899024963,paper_sampled_policy_value_score,1.3715191016672179e-05,512,-1.659216284751892,0.2965673506259918,-1.6624350547790527,-4.243808269500732,0.09997040778398514,0.0,0.02919292602539061,0.6446950435638428,451.85,6.97,1604,0.9354166984558105,0,0.1,0.12621182203292847,0.1407645046710968,1.3821288196849029,1.1497663663827578,deterministic_value_head_jacobian_b,torch.float64,1.0,1.3715690975973047e-15,1.421020417900858e-14,symmetric_jacobi_cholesky_fp64,512,1.0516595840454102,0.0019694373477250338,0.0076075284741818905,0.08584475517272949,-0.0328880175948143,0.011068676598370075,0.01946195068359374,399,1638400,1029.055864004884,1638400,1.0,1e-06,0.5345205664634705,2.551459147071e-06,0.4964081048965454,0.0008618179708719254,0.0,0.0,10.0,0.10000000149011612,0.24723418056964874,2.703152894973755,0.3949164152145386,-1.9739623069763184,0.7083709239959717,0.00859210453927517,0.03318952023983002
14,0,0.205485001206398,paper_sampled_policy_value_score,2.2643345801043324e-05,512,-1.616661787033081,1.5675660371780396,-1.6307662725448608,-4.39030647277832,0.12257477641105652,0.0,0.043789389038085914,0.583332896232605,487.77,7.25,1607,0.9207838177680969,0,0.1,0.12075304985046387,0.13313013315200806,1.3853204011408848,1.1528520498377746,deterministic_value_head_jacobian_b,torch.float64,1.0,1.5390626426756564e-15,1.8515657951839627e-14,symmetric_jacobi_cholesky_fp64,512,1.0183604955673218,0.0028712996281683445,0.013973280787467957,0.04179801791906357,-0.0820280909538269,0.018406983464956284,0.02919292602539061,409,1679360,1054.7920592539012,1679360,1.0,1e-06,0.5430150032043457,1.042198982759146e-05,0.4090067744255066,0.0011074113426730037,0.0,0.0,10.0,0.10000000149011612,0.632306694984436,3.9689652919769287,0.7720851302146912,-1.6970443725585938,1.0660803318023682,0.010601338930428028,0.051591791212558746
14,0,0.24551314115524292,paper_sampled_policy_value_score,3.3935848477995023e-06,512,-1.6683746576309204,-0.6058902740478516,-1.658194661140442,-4.353714466094971,0.08933735638856888,0.0,0.22168378200530994,0.3621510863304138,415.6,7.53,1606,3.867089033126831,0,0.1,0.19191007316112518,1.462539553642273,1.355022288541592,1.1526907868352685,deterministic_value_head_jacobian_b,torch.float64,1.0,1.662635881985117e-15,2.564675263183963e-14,symmetric_jacobi_cholesky_fp64,512,1.2250311374664307,0.00550069147720933,0.022404875606298447,0.03742872178554535,-0.07501822710037231,0.021423447877168655,0.22168378200530994,419,1720320,1080.4455892378464,1720320,1.0,1e-06,0.1292961835861206,5.157126906851772e-06,1.4387438297271729,0.0012327544391155243,0.0,0.0,2.777155637741089,0.10000000149011612,0.7393024563789368,2.5499730110168457,0.7341707944869995,-1.7058830261230469,0.3506811261177063,0.04083770513534546,0.16633613407611847
14,0,0.332388699054718,paper_sampled_policy_value_score,2.5231780455214903e-05,512,-1.7043201923370361,-0.5762224197387695,-1.6950745582580566,-4.0166802406311035,0.07213276624679565,0.0,0.06568408355712886,0.3954544961452484,437.23,7.0,1601,1.4292160272598267,0,0.1,0.09045206755399704,0.09406058490276337,1.3579811662730707,1.1509521842636627,deterministic_value_head_jacobian_b,torch.float64,1.0,2.3434398986420076e-15,2.2107176589709742e-14,symmetric_jacobi_cholesky_fp64,512,1.0572611093521118,0.002078502904623747,0.006253229919821024,0.0328296534717083,-0.0200743917375803,0.008947707712650299,0.06568408355712886,429,1761280,1106.1194563191384,1761280,1.0,1e-06,0.3498419225215912,6.398573077603942e-06,0.5057550072669983,0.0015842721331864595,0.0,0.0,5.436061859130859,0.2217283397912979,0.4705961048603058,2.2410800457000732,0.5484249591827393,-1.7491365671157837,0.5784451961517334,0.013682115823030472,0.04116300120949745
14,0,0.3455420434474945,paper_sampled_policy_value_score,3.456779950283817e-06,512,-1.731931209564209,1.3239072561264038,-1.7241917848587036,-4.3901166915893555,0.14447081089019775,0.0,0.0001,0.6955328583717346,497.36,6.92,1603,0.5455944538116455,0,0.1,0.1385287195444107,0.6606075763702393,1.3754762803786318,1.095827413900858,deterministic_value_head_jacobian_b,torch.float64,1.0,1.652704991549069e-15,2.312337643719844e-14,symmetric_jacobi_cholesky_fp64,512,5.709279537200928,1.2695170880760998e-05,3.673987157526426e-05,0.03612058609724045,-0.05444241315126419,0.009663033299148083,0.0001,439,1802240,1132.549957965035,1802240,1.0,1e-06,0.916429877281189,5.819810212415177e-06,0.22100605070590973,9.806251000554767e-06,0.0,0.0,4.5138936042785645,0.2064463496208191,0.240345761179924,2.630323886871338,0.3509601354598999,-1.8147451877593994,0.7168550491333008,3.7985100789228454e-05,0.00010992902389261872
14,0,0.281451553106308,paper_sampled_policy_value_score,1.299615360039752e-05,512,-1.7652742862701416,-0.6251339912414551,-1.737305760383606,-4.10854434967041,0.11290649324655533,0.0,0.0656840835571289,0.7280694246292114,472.67,8.54,1600,0.7860483527183533,0,0.1,0.12901461124420166,0.08702558279037476,1.3628427509127603,1.1527345292763136,deterministic_value_head_jacobian_b,torch.float64,1.0,1.8054698069198675e-15,2.034277313962809e-14,symmetric_jacobi_cholesky_fp64,512,1.3741364479064941,0.005390382371842861,0.01915207877755165,0.03768238425254822,-0.050064362585544586,0.008025994524359703,0.0656840835571289,449,1843200,1158.5340173272416,1843200,1.0,1e-06,0.6360923647880554,7.87633234722307e-06,0.36317455768585205,0.002538187662139535,0.0,0.0,4.171313762664795,0.2136998176574707,0.4930516481399536,3.3021457195281982,0.51180499792099,-1.7759177684783936,1.0644677877426147,0.017838912084698677,0.06338182091712952
14,0,0.2708263099193573,paper_sampled_policy_value_score,5.543303359445417e-06,512,-1.7303829193115234,0.3798256814479828,-1.7158573865890503,-4.439979076385498,0.13074274361133575,0.0,0.09852612533569333,0.8923541903495789,310.37,6.34,1604,1.0113734006881714,0,0.1,0.15632715821266174,0.22131681442260742,1.398877229408876,1.2587339897061223,deterministic_value_head_jacobian_b,torch.float64,1.0,9.905513943718928e-16,1.757048513426443e-14,symmetric_jacobi_cholesky_fp64,512,1.3825451135635376,0.00761454226449132,0.02811596170067787,0.04572390764951706,-0.08836529403924942,0.018067065626382828,0.06568408355712889,459,1884160,1184.1581330560148,1884160,1.0,1e-06,0.4943767786026001,3.784546834140201e-06,0.5845327377319336,0.0025818846188485622,0.0,0.0,10.0,0.1235048919916153,0.5512791275978088,4.100265026092529,0.590785562992096,-1.788377046585083,1.2645723819732666,0.029702940955758095,0.10967524349689484
14,0,0.3450928032398224,paper_sampled_policy_value_score,2.735757334448863e-06,512,-1.7337415218353271,-0.6127812266349792,-1.7287564277648926,-4.02601957321167,0.08987492322921753,0.0,0.00014999999999999996,0.9166719913482666,224.76,4.78,1601,0.42239612340927124,0,0.1,0.12893632054328918,0.10071682184934616,1.3914108740198405,1.2327582107575303,deterministic_value_head_jacobian_b,torch.float64,1.0,1.0353916011158116e-15,1.1109765062905262e-14,symmetric_jacobi_cholesky_fp64,512,3.2684967517852783,1.9339911887072958e-05,5.6042641517706215e-05,0.05984578654170036,-0.10902532935142517,0.006276251748204231,0.0001,469,1925120,1209.8901801318862,1925120,1.0,1e-06,1.0,2.4643761662446195e-06,0.1714755743741989,1.1207833267690148e-05,0.0,0.0,3.633222818374634,0.18321767449378967,-0.031583234667778015,3.442253828048706,-0.10259745270013809,-1.729536771774292,1.299685001373291,5.733708167099394e-05,0.00016614975174888968
14,0,0.2952456772327423,paper_sampled_policy_value_score,2.7283633698971244e-06,512,-1.718098759651184,1.0185333490371704,-1.7034014463424683,-4.228242874145508,0.12828120589256287,0.0,0.0017085937499999992,0.7167767286300659,346.2,6.52,1600,0.40754348039627075,0,0.1,0.130499005317688,0.1413389891386032,1.3871346326146456,1.2054127770457979,deterministic_value_head_jacobian_b,torch.float64,1.0,1.0119305411221625e-15,1.3242696770676268e-14,symmetric_jacobi_cholesky_fp64,512,2.1019768714904785,0.00022297092073131353,0.0007552047027274966,0.06104348599910736,-0.0858464390039444,0.011105841025710106,0.0011390624999999995,479,1966080,1235.892915041186,1966080,1.0,1e-06,1.0,3.0745804906473495e-06,0.21885959804058075,9.998155292123556e-05,0.0,0.0,3.4277236461639404,0.10000000149011612,0.11595995724201202,3.8612232208251953,0.13799017667770386,-1.7792097330093384,0.7349561452865601,0.0006108361994847655,0.0020689081866294146
14,0,0.3709240257740021,paper_sampled_policy_value_score,4.813625309907366e-06,512,-1.7076985836029053,1.850197196006775,-1.7134453058242798,-4.030675411224365,0.1293303668498993,0.0,0.0007593749999999996,0.5809103846549988,391.18,6.53,1602,0.766555905342102,0,0.1,0.14500561356544495,0.3942071199417114,1.3929518047610343,1.2594089429630853,deterministic_value_head_jacobian_b,torch.float64,1.0,1.3545528096651183e-15,1.804822177623176e-14,symmetric_jacobi_cholesky_fp64,512,5.126001358032227,7.182474655564874e-05,0.0001936373591888696,0.05811826139688492,-0.1104714572429657,0.023074226453900337,0.0005062499999999998,489,2007040,1261.5629970938899,2007040,1.0,1e-06,0.6522672772407532,2.3899583538877778e-06,0.42851728200912476,4.3050735257565975e-05,0.0,0.0,3.290544271469116,0.10000000149011612,0.08711915463209152,3.860591411590576,0.03371020779013634,-2.032240629196167,0.9136292338371277,0.00028364991885609925,0.0007647116435691714
14,0,0.3598332107067108,paper_sampled_policy_value_score,2.6257473564328393e-06,512,-1.7333468198776245,-0.613037645816803,-1.7136549949645996,-3.8684489727020264,0.11470630764961243,0.0,0.0003374999999999997,0.7284722328186035,435.11,7.1,1600,0.4926081895828247,0,0.1,0.16935235261917114,0.09421147406101227,1.3913413335319578,1.243455819130387,deterministic_value_head_jacobian_b,torch.float64,1.0,9.221050715622142e-16,1.306359149484286e-14,symmetric_jacobi_cholesky_fp64,512,1.599224328994751,5.715811130357906e-05,0.00015884613094385713,0.06493474543094635,-0.07464757561683655,0.013323218561708927,0.0002249999999999998,499,2048000,1287.2569485930726,2048000,1.0,1e-06,1.0,2.4449420834571356e-06,0.26118743419647217,4.316884223953821e-05,0.0,0.0,5.848915100097656,0.10000000149011612,0.5245253443717957,3.4387471675872803,0.6273159980773926,-1.7435927391052246,0.8462608456611633,0.000148320832522586,0.0004121932724956423
14,0,0.3456116020679474,paper_sampled_policy_value_score,7.158947028074181e-06,512,-1.6839642524719238,-0.7039347887039185,-1.6923953294754028,-2.331610679626465,0.025647269561886787,0.0,0.01950922115531169,0.5434548854827881,441.55,8.04,1604,0.5139576196670532,0,0.1,0.06390520185232162,0.008729763329029083,1.3832455547326803,1.2862979890596407,deterministic_value_head_jacobian_b,torch.float64,1.0,9.583541879071839e-16,6.422132804532514e-15,symmetric_jacobi_cholesky_fp64,512,0.730074942111969,0.0012128790840506554,0.0035093703772872686,0.07738672196865082,-0.04620242118835449,0.005155705381184816,0.013006147436874461,509,2088960,1313.2139112390578,2088960,1.0,1e-06,0.9728409647941589,1.3097440387355164e-05,0.222088024020195,0.0015003933804109693,0.0,0.0,5.894926071166992,0.1593659222126007,1.1047219038009644,3.5117170810699463,1.0270838737487793,-1.751612901687622,0.4509885609149933,0.0077598621137440205,0.022452551871538162
14,0,0.41618308424949646,paper_sampled_policy_value_score,1.2514805121099926e-06,512,-1.7199214696884155,0.23237937688827515,-1.7184948921203613,-5.358835220336914,0.15549065172672272,0.0,0.14814814814814817,1.697392463684082,599.5,11.0,1600,2.135328769683838,0,0.1,0.2669083774089813,2.425917625427246,1.4087785172278469,1.3441763416246866,deterministic_value_head_jacobian_b,torch.float64,1.0,5.279966796634366e-16,1.0986495582343448e-14,symmetric_jacobi_cholesky_fp64,512,3.35600209236145,0.009258984588086605,0.02224738337099552,0.03792523220181465,-0.010270772501826286,0.04580489546060562,0.14814814814814817,519,2129920,1339.25836243527,2129920,1.0,1e-06,0.23415587842464447,1.5735434999442077e-06,1.3699208498001099,0.003766055451706052,0.0,0.0,7.146760940551758,0.19495491683483124,1.0430731773376465,4.524786949157715,1.3695483207702637,-1.8325392007827759,1.084250807762146,0.04860306903719902,0.11678290367126465
14,0,0.4220050573348999,paper_sampled_policy_value_score,7.607878274029645e-07,512,-1.8720704317092896,-0.2588382959365845,-1.828024983406067,-3.9578917026519775,0.10317032784223557,0.0,0.3333333333333333,2.4848155975341797,356.92,6.81,1603,0.8054766654968262,0,0.1,0.17939358949661255,0.10955287516117096,1.4134430506717914,1.3868560723786825,deterministic_value_head_jacobian_b,torch.float64,1.0,5.407374387125432e-16,8.229485021234057e-15,symmetric_jacobi_cholesky_fp64,512,2.6587653160095215,0.03711947053670883,0.08795977383852005,0.04692797735333443,-0.03229062259197235,0.04096692055463791,0.2222222222222222,529,2170880,1364.9809866892174,2170880,1.0,1e-06,0.6207496523857117,8.733616709832859e-07,0.5715039968490601,0.029165232554078102,0.0,0.0,3.7006070613861084,0.15274396538734436,1.0382704734802246,3.8937578201293945,1.0196655988693237,-1.9562420845031738,2.40584135055542,0.14353376626968384,0.34012332558631897
14,0,0.41770312190055847,paper_sampled_policy_value_score,1.6168023648788221e-06,512,-1.7757160663604736,-0.3321568965911865,-1.759627103805542,-3.910916805267334,0.08122553676366806,0.0,0.005780509971944209,2.1772146224975586,234.26,4.79,1605,0.5171306133270264,0,0.1,0.14940643310546875,0.03906094282865524,1.4128507863659168,1.3846246193451783,deterministic_value_head_jacobian_b,torch.float64,1.0,5.365760634768277e-16,9.483154653827792e-15,symmetric_jacobi_cholesky_fp64,512,0.4581814110279083,0.0008350331336259842,0.0019991067238152027,0.07892712205648422,-0.055980488657951355,0.025732053443789482,0.0038536733146294724,539,2211840,1390.634240985848,2211840,1.0,1e-06,0.9668717980384827,1.2697836382358219e-06,0.2771861255168915,0.0005668755038641393,0.0,0.0,5.554718494415283,0.10000000149011612,-0.07358495146036148,3.0814943313598633,-0.2716427743434906,-1.7760502099990845,1.15277898311615,0.002794307190924883,0.0066896965727210045
14,0,0.46580928564071655,paper_sampled_policy_value_score,9.520499588688836e-07,512,-1.6993720531463623,-0.3003799617290497,-1.7066699266433716,-2.959407329559326,0.049741264432668686,0.0,0.0007593749999999996,2.202246904373169,199.32,4.09,1601,0.49413567781448364,0,0.1,0.06635512411594391,0.009579967707395554,1.4124837963042254,1.381310338282916,deterministic_value_head_jacobian_b,torch.float64,1.0,7.269015325834016e-16,7.197308225945864e-15,symmetric_jacobi_cholesky_fp64,512,0.6002594828605652,5.0382903282297775e-05,0.00010816208668984473,0.06033658981323242,-0.027660587802529335,0.0105195427313447,0.0005062499999999998,549,2252800,1416.5679593821988,2252800,1.0,1e-06,1.0,9.308391781814862e-07,0.1773962825536728,8.142049046000466e-05,0.0,0.0,3.876039981842041,0.10000000149011612,-0.5129426121711731,1.7481411695480347,-0.6658175587654114,-1.8609925508499146,0.7032380104064941,0.00036285322858020663,0.000778973801061511
14,0,0.5091974139213562,paper_sampled_policy_value_score,1.1705959650498698e-06,512,-1.6443110704421997,-0.29642659425735474,-1.6496977806091309,-2.980600357055664,0.054351095110177994,0.0,0.003844335937499999,1.743528127670288,230.32,5.49,1604,0.5627754330635071,0,0.1,0.10856480151414871,0.023594744503498077,1.410972224025483,1.3649787851431772,deterministic_value_head_jacobian_b,torch.float64,1.0,5.718266054673031e-16,6.88094308403269e-15,symmetric_jacobi_cholesky_fp64,512,0.8898934125900269,0.00037080413312651217,0.0007282129372470081,0.05551775172352791,-0.060025833547115326,0.01286865770816803,0.002562890624999999,559,2293760,1442.2604969022796,2293760,1.0,1e-06,0.8884522318840027,1.4824540812696796e-06,0.20579606294631958,0.0004012742720078677,0.0,0.0,4.0355048179626465,0.16286082565784454,-0.21651268005371094,2.41204571723938,-0.40014907717704773,-2.125364065170288,0.8450493216514587,0.0018303758697584271,0.0035946292337030172
14,0,0.38107287883758545,paper_sampled_policy_value_score,1.259703935829748e-06,512,-1.6900646686553955,-0.6733346581459045,-1.6795977354049683,-4.336550712585449,0.08005142956972122,0.0,0.005766503906249999,1.5988448858261108,284.29,6.45,1605,0.4444369971752167,0,0.1,0.10899487137794495,0.040298692882061005,1.412117334294994,1.343999544674357,deterministic_value_head_jacobian_b,torch.float64,1.0,5.708520041040468e-16,7.272375444732301e-15,symmetric_jacobi_cholesky_fp64,512,2.093024492263794,0.0006285206764005125,0.001649345038458705,0.060361362993717194,-0.03498217836022377,0.011325744912028313,0.003844335937499999,569,2334720,1468.29755776003,2334720,1.0,1e-06,1.0,1.7139612964456319e-06,0.17659646272659302,0.0005781343206763268,0.0,0.0,2.402963876724243,0.10000000149011612,0.21984855830669403,2.9241158962249756,0.00665568420663476,-1.8799691200256348,1.3804723024368286,0.002349076559767127,0.00616437615826726
14,0,0.4029892683029175,paper_sampled_policy_value_score,2.0708516785816755e-06,512,-1.7034502029418945,-0.25560033321380615,-1.7074475288391113,-3.769881248474121,0.0707961916923523,0.0,0.0007593750000000001,1.5863378047943115,275.08,5.37,1602,0.4901275932788849,0,0.1,0.11324753612279892,0.04861333966255188,1.4128875075674399,1.3513158877976847,deterministic_value_head_jacobian_b,torch.float64,1.0,6.000987019468857e-16,7.983848025476425e-15,symmetric_jacobi_cholesky_fp64,512,1.2832223176956177,8.599865395808592e-05,0.0002134018432116136,0.0812269076704979,-0.03803826868534088,0.014568251557648182,0.0005062500000000001,579,2375680,1494.3055818448775,2375680,1.0,1e-06,1.0,1.4775663430555142e-06,0.2377646118402481,6.728465086780488e-05,0.0,0.0,2.6180715560913086,0.10000000149011612,-0.44721412658691406,3.28997540473938,-0.41977548599243164,-2.1786000728607178,0.8754598498344421,0.00035618487163446844,0.0008838569629006088
14,0,0.392636775970459,paper_sampled_policy_value_score,2.3088971374818357e-06,512,-1.6770706176757812,-0.27203428745269775,-1.6757079362869263,-3.3005106449127197,0.04205711930990219,0.0,0.002562890625,1.5028023719787598,320.29,6.95,1600,0.43177857995033264,0,0.1,0.08426052331924438,0.017507076263427734,1.4125718424558409,1.315015454119038,deterministic_value_head_jacobian_b,torch.float64,1.0,5.610480208622898e-16,5.465733793148038e-15,symmetric_jacobi_cholesky_fp64,512,0.8681594729423523,0.00021595237194560468,0.0005500054685398936,0.06003020703792572,-0.06113360822200775,0.007560736499726772,0.00170859375,589,2416640,1520.0547633948736,2416640,1.0,1e-06,1.0,1.6865099041751819e-06,0.17041239142417908,0.00023241929011419415,0.0,0.0,5.33546781539917,0.10000000149011612,0.11294938623905182,2.848783493041992,0.15210822224617004,-1.7249020338058472,0.88118577003479,0.001060941955074668,0.002702095312997699
14,0,0.5084457397460938,paper_sampled_policy_value_score,6.168907930259593e-06,512,-1.6925230026245117,-0.7397944331169128,-1.6954187154769897,-3.3021318912506104,0.06065279245376587,0.0,0.008649755859375,1.4591038227081299,315.72,7.46,1605,0.5846385359764099,0,0.1,0.13672500848770142,0.15156826376914978,1.4129263361094178,1.26755747044547,deterministic_value_head_jacobian_b,torch.float64,1.0,6.616596480964023e-16,8.738232460905733e-15,symmetric_jacobi_cholesky_fp64,512,2.544687271118164,0.0010114234173670411,0.0019892456475645304,0.07980988919734955,-0.041662998497486115,0.008932962082326412,0.0057665039062500005,599,2457600,1545.7087499131449,2457600,1.0,1e-06,0.8552278280258179,1.7657572470852756e-06,0.2741115987300873,0.0006782621494494379,0.0,0.0,10.0,0.10367010533809662,-0.03297047317028046,2.7252371311187744,-0.13673333823680878,-1.7471727132797241,0.9865685105323792,0.004179831128567457,0.008220801129937172
14,0,0.3539900779724121,paper_sampled_policy_value_score,1.5574154303976684e-06,512,-1.6783357858657837,-0.5432851314544678,-1.6774218082427979,-4.8253560066223145,0.06274864822626114,0.0,0.0001,1.4105085134506226,329.67,8.17,1603,0.45252153277397156,0,0.1,0.1419089287519455,0.11030101776123047,1.4122471504283076,1.2687348737331074,deterministic_value_head_jacobian_b,torch.float64,1.0,5.93991527654589e-16,9.28782807550104e-15,symmetric_jacobi_cholesky_fp64,512,1.9440265893936157,1.4188003660819959e-05,4.008023097412661e-05,0.04983401298522949,-0.027252230793237686,0.009192048572003841,0.0001,609,2498560,1571.367287097033,2498560,1.0,1e-06,1.0,1.499260406490066e-06,0.23711661994457245,8.783837074588519e-06,0.0,0.0,2.394078493118286,0.10000000149011612,0.3139808773994446,3.0640041828155518,0.3136889934539795,-1.7822530269622803,1.2632336616516113,4.225821248837747e-05,0.00011937682575080544
14,0,0.3753200173377991,paper_sampled_policy_value_score,2.8491879220382543e-06,512,-1.7258306741714478,-0.24079382419586182,-1.6964325904846191,-3.5606789588928223,0.08047336339950562,0.0,0.00170859375,1.4810670614242554,343.63,8.08,1598,0.43001338839530945,0,0.1,0.1694560945034027,0.5697112083435059,1.4114462656167983,1.2538714581283288,deterministic_value_head_jacobian_b,torch.float64,1.0,5.740663869338037e-16,8.330581400305919e-15,symmetric_jacobi_cholesky_fp64,512,5.385787487030029,0.0002895323559641838,0.0007714279345236719,0.0523829460144043,-0.0357867032289505,0.007919678464531898,0.0011390625,619,2539520,1597.0605670381337,2539520,1.0,1e-06,1.0,3.4081845114997122e-06,0.18271775543689728,0.0001424878864781931,0.0,0.0,6.7530364990234375,0.10000000149011612,0.32176145911216736,3.0858776569366455,0.07520265132188797,-1.9006118774414062,1.3706607818603516,0.0006955125136300921,0.0018531186506152153
14,0,0.33770236372947693,paper_sampled_policy_value_score,6.935710644029314e-06,512,-1.711916446685791,-0.7525584697723389,-1.6940910816192627,-3.505451202392578,0.05635537952184677,0.0,0.09852612533569335,1.3138558864593506,328.0,8.16,1603,1.5523335933685303,0,0.1,0.11390255391597748,0.2917865514755249,1.4091243992012974,1.2602900842877554,deterministic_value_head_jacobian_b,torch.float64,1.0,5.850086618972865e-16,5.908111628621717e-15,symmetric_jacobi_cholesky_fp64,512,2.106781482696533,0.0036146738566458225,0.010703726671636105,0.0216855239123106,-0.024835530668497086,0.014517581090331078,0.09852612533569335,629,2580480,1623.093060655985,2580480,1.0,1e-06,0.32209551334381104,3.737183988050674e-06,0.9390729665756226,0.002550363540649414,0.0,0.0,2.265249729156494,0.1542360484600067,0.6996555328369141,3.0671703815460205,0.652875542640686,-2.007131338119507,1.886448860168457,0.03135453164577484,0.09284664690494537
14,0,0.34830036759376526,paper_sampled_policy_value_score,2.2838491986476583e-06,512,-1.6858584880828857,0.2507568597793579,-1.6897597312927246,-2.5128276348114014,0.031961649656295776,0.0,0.0007593750000000001,1.3465901613235474,332.54,7.76,1600,0.4217187762260437,0,0.1,0.10971689224243164,0.08665953576564789,1.4119994080758351,1.2629413347018608,deterministic_value_head_jacobian_b,torch.float64,1.0,5.595835570941898e-16,6.140462415179332e-15,symmetric_jacobi_cholesky_fp64,512,2.087219715118408,8.331504068337381e-05,0.00023920457169879228,0.047219742089509964,-0.022052453830838203,0.007899122312664986,0.0005062500000000001,639,2621440,1648.821599820163,2621440,1.0,1e-06,1.0,1.4678829529657378e-06,0.20204339921474457,6.188976112753153e-05,0.0,0.0,3.6411149501800537,0.17810599505901337,0.2447674721479416,3.181307315826416,-0.10727520287036896,-2.0014150142669678,1.836482286453247,0.0002970087225548923,0.0008527373429387808
14,0,0.32070279121398926,paper_sampled_policy_value_score,2.5533568987157196e-05,512,-1.746411919593811,0.005577874835580587,-1.7038270235061646,-6.195717811584473,0.11579471081495285,0.0,0.22168378200531003,1.1275792121887207,344.91,8.67,1602,2.393254280090332,0,0.1,0.2698098421096802,1.6169127225875854,1.408740115168619,1.2340619417884044,deterministic_value_head_jacobian_b,torch.float64,1.0,6.110406678546166e-16,1.1604436549936404e-14,symmetric_jacobi_cholesky_fp64,512,2.576286792755127,0.012496046721935272,0.03896456956863403,0.02121823839843273,0.019830914214253426,0.04078797996044159,0.22168378200531003,649,2662400,1674.9510481921025,2662400,1.0,1e-06,0.2089204639196396,2.4724383820284856e-06,1.4786078929901123,0.0039010646287351847,0.0,0.0,2.3832178115844727,0.3207717835903168,0.7407811880111694,3.5566470623016357,0.473872572183609,-1.7369529008865356,1.8801307678222656,0.06932364404201508,0.21616165339946747
14,0,0.47572624683380127,paper_sampled_policy_value_score,3.1846261663304176e-06,512,-1.7046573162078857,2.1715121269226074,-1.6955251693725586,-3.528951644897461,0.08649024367332458,0.0,0.14778918800354002,1.4840385913848877,343.74,7.91,1603,1.2498282194137573,0,0.1,0.17022457718849182,0.4015122652053833,1.409760298791108,1.2818137079696434,deterministic_value_head_jacobian_b,torch.float64,1.0,4.97883079919204e-16,7.30188859050177e-15,symmetric_jacobi_cholesky_fp64,512,1.2343521118164062,0.010064317844808102,0.021155692636966705,0.04081165790557861,-0.04430075362324715,0.023462362587451935,0.09852612533569334,659,2703360,1700.6069315252826,2703360,1.0,1e-06,0.4000546634197235,1.4251271522880415e-06,0.6710559129714966,0.009297659620642662,0.0,0.0,3.502964496612549,0.1153375655412674,0.4895056188106537,3.5905585289001465,0.2744641900062561,-1.8454939126968384,1.8487002849578857,0.04985332116484642,0.10479413717985153
14,0,0.33769798278808594,paper_sampled_policy_value_score,3.849110271403333e-06,512,-1.6629774570465088,0.3440499007701874,-1.664973258972168,-4.209477424621582,0.06216689571738243,0.0,0.0001,1.3911471366882324,347.56,7.75,1603,0.44331368803977966,0,0.1,0.09166271984577179,0.0259423665702343,1.4084524270345913,1.2610853662120856,deterministic_value_head_jacobian_b,torch.float64,1.0,5.361526332483818e-16,6.212431083852866e-15,symmetric_jacobi_cholesky_fp64,512,1.1279494762420654,9.169514669338241e-06,2.715300433919765e-05,0.048589326441287994,-0.04230345040559769,0.01398226898163557,0.0001,669,2744320,1726.277800092008,2744320,1.0,1e-06,1.0,1.9902670373994624e-06,0.25390613079071045,9.125941687671002e-06,0.0,0.0,2.802522659301758,0.10000000149011612,0.11864067614078522,3.1861040592193604,-0.16554614901542664,-1.8505330085754395,1.7256546020507812,4.089910726179369e-05,0.00012111149408156052
14,0,0.37254515290260315,paper_sampled_policy_value_score,3.847388597932877e-06,512,-1.6504473686218262,0.22241632640361786,-1.6640825271606445,-2.8399782180786133,0.05046959966421127,0.0,0.008649755859374999,1.1894818544387817,331.66,8.02,1604,0.46330544352531433,0,0.1,0.10668037086725235,0.055963389575481415,1.4082500739861854,1.2217387430625029,deterministic_value_head_jacobian_b,torch.float64,1.0,6.326492062810304e-16,5.600935081570312e-15,symmetric_jacobi_cholesky_fp64,512,1.6246967315673828,0.0009227606351487339,0.0024769094306975603,0.06349946558475494,-0.060236237943172455,0.0061836084350943565,0.005766503906249999,679,2785280,1751.9517139540985,2785280,1.0,1e-06,1.0,3.7401453027996467e-06,0.2623917758464813,0.000836073188111186,0.0,0.0,2.5567574501037598,0.17410685122013092,0.5526516437530518,3.295058012008667,0.45611605048179626,-1.7115291357040405,1.3055925369262695,0.0037930679973214865,0.01018149871379137
14,0,0.32768911123275757,paper_sampled_policy_value_score,5.326223799784202e-06,512,-1.7214207649230957,0.34913912415504456,-1.7144805192947388,-3.227346897125244,0.09233858436346054,0.0,0.0038443359375000003,0.9567501544952393,314.67,7.85,1607,0.4418347179889679,0,0.1,0.12588441371917725,0.08490590751171112,1.3969577701699103,1.1325086277872338,deterministic_value_head_jacobian_b,torch.float64,1.0,8.211738841792732e-16,8.468055091127804e-15,symmetric_jacobi_cholesky_fp64,512,1.9132264852523804,0.0004839414614252746,0.0014768310356885195,0.055976297706365585,-0.07089195400476456,0.007956660352647305,0.002562890625,689,2826240,1777.6218918622471,2826240,1.0,1e-06,1.0,1.964308466995135e-06,0.26330700516700745,0.0003024801844730973,0.0,0.0,4.859196186065674,0.10000000149011612,0.248186856508255,3.0802550315856934,-0.02881031110882759,-1.8554863929748535,1.4106464385986328,0.0015962335746735334,0.004871182609349489
14,0,0.327689528465271,paper_sampled_policy_value_score,3.4318218240514398e-06,512,-1.7250360250473022,-0.2080630660057068,-1.7197116613388062,-3.4531242847442627,0.06604920327663422,0.0,0.01946195068359375,0.8659362196922302,312.99,8.23,1606,0.4779198467731476,0,0.1,0.15131212770938873,0.1498992145061493,1.4103400253245615,1.0858714866497243,deterministic_value_head_jacobian_b,torch.float64,1.0,9.916964947300614e-16,1.0993984902793372e-14,symmetric_jacobi_cholesky_fp64,512,1.2633968591690063,0.0029448289424180984,0.008986643515527248,0.0767197385430336,-0.022730151191353798,0.007445057854056358,0.0129746337890625,699,2867200,1803.2763487291522,2867200,1.0,1e-06,1.0,3.377700522833038e-06,0.2526533007621765,0.0013000020990148187,0.0,0.0,4.91685676574707,0.10000000149011612,0.2588712275028229,2.7884809970855713,0.27346429228782654,-1.7380201816558838,1.0299580097198486,0.007971050217747688,0.02432500757277012
14,0,0.3714027404785156,paper_sampled_policy_value_score,4.421754965733271e-06,512,-1.6654160022735596,-0.7166778445243835,-1.6606223583221436,-3.5599563121795654,0.07969824224710464,0.0,0.0007593750000000001,0.8254141807556152,254.56,6.03,1602,0.4618275463581085,0,0.1,0.15816131234169006,0.38015419244766235,1.4085825465926076,1.0703892824233183,deterministic_value_head_jacobian_b,torch.float64,1.0,9.20667485017107e-16,1.1495408172536751e-14,symmetric_jacobi_cholesky_fp64,512,3.9502742290496826,0.00012010266073048115,0.0003233758034184575,0.06879547983407974,-0.06057601049542427,0.007398621179163456,0.0005062500000000001,709,2908160,1829.2802179050632,2908160,1.0,1e-06,1.0,3.235602207496413e-06,0.19962769746780396,6.398858386091888e-05,0.0,0.0,4.70613956451416,0.10000000149011612,-0.04849759116768837,2.9693005084991455,-0.25706183910369873,-2.0720067024230957,1.266606092453003,0.00031749624758958817,0.0008548570331186056
14,0,0.34849509596824646,paper_sampled_policy_value_score,1.9861350665451027e-05,512,-1.6980655193328857,-0.4786132574081421,-1.6869343519210815,-3.2546699047088623,0.03765382245182991,0.0,0.0038443359375000003,0.7812021970748901,313.78,7.43,1603,0.47265195846557617,0,0.1,0.09961435198783875,0.1258416771888733,1.4055028110165366,1.0331541694059403,deterministic_value_head_jacobian_b,torch.float64,1.0,1.3268345767315695e-15,1.3423691537621508e-14,symmetric_jacobi_cholesky_fp64,512,2.625731945037842,0.00038295172271318734,0.0010988726280629635,0.059097014367580414,-0.10246600210666656,0.007920714095234871,0.002562890625,719,2949120,1854.9145881668665,2949120,1.0,1e-06,1.0,1.6904741642065346e-05,0.24799488484859467,0.0003367247700225562,0.0,0.0,9.818710327148438,0.10000000149011612,0.04693940281867981,3.1183085441589355,0.09804472327232361,-1.7597094774246216,1.0429706573486328,0.0016468449030071497,0.004725589882582426
14,0,0.3047950863838196,paper_sampled_policy_value_score,1.0024164112110157e-05,512,-1.6915948390960693,-0.2971131503582001,-1.6781504154205322,-3.5008432865142822,0.05854812636971474,0.0,0.0001,0.7856723666191101,310.18,7.26,1606,0.39019742608070374,0,0.1,0.10859515517950058,0.5117197632789612,1.4088043227203104,0.976571939896282,deterministic_value_head_jacobian_b,torch.float64,1.0,1.402137891522459e-15,1.4753354749813725e-14,symmetric_jacobi_cholesky_fp64,512,5.1010918617248535,1.0860646398214158e-05,3.5632616345537826e-05,0.07359764724969864,-0.07914183288812637,0.007023354060947895,0.0001,729,2990080,1880.570285382215,2990080,1.0,1e-06,1.0,6.40904227111605e-06,0.2014845907688141,7.068907507346012e-06,0.0,0.0,3.0197527408599854,0.10000000149011612,-0.025495581328868866,3.183833360671997,-0.03187548741698265,-1.9312472343444824,0.8362602591514587,3.582924182410352e-05,0.00011755189916584641
14,0,0.3343988060951233,paper_sampled_policy_value_score,7.522053692810005e-06,512,-1.6580379009246826,-0.6898034811019897,-1.6620014905929565,-3.388392925262451,0.03961871191859245,0.0,0.0005062500000000001,0.6318349242210388,289.12,7.41,1604,0.5711438059806824,0,0.1,0.10538647323846817,0.2339504361152649,1.4023706710430335,0.9257148979784524,deterministic_value_head_jacobian_b,torch.float64,1.0,1.9330789655059088e-15,1.782403443710959e-14,symmetric_jacobi_cholesky_fp64,512,2.849174737930298,4.670816633733921e-05,0.0001396780280629173,0.04918675869703293,-0.05438285320997238,0.007338360417634249,0.00033750000000000007,739,3031040,1906.2279962641187,3031040,1.0,1e-06,0.8754346966743469,1.052996867656475e-05,0.26253223419189453,3.3610212994972244e-05,0.0,0.0,2.4774835109710693,0.11545730382204056,0.22307060658931732,3.0651285648345947,0.10321110486984253,-1.6968578100204468,1.037056565284729,0.0001851484557846561,0.0005536755779758096
14,0,0.4383518695831299,paper_sampled_policy_value_score,1.2731159586110152e-05,512,-1.7228375673294067,-0.28982898592948914,-1.6756060123443604,-4.257781505584717,0.09626098722219467,0.0,0.0129746337890625,0.628122091293335,327.14,7.12,1594,0.5745590329170227,0,0.1,0.15728381276130676,0.14560264348983765,1.4045502244056096,0.9095078445562511,deterministic_value_head_jacobian_b,torch.float64,1.0,2.331020963210501e-15,3.0573305142705986e-14,symmetric_jacobi_cholesky_fp64,512,1.3676162958145142,0.0017758820904418826,0.004051270894706249,0.06297807395458221,-0.09891916811466217,0.010124334134161472,0.008649755859375,749,3072000,1931.9258154090494,3072000,1.0,1e-06,0.8702310919761658,1.0768556421680842e-05,0.33211758732795715,0.0017205605981871486,0.0,0.0,10.0,0.10000000149011612,0.14784672856330872,3.0035955905914307,0.12705394625663757,-1.703260064125061,0.727410078048706,0.0055443886667490005,0.012648260220885277
14,0,0.30509358644485474,paper_sampled_policy_value_score,4.498604084801627e-06,512,-1.6673014163970947,-0.7005487084388733,-1.6858599185943604,-3.3726813793182373,0.049387503415346146,0.0,0.029192926025390618,0.6213310956954956,258.1,5.26,1603,0.5829570889472961,0,0.1,0.12525153160095215,0.054723307490348816,1.4019236786867848,0.954686738323432,deterministic_value_head_jacobian_b,torch.float64,1.0,1.4178062757362868e-15,1.4415610118117644e-14,symmetric_jacobi_cholesky_fp64,512,1.1866687536239624,0.0031361246947199106,0.010279222391545773,0.07834333181381226,-0.00033763423562049866,0.01290195807814598,0.019461950683593746,759,3112960,1957.6129814381711,3112960,1.0,1e-06,0.8576945662498474,1.9266659364802763e-05,0.3983005881309509,0.0016341459704563022,0.0,0.0,4.163036346435547,0.13595463335514069,-0.21069253981113434,2.4710752964019775,-0.374227911233902,-1.6954301595687866,0.8102867603302002,0.012525823898613453,0.04105567932128906
14,0,0.3587356209754944,paper_sampled_policy_value_score,1.539266850159038e-05,512,-1.6728785037994385,-0.7692567110061646,-1.6769205331802368,-3.3161392211914062,0.041545845568180084,0.0,0.0007593749999999993,0.6494112014770508,319.73,7.54,1603,0.4449269473552704,0,0.1,0.10867425054311752,0.29481372237205505,1.408468886440978,0.8567253890135962,deterministic_value_head_jacobian_b,torch.float64,1.0,2.0847191288384246e-15,1.819114909170065e-14,symmetric_jacobi_cholesky_fp64,512,3.352785348892212,8.252558473031968e-05,0.00023004569811746478,0.05703313648700714,-0.07899732887744904,0.0045627267099916935,0.0005062499999999995,769,3153920,1983.2916756179184,3153920,1.0,1e-06,1.0,5.611596407106845e-06,0.19598306715488434,6.644761742791161e-05,0.0,0.0,5.491127967834473,0.10000000149011612,-0.06894613057374954,3.055727005004883,-0.2774425446987152,-1.715742826461792,0.8649342656135559,0.0002998416603077203,0.0008358290651813149
14,0,0.24561654031276703,paper_sampled_policy_value_score,3.854668648273218e-06,512,-1.6916751861572266,-0.05989954620599747,-1.6778422594070435,-4.385157585144043,0.10246136039495468,0.0,0.06568408355712888,0.6217629909515381,322.9,7.09,1606,1.7954823970794678,0,0.1,0.1701986938714981,0.28612083196640015,1.3953871814997487,0.8767091829974692,deterministic_value_head_jacobian_b,torch.float64,1.0,1.6879761581045603e-15,2.0089630581818138e-14,symmetric_jacobi_cholesky_fp64,512,1.3984020948410034,0.0031131808646023273,0.012674964033067226,0.05312003567814827,-0.06319921463727951,0.020434631034731865,0.043789389038085914,779,3194880,2008.9646926620044,3194880,1.0,1e-06,0.2784765362739563,4.5580200094264e-06,0.8878450989723206,0.0007321374723687768,0.0,0.0,4.439094543457031,0.10000000149011612,0.2870680093765259,3.5219311714172363,0.14660830795764923,-1.7056176662445068,1.384358286857605,0.01676865480840206,0.0682716816663742
14,0,0.3033836781978607,paper_sampled_policy_value_score,8.719017387193162e-06,512,-1.6873027086257935,-0.12031172960996628,-1.668513298034668,-3.9779632091522217,0.10306116938591003,0.0,0.013006147436874454,0.5284384489059448,306.55,6.55,1603,0.5104577541351318,0,0.1,0.14936518669128418,0.2642551064491272,1.403370827849508,0.9184648031604468,deterministic_value_head_jacobian_b,torch.float64,1.0,2.0019382426623084e-15,2.5718427794880143e-14,symmetric_jacobi_cholesky_fp64,512,2.4572033882141113,0.0019028614042326808,0.006272128317505121,0.052323538810014725,-0.05249824747443199,0.01064905896782875,0.008670764957916303,789,3235840,2034.6239137402736,3235840,1.0,1e-06,0.979511022567749,3.5977345760329627e-06,0.24681705236434937,0.0008051681215874851,0.0,0.0,3.1580984592437744,0.14686913788318634,0.32479217648506165,3.3409225940704346,0.38323429226875305,-1.9175220727920532,1.2015247344970703,0.004919134546071291,0.016214236617088318
14,0,0.32587265968322754,paper_sampled_policy_value_score,1.2119448001612909e-05,512,-1.6729656457901,-0.5994400978088379,-1.669738531112671,-4.170157432556152,0.03922911360859871,0.0,0.0017127436953908745,0.5705329179763794,278.35,6.11,1604,0.49351170659065247,0,0.1,0.09407710283994675,0.1376321017742157,1.4059963412565994,0.970129863657767,deterministic_value_head_jacobian_b,torch.float64,1.0,1.9781060285445607e-15,1.7097856990440178e-14,symmetric_jacobi_cholesky_fp64,512,2.420029640197754,0.00016113201854750514,0.0004944631364196539,0.06110309809446335,-0.07142192125320435,0.005542750470340252,0.001141829130260583,799,3276800,2060.2860959069803,3276800,1.0,1e-06,1.0,3.4536128623585682e-06,0.2455226182937622,0.00014510343316942453,0.0,0.0,3.8434011936187744,0.13065208494663239,0.4251481294631958,2.981903314590454,0.5766085982322693,-1.736735463142395,1.0168405771255493,0.0006755701033398509,0.002073110779747367
14,0,0.3632042407989502,paper_sampled_policy_value_score,1.2265186342119705e-05,512,-1.644534945487976,-0.647654116153717,-1.6538851261138916,-2.9978301525115967,0.04119448363780975,0.0,0.005766503906249999,0.5622279644012451,342.53,6.73,1604,0.7976948022842407,0,0.1,0.12472310662269592,0.20687513053417206,1.3875174718047858,0.8193280028823776,deterministic_value_head_jacobian_b,torch.float64,1.0,3.525600625217827e-15,3.640789956754049e-14,symmetric_jacobi_cholesky_fp64,512,2.9907312393188477,0.00045080765266902745,0.001241195946931839,0.03900708258152008,-0.0746234655380249,0.0076468586921691895,0.005766503906249999,809,3317760,2085.9455580590293,3317760,1.0,1e-06,0.6268053650856018,1.4995280253060628e-05,0.3123572766780853,0.00026901872479356825,0.0,0.0,4.1367082595825195,0.13387122750282288,-0.10338097810745239,2.5524325370788574,-0.0922994390130043,-2.147031545639038,0.7883509993553162,0.0017172262305393815,0.0047279903665184975
14,0,0.25734302401542664,paper_sampled_policy_value_score,1.4104102774581406e-05,512,-1.6924042701721191,-0.6764714121818542,-1.6766903400421143,-3.892595052719116,0.06650608032941818,0.0,0.0001,0.6138820648193359,309.15,6.95,1605,0.4050880968570709,0,0.1,0.12214009463787079,0.08354923129081726,1.4053254940959683,0.8240072981711724,deterministic_value_head_jacobian_b,torch.float64,1.0,2.8491345332319286e-15,2.6930343382605024e-14,symmetric_jacobi_cholesky_fp64,512,1.4513864517211914,1.221042748511536e-05,4.744806210510433e-05,0.06778734922409058,-0.04855901375412941,0.006563641130924225,0.0001,819,3358720,2111.6157556339167,3358720,1.0,1e-06,1.0,2.51311812462518e-05,0.21148096024990082,5.318525836628396e-06,0.0,0.0,4.878232002258301,0.10000000149011612,-0.14800626039505005,2.807201385498047,-0.29686492681503296,-1.7893028259277344,0.7959812879562378,3.2698604627512395e-05,0.00012706233246717602
14,0,0.26560044288635254,paper_sampled_policy_value_score,2.860106178559363e-05,512,-1.6922361850738525,2.2540581226348877,-1.6962565183639526,-3.814324140548706,0.0589689202606678,0.0,0.012974633789062493,0.715060830116272,258.13,5.99,1598,0.704693078994751,0,0.1,0.12763750553131104,0.07553237676620483,1.4039975842192585,0.9212848440245422,deterministic_value_head_jacobian_b,torch.float64,1.0,2.4007501337439904e-15,2.357224678784649e-14,symmetric_jacobi_cholesky_fp64,512,2.2242486476898193,0.001175015582703054,0.004423996899276972,0.04682024195790291,-0.06684578210115433,0.008747672662138939,0.008649755859374995,829,3399680,2137.3700403752737,3399680,1.0,1e-06,0.7095277309417725,1.7848919014795683e-05,0.2847493886947632,0.0006317897350527346,0.0,0.0,3.542297840118408,0.143828883767128,0.013902323320508003,3.40167236328125,-0.28356876969337463,-1.7192914485931396,1.2764604091644287,0.0035448730923235416,0.013346638530492783
14,0,0.27004069089889526,paper_sampled_policy_value_score,5.691996557288803e-05,512,-1.6625196933746338,-0.452160120010376,-1.6756752729415894,-2.657900333404541,0.03500782325863838,0.0,0.04378938903808593,0.5561413764953613,273.24,6.77,1604,1.9193038940429688,0,0.1,0.10693113505840302,0.15716466307640076,1.398372045440813,0.7988079845882894,deterministic_value_head_jacobian_b,torch.float64,1.0,2.4015541849687995e-15,2.1479049905202106e-14,symmetric_jacobi_cholesky_fp64,512,2.027848482131958,0.0012198316399008036,0.004517214372754097,0.0836520791053772,-0.0825345367193222,0.009395893663167953,0.029192926025390618,839,3440640,2163.0172018739395,3440640,1.0,1e-06,0.26051098108291626,4.67646441393299e-06,0.552303671836853,0.0005343004013411701,0.0,0.0,9.641487121582031,0.10000000149011612,0.09306874871253967,3.2533411979675293,0.10260096192359924,-1.6978377103805542,1.4058865308761597,0.006806512363255024,0.02520550601184368
14,0,0.4529099464416504,paper_sampled_policy_value_score,1.967654134205077e-05,512,-1.6926087141036987,-0.0006517107831314206,-1.6784723997116089,-4.420172691345215,0.12296013534069061,0.0,0.002562890624999998,0.6509878635406494,303.94,6.92,1604,0.6358341574668884,0,0.1,0.18988041579723358,0.21449367702007294,1.4067131453292088,0.8660090050117291,deterministic_value_head_jacobian_b,torch.float64,1.0,2.62628461789571e-15,3.719362088512248e-14,symmetric_jacobi_cholesky_fp64,512,3.120814561843872,0.0003826817555818707,0.0008449400775134563,0.06942923367023468,0.021440602838993073,0.004703107289969921,0.0017085937499999985,849,3481600,2188.689281005878,3481600,1.0,1e-06,0.7863672971725464,1.9255945517215878e-05,0.3039196729660034,0.0002656969300005585,0.0,0.0,4.468932151794434,0.10558976978063583,0.05591179430484772,3.2473175525665283,-0.11357160657644272,-1.9251000881195068,1.1224215030670166,0.001105769886635244,0.0024414784274995327
14,0,0.27066361904144287,paper_sampled_policy_value_score,1.088473254640121e-05,512,-1.6578636169433594,0.05531161278486252,-1.6728724241256714,-4.26052188873291,0.06710805743932724,0.0,0.029192926025390625,0.6450719237327576,284.99,6.56,1603,0.5246769189834595,0,0.1,0.16792228817939758,0.14139291644096375,1.4043585668720502,0.8113770647531131,deterministic_value_head_jacobian_b,torch.float64,1.0,2.716661073325045e-15,2.8584658687031487e-14,symmetric_jacobi_cholesky_fp64,512,2.2616212368011475,0.00467157457023859,0.017259705811738968,0.04523729905486107,-0.01941867172718048,0.006933810189366341,0.01946195068359375,859,3522560,2214.820818689186,3522560,1.0,1e-06,0.9529655575752258,5.2828886509814765e-06,0.2537454068660736,0.0016480806516483426,0.0,0.0,5.41066837310791,0.20129002630710602,-0.008051279932260513,2.6919658184051514,-0.009253169409930706,-1.866093397140503,1.179955244064331,0.010106920264661312,0.03734125941991806
14,0,0.26352086663246155,paper_sampled_policy_value_score,1.2439279998943675e-05,512,-1.6487727165222168,-0.4533889591693878,-1.6537703275680542,-3.2318224906921387,0.05751149728894234,0.0,0.01950922115531169,0.7205402851104736,293.51,6.76,1598,1.014497995376587,0,0.1,0.13325272500514984,0.1568712294101715,1.3921786179057034,1.0416724022745476,deterministic_value_head_jacobian_b,torch.float64,1.0,1.2044892739568266e-15,1.3556773288250772e-14,symmetric_jacobi_cholesky_fp64,512,1.5177255868911743,0.0012812543427571654,0.004862060304731131,0.05150871351361275,-0.046486783772706985,0.017506787553429604,0.013006147436874461,869,3563520,2240.560901309829,3563520,1.0,1e-06,0.49285411834716797,3.1739082260173745e-06,0.49054190516471863,0.0005995010142214596,0.0,0.0,3.549753189086914,0.13919641077518463,0.5707514882087708,2.6253602504730225,0.7086976766586304,-1.745593547821045,0.8128435015678406,0.005429525393992662,0.020603777840733528
14,0,0.34744805097579956,paper_sampled_policy_value_score,6.987489541643299e-06,512,-1.769693374633789,0.04914872348308563,-1.7244470119476318,-5.844244956970215,0.10555434226989746,0.0,0.003853673314629468,0.9179962277412415,274.34,6.77,1600,0.44781699776649475,0,0.1,0.12258046120405197,0.2970468997955322,1.3983026649843624,0.9598594889132049,deterministic_value_head_jacobian_b,torch.float64,1.0,1.4661132731546696e-15,1.5903902443530192e-14,symmetric_jacobi_cholesky_fp64,512,3.678335428237915,0.00047238438855856657,0.001359582762233913,0.03730352595448494,-0.025669103488326073,0.006602072156965733,0.003853673314629468,879,3604480,2266.3160040648654,3604480,1.0,1e-06,1.0,4.651261406252161e-06,0.2045878916978836,0.00043159647611901164,0.0,0.0,3.5084116458892822,0.10000000149011612,0.0937439501285553,2.945091485977173,-0.08615092933177948,-1.8687129020690918,1.4899723529815674,0.0015108272200450301,0.004348354414105415
14,0,0.34929850697517395,paper_sampled_policy_value_score,5.896128641325049e-06,512,-1.6786963939666748,-0.2740265130996704,-1.6822067499160767,-3.7052435874938965,0.043907225131988525,0.0,0.00010024288660723909,0.7402879595756531,274.14,5.93,1599,0.6356204748153687,0,0.1,0.09399937838315964,0.21674400568008423,1.4045857636654173,0.9574796160965934,deterministic_value_head_jacobian_b,torch.float64,1.0,1.9967991776891915e-15,1.8018264694061e-14,symmetric_jacobi_cholesky_fp64,512,4.231505393981934,7.413126695610117e-06,2.122289879480377e-05,0.05637536197900772,-0.10539118945598602,0.0066015450283885,0.0001,889,3645440,2292.0221178052016,3645440,1.0,1e-06,0.78663170337677,4.63090555058443e-06,0.2642151713371277,5.857526048202999e-06,0.0,0.0,3.3415637016296387,0.10000000149011612,-0.08579996973276138,2.8215439319610596,-0.4512447416782379,-2.105511426925659,1.4183306694030762,3.441209264565259e-05,9.851771756075323e-05
14,0,0.37175822257995605,paper_sampled_policy_value_score,8.749792868911754e-06,512,-1.6776859760284424,-0.29808348417282104,-1.6835297346115112,-4.26055908203125,0.062397487461566925,0.0,0.0002249999999999998,0.8083362579345703,293.66,6.63,1603,0.6263437867164612,0,0.1,0.12780365347862244,0.2729480564594269,1.4029032320469463,0.9997875919693422,deterministic_value_head_jacobian_b,torch.float64,1.0,2.018229674288765e-15,2.6484215504902546e-14,symmetric_jacobi_cholesky_fp64,512,4.010340690612793,2.2955886379349977e-05,6.174950249260291e-05,0.09290459752082825,-0.0768439918756485,0.005278218537569046,0.00014999999999999988,899,3686400,2317.708863614127,3686400,1.0,1e-06,0.7982823252677917,2.8922092951688683e-06,0.2251284420490265,1.3976311493024696e-05,0.0,0.0,8.616598129272461,0.10000000149011612,0.2836013436317444,2.932457447052002,0.3396587371826172,-1.845472812652588,1.383678674697876,7.653247303096578e-05,0.00020586625032592565
14,0,0.42307963967323303,paper_sampled_policy_value_score,2.5050192107300973e-06,512,-1.7476909160614014,-0.882825493812561,-1.7120479345321655,-4.620584011077881,0.06447236984968185,0.0,0.043789389038085935,0.9620421528816223,240.06,5.19,1603,0.9688482284545898,0,0.1,0.13425365090370178,0.18302646279335022,1.4081290672035631,1.025609897718905,deterministic_value_head_jacobian_b,torch.float64,1.0,1.0295772531236687e-15,1.1293236889406934e-14,symmetric_jacobi_cholesky_fp64,512,1.5748780965805054,0.00303394952788949,0.007171107456088066,0.03716423362493515,-0.051011666655540466,0.009018931537866592,0.043789389038085935,909,3727360,2343.3701949659735,3727360,1.0,1e-06,0.5160761475563049,6.9378625084937084e-06,0.350913941860199,0.0020215061958879232,0.0,0.0,2.0420453548431396,0.13218596577644348,-0.04882655292749405,2.8520731925964355,-0.601722240447998,-1.9456347227096558,1.6277178525924683,0.01161299366503954,0.02744871750473976
14,0,0.4131685793399811,paper_sampled_policy_value_score,1.497159701102646e-05,512,-1.6845660209655762,-0.9018561244010925,-1.6923084259033203,-2.8564436435699463,0.0325419045984745,0.0,0.0011390625,0.754090428352356,265.4,5.13,1601,0.5385313034057617,0,0.1,0.09313604235649109,0.060694366693496704,1.4063334311426072,0.9881237100684028,deterministic_value_head_jacobian_b,torch.float64,1.0,1.950180883584522e-15,1.653952864542554e-14,symmetric_jacobi_cholesky_fp64,512,1.802071452140808,9.849642083281651e-05,0.0002383928222116083,0.08251092582941055,-0.04745594412088394,0.005173916462808847,0.0007593750000000001,919,3768320,2369.0846281009726,3768320,1.0,1e-06,0.9284493923187256,2.3162994693848304e-05,0.1876739263534546,0.00011315063602523878,0.0,0.0,8.077831268310547,0.10000000149011612,-0.39737582206726074,2.472034215927124,-0.6232629418373108,-1.7677422761917114,0.8636553883552551,0.00046951865078881383,0.0011363851372152567
14,0,0.3724963665008545,paper_sampled_policy_value_score,7.267760793183697e-06,512,-1.6732673645019531,-0.5422588586807251,-1.6617919206619263,-3.7528367042541504,0.04252982884645462,0.0,0.0129746337890625,0.68290114402771,272.27,6.34,1605,1.235007643699646,0,0.1,0.11626170575618744,0.3669915795326233,1.3998070894013845,1.0175749406536048,deterministic_value_head_jacobian_b,torch.float64,1.0,2.081851281123792e-15,2.763140390793576e-14,symmetric_jacobi_cholesky_fp64,512,2.3372743129730225,0.0006107051158323884,0.0016394928097724915,0.06083392724394798,0.0359487421810627,0.014489574357867241,0.008649755859375,929,3809280,2394.7996222348884,3809280,1.0,1e-06,0.40485548973083496,1.2716232049569953e-05,0.3807792365550995,0.00042309489799663424,0.0,0.0,3.7780423164367676,0.10282190144062042,0.15140795707702637,2.868351936340332,0.0790075808763504,-1.7192338705062866,1.3216198682785034,0.0027771268505603075,0.007455446757376194
14,0,0.3563571870326996,paper_sampled_policy_value_score,5.969551239104476e-06,512,-1.666496992111206,-0.5743262767791748,-1.6721030473709106,-3.4559438228607178,0.029041802510619164,0.0,0.00170859375,0.6725305318832397,224.53,5.56,1597,0.45960676670074463,0,0.1,0.1310228854417801,0.1818152368068695,1.4025383061332777,0.9048543447988192,deterministic_value_head_jacobian_b,torch.float64,1.0,2.3544831916101856e-15,2.108474000130887e-14,symmetric_jacobi_cholesky_fp64,512,2.6016860008239746,0.00022386177442967892,0.0006281949463300407,0.08008300513029099,0.0078115202486515045,0.004820753820240498,0.0011390625,939,3850240,2420.5111565152183,3850240,1.0,1e-06,1.0,6.462422334152507e-06,0.23025473952293396,0.00015296797209884971,0.0,0.0,10.0,0.10000000149011612,-0.3293074369430542,2.99079966545105,-0.5636669397354126,-1.6919177770614624,1.0813461542129517,0.0007139426888898015,0.0020034469198435545
14,0,0.3352351784706116,paper_sampled_policy_value_score,1.692250771156978e-05,512,-1.6408390998840332,-0.8118922710418701,-1.6567927598953247,-2.931947708129883,0.039677586406469345,0.0,0.0007593749999999997,0.6254146695137024,228.3,5.6,1596,0.5144334435462952,0,0.1,0.09430928528308868,0.08016584813594818,1.392846374680955,0.8753500901562514,deterministic_value_head_jacobian_b,torch.float64,1.0,3.4052904401645876e-15,2.7742721807773176e-14,symmetric_jacobi_cholesky_fp64,512,1.8449876308441162,6.960985774639994e-05,0.00020764484361279756,0.06083089858293533,-0.09773344546556473,0.005339819472283125,0.0005062499999999999,949,3891200,2446.6097515630536,3891200,1.0,1e-06,0.9719411134719849,5.2517511903715786e-06,0.20390702784061432,5.1224822527728975e-05,0.0,0.0,5.604429244995117,0.14616882801055908,-0.13841882348060608,3.0698373317718506,-0.1652996987104416,-2.128312587738037,1.1423395872116089,0.0002779789501801133,0.0008292057900689542
14,0,0.31412258744239807,paper_sampled_policy_value_score,1.2505649465310853e-05,512,-1.6856541633605957,-0.7881661057472229,-1.663459300994873,-3.7325186729431152,0.04942690208554268,0.0,0.0001,0.7048529386520386,297.83,6.83,1602,0.39398521184921265,0,0.1,0.09856346994638443,0.11377300322055817,1.3977717882340421,0.9912629570556367,deterministic_value_head_jacobian_b,torch.float64,1.0,2.8978357159417147e-15,2.783417912590059e-14,symmetric_jacobi_cholesky_fp64,512,1.839619755744934,9.853422852756921e-06,3.1368083000415936e-05,0.05532758682966232,-0.07576301693916321,0.004379402846097946,0.0001,959,3932160,2472.2737999521196,3932160,1.0,1e-06,1.0,8.272519153251778e-06,0.1607813984155655,7.457625997631112e-06,0.0,0.0,3.528937339782715,0.10000000149011612,-0.09114468097686768,2.761829137802124,-0.2523047924041748,-1.7736291885375977,1.1621030569076538,3.4481599868740886e-05,0.00010977115744026378
14,0,0.3145909309387207,paper_sampled_policy_value_score,2.5619900043238886e-05,512,-1.6946673393249512,-0.5724951028823853,-1.679383635520935,-4.660506248474121,0.05754533037543297,0.0,0.002569115543086312,0.7613533139228821,303.86,7.19,1604,0.3869284391403198,0,0.1,0.09108515083789825,0.09058573842048645,1.3990706274933966,0.9336669926242969,deterministic_value_head_jacobian_b,torch.float64,1.0,2.470690532328148e-15,1.855285322091211e-14,symmetric_jacobi_cholesky_fp64,512,1.9460110664367676,0.0002340068604098633,0.0007438448956236243,0.05943522974848747,-0.04324447736144066,0.0037632992025464773,0.0017127436953908745,969,3973120,2497.926681280136,3973120,1.0,1e-06,1.0,4.683354745793622e-06,0.15163417160511017,0.0002445493882987648,0.0,0.0,10.0,0.10000000149011612,-0.008040162734687328,2.931873083114624,-0.22865921258926392,-1.835155725479126,1.2550724744796753,0.000841770670376718,0.0026757626328617334
14,0,0.3048671782016754,paper_sampled_policy_value_score,2.4785449568298645e-05,512,-1.6494145393371582,-0.8339471220970154,-1.6476771831512451,-4.8902201652526855,0.07216767966747284,0.0,0.0656840835571289,0.8154813051223755,270.46,6.23,1596,0.632954478263855,0,0.1,0.13375933468341827,0.1463758945465088,1.3989691977094705,0.8829990205823193,deterministic_value_head_jacobian_b,torch.float64,1.0,3.645562847298131e-15,5.031428286103396e-14,symmetric_jacobi_cholesky_fp64,512,1.5056177377700806,0.006940342485904694,0.022765135392546654,0.011206718161702156,0.02300230786204338,0.016183262690901756,0.0656840835571289,979,4014080,2523.612701576203,4014080,1.0,1e-06,0.7899449467658997,7.671104867768008e-06,0.46249833703041077,0.0024733899626880884,0.0,0.0,1.9130864143371582,0.3249437212944031,0.018911104649305344,2.916090488433838,-0.38902777433395386,-1.8039531707763672,1.4297895431518555,0.029650837182998657,0.09725821018218994
13,0,0.2949409484863281,paper_sampled_policy_value_score,8.708288078196347e-06,512,-1.6450350284576416,-0.7233742475509644,-1.6425408124923706,-3.714514970779419,0.042734213173389435,0.0,0.029192926025390625,0.6645784378051758,284.22,6.85,1600,0.7748269438743591,0,0.1,0.1722026765346527,0.4033505618572235,1.3538054971610585,0.8347472683962304,deterministic_value_head_jacobian_b,torch.float64,1.0,3.5317570167826034e-15,4.555906745209527e-14,symmetric_jacobi_cholesky_fp64,512,1.6708956956863403,0.003244010265916586,0.010998846963047981,0.05461728572845459,-0.044137705117464066,0.007800392806529999,0.01946195068359375,989,4055040,2549.3591702668928,4055040,1.0,1e-06,0.6453045606613159,1.5700476069469005e-05,0.36498740315437317,0.0015104440972208977,0.0,0.0,3.86275577545166,0.18816345930099487,0.6558746099472046,2.9286723136901855,0.5604034066200256,-1.8231455087661743,1.8515684604644775,0.008654026314616203,0.029341556131839752
14,0,0.2845604419708252,paper_sampled_policy_value_score,8.582784175814595e-06,512,-1.6683409214019775,-0.80772465467453,-1.6441775560379028,-4.88562536239624,0.06276260316371918,0.0,0.0007593749999999993,0.7649762630462646,250.06,6.89,1605,0.39058947563171387,0,0.1,0.10765008628368378,0.12495590001344681,1.3949854566503601,0.8159647531012806,deterministic_value_head_jacobian_b,torch.float64,1.0,2.8257025686016215e-15,2.7273719480125384e-14,symmetric_jacobi_cholesky_fp64,512,2.9059953689575195,8.174694085028023e-05,0.00028727445169351995,0.051203757524490356,-0.03428349271416664,0.0043146745301783085,0.0005062499999999995,999,4096000,2575.01768582128,4096000,1.0,1e-06,1.0,9.142005183093715e-06,0.21013860404491425,5.947950921836309e-05,0.0,0.0,4.675192832946777,0.1580842137336731,-0.01252996176481247,3.2984752655029297,-0.12548679113388062,-1.8380383253097534,1.5993694067001343,0.0002579272259026766,0.0009064057958312333
14,0,0.23974907398223877,paper_sampled_policy_value_score,1.1318203178234398e-05,512,-1.6571991443634033,-0.3171716034412384,-1.6648722887039185,-2.985668659210205,0.04349638894200325,0.0,0.33252567300796504,0.5565300583839417,266.13,6.47,1605,4.565323829650879,0,0.1,0.12856638431549072,0.9714022874832153,1.3893126690404147,0.7735145679252674,deterministic_value_head_jacobian_b,torch.float64,1.0,4.558359430272317e-15,5.137673255679412e-14,symmetric_jacobi_cholesky_fp64,512,0.8321931958198547,0.004682210274040699,0.01952962763607502,0.026766397058963776,-0.03755810111761093,0.014843445271253586,0.33252567300796504,1009,4136960,2600.7202642750926,4136960,1.0,1e-06,0.10952123254537582,1.7211739759659395e-05,1.0703275203704834,0.0021118714939802885,0.0,0.0,2.275775194168091,0.14727556705474854,0.32825469970703125,3.849921226501465,0.1861412525177002,-1.758616328239441,1.7295960187911987,0.03971131891012192,0.16563700139522552
14,0,0.3513278663158417,paper_sampled_policy_value_score,7.892643225204665e-06,512,-1.6220508813858032,-0.8041694164276123,-1.6345336437225342,-2.403062582015991,0.030435945838689804,0.0,0.0438957475994513,0.7511025667190552,259.21,6.96,1606,1.1719104051589966,0,0.1,0.08138228207826614,0.11025933921337128,1.3896814509164515,1.0498713915698232,deterministic_value_head_jacobian_b,torch.float64,1.0,2.6542478513854015e-15,1.8494082805983622e-14,symmetric_jacobi_cholesky_fp64,512,0.996893584728241,0.0015241495566442609,0.0043382542207837105,0.04747307300567627,-0.05595943331718445,0.005245796404778957,0.029263831732967534,1019,4177920,2626.3626207970083,4177920,1.0,1e-06,0.4266534149646759,9.739545930642635e-06,0.38918381929397583,0.0015836810925975442,0.0,0.0,3.245253324508667,0.11214770376682281,0.4987263083457947,3.5372886657714844,0.28570908308029175,-1.7502336502075195,1.7997912168502808,0.009429648518562317,0.026840023696422577
