action_max,action_min,adv_avg,adv_max,adv_med,adv_min,adv_var,clipfrac,critic_ratio_max,critic_ratio_min,critic_rows,curr_lr,entropy,eplenmean,eprewmean,fps,grad_norm,joint_actor_fisher_quadratic,joint_applied_solve_residual,joint_cholesky_info_max,joint_clip_scale,joint_critic_curvature_coef,joint_critic_ggn_quadratic,joint_critic_objective_coef,joint_critic_rhs_weight,joint_direction_l2,joint_jacobi_scale_max,joint_jacobi_scale_min,joint_kernel_mode,joint_linear_solve_dtype,joint_predicted_step_kl,joint_predicted_value_divergence,joint_relative_solve_residual,joint_solve_residual,joint_solver_mode,joint_system_rows,kl,loss_pi,loss_v,lr,misc/nupdates,misc/serial_timesteps,misc/time_elapsed,misc/total_timesteps,optimizer_history_correction,optimizer_momentum,optimizer_momentum_semantics,ratio_max,ratio_min,ret_avg,ret_max,ret_med,ret_min,ret_var
14,0,-0.033808622509241104,5.591615200042725,-0.02790674939751625,-5.391230583190918,0.2626805603504181,0.0,1.0,1.0,512,0.0003383197422994323,1.7348227500915527,694.9183673469388,0.20408164,204,3.7185218334198,0.4503302574157715,7.582585837532138e-13,0,0.13446202874183655,0.1,152.20127868652344,10.0,31.622776601683793,3.7185218334198,1.4082208826239633,0.36051321918086443,exact_deterministic_ggn_2b,torch.float64,4.659669872175698e-10,1.574861485664769e-08,2.27089434722276e-15,8.421528503514303e-13,symmetrized_jacobi_fullfp64_chunked,1024,0.05649250000715256,-0.0015816688537597656,0.21257281303405762,0.0002255464948662882,9,40960,207.8236478799954,40960,1.0,1e-06,paper_sgd_momentum_1e-6,5.3605170249938965,0.5607924461364746,0.05745049566030502,7.807703018188477,-0.05330881476402283,-0.14869458973407745,0.568097710609436
14,0,-0.14628583192825317,3.115712881088257,-0.26851150393486023,-3.438082456588745,0.2535664141178131,0.0,1.0,1.0,512,0.49878850951194753,1.0355479717254639,193.34,3.1,203,10.434856414794922,4.790075302124023,1.1784966108966872e-12,0,0.04791632667183876,0.1,6583.029296875,10.0,31.622776601683793,10.434856414794922,1.4077364320996175,0.20583771928097785,exact_deterministic_ggn_2b,torch.float64,0.0013680822448804975,0.1880163699388504,1.7346504217536317e-15,1.2127003083731867e-12,symmetrized_jacobi_fullfp64_chunked,1024,0.033193040639162064,-0.010840050876140594,0.9667243957519531,0.49878850951194753,19,81920,409.7049977630377,81920,1.0,1e-06,paper_sgd_momentum_1e-6,2.903665065765381,0.23651579022407532,0.9622364044189453,4.9234185218811035,0.10846330225467682,-0.34790584444999695,2.6940419673919678
14,0,-0.6285984516143799,0.4376092553138733,-0.6332687139511108,-3.0860447883605957,0.040172278881073,0.0,1.0,1.0,512,0.3333333333333333,0.7145839929580688,209.69,3.6,202,6.873288631439209,2.248596668243408,1.3287068028291621e-12,0,0.07274538278579712,0.1,785.7386474609375,10.0,31.622776601683793,6.873288631439209,1.4140466248016499,0.12079614787331215,exact_deterministic_ggn_2b,torch.float64,0.0006610738928429782,0.023100243881344795,4.741698593346367e-15,1.439792950968692e-12,symmetrized_jacobi_fullfp64_chunked,1024,0.03251425176858902,0.03492071107029915,0.16790911555290222,0.3333333333333333,29,122880,612.2723746420816,122880,1.0,1e-06,paper_sgd_momentum_1e-6,7.770822048187256,0.21588349342346191,0.4095028042793274,2.4159417152404785,-0.044677671045064926,-0.6163867712020874,0.777243435382843
14,0,-0.7285486459732056,0.23407164216041565,-0.717988133430481,-1.8214565515518188,0.012565682642161846,0.0,1.0,1.0,512,0.5,1.424818515777588,372.08,2.6,203,3.849231243133545,0.2813715636730194,3.1702192956734596e-13,0,0.12989607453346252,0.1,41.81621551513672,10.0,31.622776601683793,3.849231243133545,1.411792671995069,0.3142706526760308,exact_deterministic_ggn_2b,torch.float64,0.0005934474756941199,0.00881955772638321,2.1937814530577685e-15,3.2301288776158517e-13,symmetrized_jacobi_fullfp64_chunked,1024,0.024801481515169144,-0.021878814324736595,0.042827725410461426,0.5,39,163840,814.7201226479374,163840,1.0,1e-06,paper_sgd_momentum_1e-6,3.477935791015625,0.42472001910209656,-0.2132030427455902,1.080384373664856,-0.2691671550273895,-0.7019001841545105,0.06902632117271423
14,0,-0.9114820957183838,0.6259516477584839,-0.8958258628845215,-2.510718822479248,0.05080126225948334,0.0,1.0,1.0,512,0.5,1.6983733177185059,558.05,3.0,203,3.9416372776031494,1.1264159679412842,1.0365875250233538e-12,0,0.12685084342956543,0.1,37.52421569824219,10.0,31.622776601683793,3.9416370391845703,1.4108941321807993,0.2835561015612133,exact_deterministic_ggn_2b,torch.float64,0.0022656640503555536,0.007547590881586075,5.809562952451655e-15,1.0172104273583266e-12,symmetrized_jacobi_fullfp64_chunked,1024,0.020573973655700684,0.009593397378921509,0.06431595981121063,0.5,49,204800,1017.2772404770367,204800,1.0,1e-06,paper_sgd_momentum_1e-6,2.8453152179718018,0.39410266280174255,0.8932421803474426,2.782578468322754,0.4840793013572693,-0.8453986644744873,0.521323025226593
14,0,-1.059124231338501,-0.3361387252807617,-1.016770362854004,-3.4167826175689697,0.061545658856630325,0.0,1.0,1.0,512,0.5,2.030493974685669,675.61,2.5,203,3.010122537612915,0.6566165089607239,2.6700178715242844e-12,0,0.1661061942577362,0.1,15.694953918457031,10.0,31.622776601683793,3.010122537612915,1.411266581924755,0.20511496020298206,exact_deterministic_ggn_2b,torch.float64,0.002264610258862376,0.0054130456410348415,1.54821261181374e-14,2.516592953577668e-12,symmetrized_jacobi_fullfp64_chunked,1024,0.0192682184278965,0.003195434808731079,0.059365853667259216,0.5,59,245760,1219.3214748329483,245760,1.0,1e-06,paper_sgd_momentum_1e-6,2.459428071975708,0.4873632788658142,1.273193120956421,2.891479730606079,0.98762446641922,-0.9636496305465698,0.5899782776832581
14,0,-1.1286720037460327,-0.38920509815216064,-1.0964512825012207,-4.8714447021484375,0.0796486884355545,0.0,1.0,1.0,512,0.3333333333333333,1.561680555343628,786.71,1.5,203,2.3994405269622803,0.373314768075943,3.0567388938852712e-12,0,0.20838190615177155,0.1,13.708112716674805,10.0,31.622776601683793,2.3994405269622803,1.4111099511794263,0.21392765846590706,exact_deterministic_ggn_2b,torch.float64,0.0009005808969959617,0.003306931583210826,2.2448881892323375e-14,3.2470148441841096e-12,symmetrized_jacobi_fullfp64_chunked,1024,0.019493084400892258,0.03519217669963837,0.037072136998176575,0.3333333333333333,69,286720,1421.2488511940464,286720,1.0,1e-06,paper_sgd_momentum_1e-6,4.782515525817871,0.16541746258735657,1.9353675842285156,2.7369141578674316,2.1078829765319824,-1.03361177444458,0.4004668891429901
14,0,-1.1757986545562744,-0.32533711194992065,-1.1524043083190918,-3.9043519496917725,0.03542656823992729,0.0,1.0,1.0,512,0.3333333333333332,1.6249234676361084,863.28,0.6,203,1.567938208580017,0.24602557718753815,1.42448543877891e-12,0,0.31889012455940247,0.1,3.87168550491333,10.0,31.622776601683793,1.567938208580017,1.4118528628108717,0.19028235791429726,exact_deterministic_ggn_2b,torch.float64,0.0013899203622713685,0.0021873069927096367,1.4028889318767884e-14,1.337454491204093e-12,symmetrized_jacobi_fullfp64_chunked,1024,0.03825119882822037,-0.030143197625875473,0.020145811140537262,0.3333333333333332,79,327680,1623.2654389538802,327680,1.0,1e-06,paper_sgd_momentum_1e-6,5.451595306396484,0.10000000149011612,0.8358073234558105,1.634274959564209,0.5512499809265137,-1.1211222410202026,0.2653943598270416
14,0,-1.3325426578521729,-0.7817142009735107,-1.2767330408096313,-4.06300687789917,0.08994467556476593,0.0,1.0,1.0,512,0.5,1.7747445106506348,941.43,0.2,203,2.4828531742095947,0.2677244544029236,8.187008196494958e-13,0,0.20138122141361237,0.1,7.922748565673828,10.0,31.622776601683793,2.4828531742095947,1.4137292105189114,0.3122729985558403,exact_deterministic_ggn_2b,torch.float64,0.0013571755262091756,0.004016278777271509,4.773553246691142e-15,7.72959171801806e-13,symmetrized_jacobi_fullfp64_chunked,1024,0.030699294060468674,-0.032374024391174316,0.05797726660966873,0.5,89,368640,1825.6023668968119,368640,1.0,1e-06,paper_sgd_momentum_1e-6,2.1168124675750732,0.3388958275318146,1.0632710456848145,1.698439598083496,0.8537470698356628,-1.2264827489852905,0.15466812252998352
14,0,-1.4057979583740234,-0.07154244184494019,-1.370309829711914,-4.113524913787842,0.07244636863470078,0.0,1.0,1.0,512,0.06584362139917695,2.2402820587158203,972.78,0.1,202,0.6596817970275879,0.27835625410079956,9.490839667390059e-13,0,0.7579412460327148,0.1,0.11991669237613678,10.0,31.622776601683793,0.6596817374229431,1.4123809998331018,0.22280367302701834,exact_deterministic_ggn_2b,torch.float64,0.00034663264523260295,1.4933036254660692e-05,6.850165496473382e-15,9.158530041027049e-13,symmetrized_jacobi_fullfp64_chunked,1024,0.04409810155630112,-0.045870590955019,0.03663372993469238,0.0438957475994513,99,409600,2028.1603974597529,409600,1.0,1e-06,paper_sgd_momentum_1e-6,2.870222330093384,0.23790951073169708,0.87099289894104,1.4107718467712402,0.9369100332260132,-1.3201707601547241,0.13288164138793945
14,0,-1.4957351684570312,-1.1727948188781738,-1.446294903755188,-3.4566853046417236,0.048732828348875046,0.0,1.0,1.0,512,0.0438957475994513,1.8904228210449219,991.31,0.0,203,0.7135723233222961,0.13840559124946594,1.6713323975891297e-12,0,0.7006997466087341,0.1,0.33282244205474854,10.0,31.622776601683793,0.7135723829269409,1.4135368239783683,0.1197588424117853,exact_deterministic_ggn_2b,torch.float64,6.546850636368617e-05,1.5743142284918576e-05,1.6176476755566015e-14,1.6031446671123343e-12,symmetrized_jacobi_fullfp64_chunked,1024,0.05318784713745117,-0.0362870991230011,0.02005048654973507,0.029263831732967534,109,450560,2230.540058126673,450560,1.0,1e-06,paper_sgd_momentum_1e-6,5.145538330078125,0.10000000149011612,0.26367321610450745,0.6277249455451965,0.25112271308898926,-1.4064209461212158,0.08396479487419128
14,0,-1.5571413040161133,-1.150941014289856,-1.5273100137710571,-3.572441339492798,0.03655686601996422,0.0,1.0,1.0,512,0.008670764957916303,1.4801101684570312,989.95,0.0,203,0.5424662828445435,0.15538477897644043,1.0134153327025698e-12,0,0.9217162728309631,0.1,0.019042473286390305,10.0,31.622776601683793,0.5424662828445435,1.4139712998293488,0.14474436594725248,exact_deterministic_ggn_2b,torch.float64,4.9623554332356434e-06,6.081388193024395e-08,7.959254951011074e-15,7.77044760099647e-13,symmetrized_jacobi_fullfp64_chunked,1024,0.058569326996803284,-0.031184881925582886,0.030601391568779945,0.005780509971944202,119,491520,2432.7426491118968,491520,1.0,1e-06,paper_sgd_momentum_1e-6,3.61909818649292,0.13336563110351562,0.32730066776275635,0.5459172129631042,0.3266606628894806,-1.4858505725860596,0.04507946968078613
14,0,-1.609678864479065,-0.8016881346702576,-1.5771363973617554,-3.1351187229156494,0.02995661459863186,0.0,1.0,1.0,512,0.012974633789062497,0.9735082387924194,989.95,0.0,203,0.7576050758361816,0.3026742935180664,7.123659099247065e-13,0,0.6599744558334351,0.1,0.1877063661813736,10.0,31.622776601683793,0.7576050758361816,1.414160304338336,0.05485116593927358,exact_deterministic_ggn_2b,torch.float64,1.1096602065663319e-05,6.881664376123808e-07,5.669916110645608e-15,7.946143165195812e-13,symmetrized_jacobi_fullfp64_chunked,1024,0.04381858929991722,-0.04356996715068817,0.029656149446964264,0.008649755859374999,129,532480,2635.040349789895,532480,1.0,1e-06,paper_sgd_momentum_1e-6,10.0,0.10000000149011612,-0.1986277550458908,0.040738098323345184,-0.15740278363227844,-1.547329306602478,0.0405966155230999
14,0,-1.6044843196868896,-1.3838176727294922,-1.5916178226470947,-2.763718605041504,0.00907276663929224,0.0,1.0,1.0,512,0.01300614743687445,0.9923167824745178,1000.0,0.0,203,0.4760007858276367,0.36949411034584045,8.566022715977777e-13,0,1.0,0.1,0.0401519238948822,10.0,31.622776601683793,0.4760007858276367,1.4134776501338286,0.08201074498689422,exact_deterministic_ggn_2b,torch.float64,3.125178409391083e-05,3.3960469636440394e-07,1.2362014320329656e-14,7.573229255125639e-13,symmetrized_jacobi_fullfp64_chunked,1024,0.06368999183177948,-0.00793224386870861,0.008168971166014671,0.008670764957916301,139,573440,2837.253427777905,573440,1.0,1e-06,paper_sgd_momentum_1e-6,3.662787437438965,0.10000000149011612,-0.48664700984954834,-0.3779265880584717,-0.4749046266078949,-1.567513346672058,0.010086029767990112
14,0,-1.573796272277832,-1.2699187994003296,-1.5662437677383423,-2.4153215885162354,0.005397379864007235,0.0,1.0,1.0,512,0.0001,0.4564787745475769,1000.0,0.0,203,0.3283904492855072,2.2274744510650635,1.2197699717220037e-12,0,1.0,0.1,0.021538782864809036,10.0,31.622776601683793,0.3283904790878296,1.4142099937886703,0.066970718604608,exact_deterministic_ggn_2b,torch.float64,1.1137371025427001e-08,1.076939145500111e-11,2.034689452806598e-14,7.410764117120055e-13,symmetrized_jacobi_fullfp64_chunked,1024,0.06853426992893219,0.004085526801645756,0.0036283163353800774,0.0001,149,614400,3039.511420145631,614400,1.0,1e-06,paper_sgd_momentum_1e-6,10.0,0.10000000149011612,-0.7806823253631592,-0.687511682510376,-0.7588246464729309,-1.550984501838684,0.007858538068830967
14,0,-1.5215966701507568,-1.1082324981689453,-1.516550898551941,-2.088775157928467,0.0028386302292346954,0.0,1.0,1.0,512,0.0129746337890625,0.9151222705841064,1000.0,0.0,203,0.4938841164112091,0.6353035569190979,9.121640902312999e-13,0,1.0,0.1,0.013588659465312958,10.0,31.622776601683793,0.4938841462135315,1.413755538342473,0.04642876807800238,exact_deterministic_ggn_2b,torch.float64,5.347385740606114e-05,1.1437651181722686e-07,2.093744341641824e-14,1.0499727851896712e-12,symmetrized_jacobi_fullfp64_chunked,1024,0.06035593897104263,-0.05224723368883133,0.0023132897913455963,0.008649755859375,159,655360,3241.931763642002,655360,1.0,1e-06,paper_sgd_momentum_1e-6,3.445587158203125,0.29737427830696106,-0.9581395387649536,-0.8711963295936584,-0.9194128513336182,-1.5117735862731934,0.011177130974829197
14,0,-1.446927547454834,-1.2998535633087158,-1.445870280265808,-1.8472576141357422,0.0007180585525929928,0.0,1.0,1.0,512,0.00015000000000000004,0.5436363220214844,1000.0,0.0,203,0.45749595761299133,5.710562705993652,8.223405667432216e-13,0,1.0,0.1,0.009428580291569233,10.0,31.622776601683793,0.45749595761299133,1.4142126224141967,0.03319996252237128,exact_deterministic_ggn_2b,torch.float64,6.424383514058718e-08,1.0607154043995592e-11,1.3116434902224105e-14,1.0649705209486032e-12,symmetrized_jacobi_fullfp64_chunked,1024,0.08032393455505371,0.0002507045865058899,0.0006775479996576905,0.00010000000000000003,169,696320,3444.5339767849073,696320,1.0,1e-06,paper_sgd_momentum_1e-6,10.0,0.10000000149011612,-1.0746433734893799,-1.0291297435760498,-1.059045433998108,-1.4378503561019897,0.0024020045530050993
14,0,-1.3759498596191406,-1.2203943729400635,-1.3689948320388794,-1.646626591682434,0.0010670482879504561,0.0,1.0,1.0,512,0.00022500000000000005,0.4879148304462433,1000.0,0.0,203,0.47114700078964233,6.140688896179199,1.3001119843280777e-12,0,1.0,0.1,0.043449342250823975,10.0,31.622776601683793,0.47114700078964233,1.414213562200814,0.04746369073989068,exact_deterministic_ggn_2b,torch.float64,1.5543618303581752e-07,1.0998114224891609e-10,1.9725024703294616e-14,7.463440868292313e-13,symmetrized_jacobi_fullfp64_chunked,1024,0.08811022341251373,-0.020670011639595032,0.0009405864402651787,0.00015000000000000004,179,737280,3647.0673232707195,737280,1.0,1e-06,paper_sgd_momentum_1e-6,9.055509567260742,0.10000000149011612,-1.149000644683838,-1.0799363851547241,-1.115882396697998,-1.3643255233764648,0.003430143231526017
14,0,-1.300522804260254,-1.272400975227356,-1.295989751815796,-1.5230824947357178,0.0004162670811638236,0.0,1.0,1.0,512,0.0001,0.39156097173690796,1000.0,0.0,203,0.5527228713035583,10.490049362182617,3.802419913242048e-13,0,0.9046124815940857,0.1,0.03094273805618286,10.0,31.622776601683793,0.5527228713035583,1.4142135623379573,0.11607253773152916,exact_deterministic_ggn_2b,torch.float64,4.292128252814109e-08,1.26605887232345e-11,4.786633765488884e-15,2.4048332401176514e-13,symmetrized_jacobi_fullfp64_chunked,1024,0.06510303914546967,-0.056604184210300446,0.0003630459541454911,0.0001,189,778240,3849.074469405692,778240,1.0,1e-06,paper_sgd_momentum_1e-6,3.2109668254852295,0.19484275579452515,-1.1226778030395508,-1.057618498802185,-1.1002867221832275,-1.292859435081482,0.0019439002498984337
14,0,-1.2344526052474976,-1.0748827457427979,-1.2302041053771973,-1.3805100917816162,0.00044844517833553255,0.0,1.0,1.0,512,0.0001,0.4154148995876312,1000.0,0.0,203,0.4576404094696045,11.012264251708984,9.101746644103543e-13,0,1.0,0.1,0.0408019982278347,10.0,31.622776601683793,0.4576404094696045,1.4142135623730945,0.09973706550033064,exact_deterministic_ggn_2b,torch.float64,5.5061317283389144e-08,2.0400998598790743e-11,1.1348422850692693e-14,5.619660243219344e-13,symmetrized_jacobi_fullfp64_chunked,1024,0.06850641965866089,-0.013377595692873001,0.0005743655492551625,0.0001,199,819200,4051.592285913881,819200,1.0,1e-06,paper_sgd_momentum_1e-6,3.171358585357666,0.10000000149011612,-1.1168112754821777,-0.9932621121406555,-1.104037880897522,-1.2598533630371094,0.0012740350794047117
14,0,-1.1720914840698242,-1.082390546798706,-1.1707268953323364,-1.2811095714569092,0.00017910139285959303,0.0,1.0,1.0,512,0.00022500000000000005,0.5160298347473145,1000.0,0.0,203,0.3423667550086975,8.16888427734375,1.227321096552944e-12,0,1.0,0.1,0.005558449309319258,10.0,31.622776601683793,0.3423667550086975,1.4142004648745206,0.10951313336924556,exact_deterministic_ggn_2b,torch.float64,2.0677487100329017e-07,1.4069824298690303e-11,1.7825807738019854e-14,9.779995755097044e-13,symmetrized_jacobi_fullfp64_chunked,1024,0.0916447639465332,-0.0086143147200346,0.00017420548829250038,0.00015000000000000004,209,860160,4253.798702341039,860160,1.0,1e-06,paper_sgd_momentum_1e-6,2.4064128398895264,0.10000000149011612,-1.0792436599731445,-1.0552561283111572,-1.0755244493484497,-1.1689488887786865,0.00023672313545830548
14,0,-1.1146190166473389,-0.7790616750717163,-1.1156681776046753,-1.184340476989746,0.0002638363221194595,0.0,1.0,1.0,512,0.0129746337890625,0.5902372598648071,1000.0,0.0,203,0.49067801237106323,1.3295080661773682,6.712822469433287e-13,0,1.0,0.1,0.3768232762813568,10.0,31.622776601683793,0.49067801237106323,1.4142135597390812,0.0239107485424832,exact_deterministic_ggn_2b,torch.float64,0.00011190544319106266,3.171742719132453e-06,1.9331503097854392e-14,8.584490643981604e-13,symmetrized_jacobi_fullfp64_chunked,1024,0.06206880882382393,-0.019815519452095032,0.00017873544129543006,0.008649755859375,219,901120,4456.255317189731,901120,1.0,1e-06,paper_sgd_momentum_1e-6,7.376653671264648,0.10000000149011612,-1.0573357343673706,-0.8101288676261902,-1.0581328868865967,-1.2643097639083862,0.00137555121909827
14,0,-1.0682244300842285,-1.0148965120315552,-1.0678443908691406,-1.1242592334747314,3.800336708081886e-05,0.0,1.0,1.0,512,0.0001,0.08088506758213043,1000.0,0.0,202,0.3709876537322998,148.0294189453125,4.586428981582322e-13,0,1.0,0.1,0.017998695373535156,10.0,31.622776601683793,0.3709876537322998,1.4142135623730951,0.06521245983576007,exact_deterministic_ggn_2b,torch.float64,7.401470156764844e-07,8.999347274329939e-12,1.6595079613428742e-15,2.3240358892103086e-13,symmetrized_jacobi_fullfp64_chunked,1024,0.10615412890911102,0.0006999671459197998,3.50172704202123e-05,0.0001,229,942080,4658.93065822497,942080,1.0,1e-06,paper_sgd_momentum_1e-6,3.4816884994506836,0.10000000149011612,-1.025026798248291,-1.0009746551513672,-1.0213158130645752,-1.0669773817062378,0.00012308276200201362
14,0,-1.0243669748306274,-0.9247661232948303,-1.0241481065750122,-1.1144909858703613,0.0001083843017113395,0.0,1.0,1.0,512,0.00015000000000000004,0.2346545308828354,1000.0,0.0,203,0.5016472339630127,4.999743461608887,6.039090068986308e-13,0,0.996716320514679,0.1,2.766209602355957,10.0,31.622776601683793,0.5016472339630127,1.4142102150052227,0.11458102535620522,exact_deterministic_ggn_2b,torch.float64,5.5878331295389216e-08,3.0915823234778372e-09,1.0552023698603427e-14,4.440907872200736e-13,symmetrized_jacobi_fullfp64_chunked,1024,0.0759427547454834,-0.028472773730754852,8.673785487189889e-05,0.00010000000000000003,239,983040,4861.365098205861,983040,1.0,1e-06,paper_sgd_momentum_1e-6,2.5962328910827637,0.10000000149011612,-0.99400794506073,-0.9659584760665894,-0.9911332130432129,-1.0490785837173462,0.0002081998682115227
14,0,-0.9878983497619629,-0.890331506729126,-0.9867327213287354,-1.0908867120742798,0.00011792301665991545,0.0,1.0,1.0,512,0.0001,0.612417459487915,1000.0,0.0,203,0.46482986211776733,6.707520484924316,6.529290912535719e-13,0,1.0,0.1,0.005599259398877621,10.0,31.622776601683793,0.4648298919200897,1.414205180824837,0.16761924898251762,exact_deterministic_ggn_2b,torch.float64,3.3537599364308335e-08,2.799629668717718e-12,1.0108397399472906e-14,6.407097374786553e-13,symmetrized_jacobi_fullfp64_chunked,1024,0.1340172290802002,-0.02967357262969017,0.00015110835374798626,0.0001,249,1024000,5063.899609607644,1024000,1.0,1e-06,paper_sgd_momentum_1e-6,1.777889370918274,0.10000000149011612,-0.9072197675704956,-0.8797622919082642,-0.9020285606384277,-0.9851672649383545,0.00044537329813465476
14,0,-0.9552690982818604,-0.9305844306945801,-0.9541058540344238,-1.0136877298355103,4.7557467041769996e-05,0.0,1.0,1.0,512,0.00170859375,0.6033689975738525,1000.0,0.0,203,0.48155099153518677,0.9589842557907104,4.941279715507383e-13,0,1.0,0.1,0.0019903886131942272,10.0,31.622776601683793,0.4815509617328644,1.4130864334251811,0.05661700360098413,exact_deterministic_ggn_2b,torch.float64,1.3997778296470642e-06,2.9052635297510676e-10,1.549232896498431e-14,6.141955839765531e-13,symmetrized_jacobi_fullfp64_chunked,1024,0.04733985662460327,-0.022948194295167923,4.275343962945044e-05,0.0011390625,259,1064960,5266.424155499786,1064960,1.0,1e-06,paper_sgd_momentum_1e-6,4.515407085418701,0.33915644884109497,-0.9003094434738159,-0.8808549642562866,-0.9032407999038696,-0.9532095789909363,7.993929466465488e-05
14,0,-0.9283220767974854,-0.9091857075691223,-0.926169753074646,-1.0134031772613525,0.00010677378304535523,0.0,1.0,1.0,512,0.00010000000000000003,0.43391066789627075,1000.0,0.0,202,0.4823584258556366,41.53681564331055,1.9859557816753037e-12,0,1.0,0.1,0.0007808445952832699,10.0,31.622776601683793,0.4823584258556366,1.414210760105883,0.07698449006403217,exact_deterministic_ggn_2b,torch.float64,2.0768405306625937e-07,3.9042228651420263e-13,1.332520781696888e-14,1.1062267286201517e-12,symmetrized_jacobi_fullfp64_chunked,1024,0.1205439642071724,0.031225204467773438,6.641569780185819e-05,0.0001,269,1105920,5468.839540425688,1105920,1.0,1e-06,paper_sgd_momentum_1e-6,10.0,0.10000000149011612,-0.84758061170578,-0.834434449672699,-0.8444546461105347,-0.9245470762252808,0.0001034512824844569
14,0,-0.9002943634986877,-0.8822435140609741,-0.8995649814605713,-0.9632099270820618,2.559224776632618e-05,0.0,1.0,1.0,512,0.0001,0.46474963426589966,1000.0,0.0,203,0.47331443428993225,33.5821647644043,1.3025240558309493e-12,0,1.0,0.1,0.006213904358446598,10.0,31.622776601683793,0.47331446409225464,1.4142005761173415,0.02503968796358419,exact_deterministic_ggn_2b,torch.float64,1.67910812365335e-07,3.1069521955195967e-12,9.667354569354793e-15,1.351749746878588e-12,symmetrized_jacobi_fullfp64_chunked,1024,0.12437267601490021,-0.036172591149806976,2.3905640773591585e-05,0.0001,279,1146880,5671.711648537777,1146880,1.0,1e-06,paper_sgd_momentum_1e-6,10.0,0.2631972134113312,-0.8440784811973572,-0.8338164687156677,-0.8409122824668884,-0.8984554409980774,6.767109880456701e-05
14,0,-0.8696544766426086,-0.657013475894928,-0.8711686134338379,-1.0938341617584229,0.0006992394919507205,0.0,1.0,1.0,512,0.0001,0.16995078325271606,1000.0,0.0,203,0.17399956285953522,4.717485427856445,2.5001707526011044e-13,0,1.0,0.1,0.07395584136247635,10.0,31.622776601683793,0.17399956285953522,1.4142135623730951,0.09701872151319897,exact_deterministic_ggn_2b,torch.float64,2.3587425346249802e-08,3.697792072543393e-11,4.412747101079498e-15,1.1158606235005721e-13,symmetrized_jacobi_fullfp64_chunked,1024,0.1128585934638977,-0.0011323131620883942,0.000486424018163234,0.0001,289,1187840,5874.6969754430465,1187840,1.0,1e-06,paper_sgd_momentum_1e-6,1.0518044233322144,0.10000000149011612,-0.9607455730438232,-0.8727635741233826,-0.9545844197273254,-1.1072368621826172,0.001120043103583157
14,0,-0.8413013815879822,-0.7552708387374878,-0.8421522974967957,-0.9330714344978333,0.00010903619840973988,0.0,1.0,1.0,512,0.00022500000000000005,0.3572891056537628,1000.0,0.0,203,0.35668954253196716,2.9362144470214844,7.530065619581519e-13,0,1.0,0.1,0.009009144268929958,10.0,31.622776601683793,0.35668957233428955,1.414213542678328,0.06484806425373633,exact_deterministic_ggn_2b,torch.float64,7.432292647990835e-08,2.2804395524711474e-11,1.633665367020484e-14,4.811376308069658e-13,symmetrized_jacobi_fullfp64_chunked,1024,0.07094234228134155,0.00023119989782571793,9.592239803168923e-05,0.00015000000000000004,299,1228800,6077.136353764683,1228800,1.0,1e-06,paper_sgd_momentum_1e-6,4.782444000244141,0.10000000149011612,-0.8963675498962402,-0.8432378172874451,-0.8930573463439941,-0.9288679957389832,0.0002413157490082085
14,0,-0.8161308765411377,-0.7645292282104492,-0.8166167736053467,-0.8449132442474365,2.9348424504860304e-05,0.0,1.0,1.0,512,0.0001,0.2503407597541809,1000.0,0.0,202,0.2767564356327057,6.9750871658325195,1.4653972377270407e-12,0,1.0,0.1,0.20825453102588654,10.0,31.622776601683793,0.2767564058303833,1.414213552631692,0.03900137611419714,exact_deterministic_ggn_2b,torch.float64,3.48754340961932e-08,1.0412726236808112e-10,2.2472720457630306e-14,9.886408190225065e-13,symmetrized_jacobi_fullfp64_chunked,1024,0.07526059448719025,-0.0065202414989471436,2.6489429728826508e-05,0.0001,309,1269760,6279.429355097003,1269760,1.0,1e-06,paper_sgd_momentum_1e-6,6.781193733215332,0.10000000149011612,-0.8578282594680786,-0.8175085186958313,-0.8536887764930725,-0.8740516901016235,0.00010583537368802354
14,0,-0.7897523641586304,-0.7054367661476135,-0.7903655767440796,-0.8150052428245544,6.2724640883971e-05,0.0,1.0,1.0,512,0.0001,0.2543708384037018,1000.0,0.0,203,0.3149491548538208,63.92450714111328,2.3484166982299485e-12,0,1.0,0.1,2.008758544921875,10.0,31.622776601683793,0.3149491548538208,1.4142135623334458,0.05042448439146979,exact_deterministic_ggn_2b,torch.float64,3.1962250091055466e-07,1.0043792464387025e-09,1.2759481780414405e-14,1.5414585365080367e-12,symmetrized_jacobi_fullfp64_chunked,1024,0.08363088965415955,0.013778490014374256,4.331168383941986e-05,0.0001,319,1310720,6481.947642661631,1310720,1.0,1e-06,paper_sgd_momentum_1e-6,6.295660495758057,0.10000000149011612,-0.8769528865814209,-0.7922843098640442,-0.8729775547981262,-0.894625723361969,0.00011345465463818982
14,0,-0.7680065631866455,-0.7144351005554199,-0.768034040927887,-0.7924560308456421,1.2742417311528698e-05,0.0,1.0,1.0,512,0.00015000000000000004,0.8042670488357544,1000.0,0.0,204,0.5857868790626526,14.833232879638672,8.889240653611726e-13,0,0.8535528182983398,0.1,0.0056318677961826324,10.0,31.622776601683793,0.5857868194580078,1.4142032816266221,0.049694584283894214,exact_deterministic_ggn_2b,torch.float64,1.2157636319898302e-07,4.616000290336153e-12,9.72629696648694e-15,8.661934672558724e-13,symmetrized_jacobi_fullfp64_chunked,1024,0.15824072062969208,-0.017294179648160934,1.4676948012493085e-05,0.00010000000000000003,329,1351680,6684.312787794042,1351680,1.0,1e-06,paper_sgd_momentum_1e-6,10.0,0.39555516839027405,-0.8293982744216919,-0.7692829370498657,-0.8303529024124146,-0.8420844078063965,2.5005983843584545e-05
14,0,-0.7473739385604858,-0.7026309370994568,-0.7482119798660278,-0.7641090154647827,1.665486524871085e-05,0.0,1.0,1.0,512,0.0001,0.7306573390960693,1000.0,0.0,203,0.4333122968673706,185.5998077392578,4.377739744137796e-13,0,1.0,0.1,0.1336083710193634,10.0,31.622776601683793,0.4333122670650482,1.4142132102462694,0.07951364054525883,exact_deterministic_ggn_2b,torch.float64,9.279989399146871e-07,6.680418024318513e-11,1.4155930481758548e-15,3.4872581448152774e-13,symmetrized_jacobi_fullfp64_chunked,1024,0.20852039754390717,-0.0462469607591629,2.155482980015222e-05,0.0001,339,1392640,6886.471959884744,1392640,1.0,1e-06,paper_sgd_momentum_1e-6,1.9067623615264893,0.5025299787521362,-0.789306640625,-0.7490507364273071,-0.7909627556800842,-0.7970709204673767,4.171690306975506e-05
14,0,-0.7302112579345703,-0.7017704248428345,-0.7306392192840576,-0.7371336817741394,7.418540917569771e-06,0.0,1.0,1.0,512,0.0057665039062500005,0.01540340669453144,1000.0,0.0,203,0.04322968050837517,0.14661414921283722,2.3932316165314545e-14,0,1.0,0.1,0.001314791152253747,10.0,31.622776601683793,0.04322967678308487,1.4142135623730951,0.11323406559229433,exact_deterministic_ggn_2b,torch.float64,2.4376483906962676e-06,2.18600915147249e-09,9.898236369051006e-16,2.6251532762690016e-14,symmetrized_jacobi_fullfp64_chunked,1024,0.039420969784259796,-0.012399232015013695,9.099866474571172e-06,0.0057665039062500005,349,1433600,7088.39220364904,1433600,1.0,1e-06,paper_sgd_momentum_1e-6,1.8204071521759033,0.10000000149011612,-0.7559317946434021,-0.7311139702796936,-0.7582316398620605,-0.7616839408874512,2.5088513211812824e-05
14,0,-0.7133424282073975,-0.6870936751365662,-0.7140446305274963,-0.7258880138397217,9.261936611437704e-06,0.0,1.0,1.0,512,0.00010000000000000003,0.009527965448796749,1000.0,0.0,203,0.1345665454864502,1.7905566692352295,4.41291049248099e-14,0,1.0,0.1,0.9611248970031738,10.0,31.622776601683793,0.1345665454864502,1.4142135623730694,0.15339807930456442,exact_deterministic_ggn_2b,torch.float64,8.952782515336821e-09,4.80562423188502e-10,1.158084842656247e-15,1.9937470423871836e-14,symmetrized_jacobi_fullfp64_chunked,1024,0.045737676322460175,-0.004335731267929077,9.24915548239369e-06,0.0001,359,1474560,7290.224998538848,1474560,1.0,1e-06,paper_sgd_momentum_1e-6,10.0,0.10000000149011612,-0.7362130880355835,-0.7145158648490906,-0.7373932600021362,-0.7406919002532959,1.471849282097537e-05
9,2,-0.6984966397285461,-0.6829883456230164,-0.6987061500549316,-0.706305205821991,2.1864836980967084e-06,0.0,1.0,1.0,512,0.00022500000000000005,0.0010816077701747417,1000.0,0.0,203,0.19570058584213257,16.118804931640625,3.2204411807317467e-13,0,1.0,0.1,0.4051188826560974,10.0,31.622776601683793,0.19570058584213257,1.4142135623730945,0.24535251648824605,exact_deterministic_ggn_2b,torch.float64,4.0800722445055726e-07,1.0254571636281185e-09,3.3972889811281533e-15,8.875100272590562e-14,symmetrized_jacobi_fullfp64_chunked,1024,0.05661739408969879,0.00167841836810112,3.538998498697765e-06,0.00015000000000000004,369,1515520,7491.986438842025,1515520,1.0,1e-06,paper_sgd_momentum_1e-6,1.8474406003952026,0.10000000149011612,-0.7120082974433899,-0.6989684700965881,-0.7123281955718994,-0.7161620259284973,5.714256531064166e-06
14,0,-0.6818380355834961,-0.40562722086906433,-0.6831150054931641,-0.7016717791557312,0.00017386232502758503,0.0,1.0,1.0,512,0.0001,0.7387035489082336,1000.0,0.0,202,0.3193351626396179,13.590778350830078,3.5320416474858955e-13,0,1.0,0.1,0.16009393334388733,10.0,31.622776601683793,0.31933513283729553,1.4142135623730951,0.0835306099364178,exact_deterministic_ggn_2b,torch.float64,6.795388429736704e-08,8.004696211427742e-11,4.051503515477615e-15,2.949314709655718e-13,symmetrized_jacobi_fullfp64_chunked,1024,0.11371758580207825,-0.013650679029524326,4.6063505578786135e-05,0.0001,379,1556480,7694.599084703717,1556480,1.0,1e-06,paper_sgd_momentum_1e-6,3.8545408248901367,0.10000000149011612,-0.7177064418792725,-0.6839057207107544,-0.7094022631645203,-0.8103622794151306,0.0003417633706703782
14,0,-0.6694113612174988,-0.6428918242454529,-0.6697636246681213,-0.6838382482528687,7.5944781201542355e-06,0.0,1.0,1.0,512,0.0001,0.6023359298706055,1000.0,0.0,203,0.37363988161087036,22.608959197998047,3.5181709033212746e-12,0,1.0,0.1,0.0008536741370335221,10.0,31.622776601683793,0.37363988161087036,1.4142135623730832,0.05892045538701205,exact_deterministic_ggn_2b,torch.float64,1.1304478420015585e-07,4.268370596208215e-13,3.176066688773023e-14,2.260236792346281e-12,symmetrized_jacobi_fullfp64_chunked,1024,0.08938963711261749,-0.010560832917690277,1.186742701975163e-05,0.0001,389,1597440,7896.665829747915,1597440,1.0,1e-06,paper_sgd_momentum_1e-6,3.201978921890259,0.10000000149011612,-0.6893404722213745,-0.6701927781105042,-0.6900390386581421,-0.6962926387786865,1.077530123438919e-05
14,0,-0.6568666696548462,-0.6127281188964844,-0.6573062539100647,-0.6747503280639648,1.040680490405066e-05,0.0,1.0,1.0,512,0.00010000000000000003,0.18909160792827606,1000.0,0.0,203,0.31990882754325867,3.101613998413086,2.7723002680011357e-13,0,1.0,0.1,0.0014249717351049185,10.0,31.622776601683793,0.31990885734558105,1.4142135623730951,0.1288693724274082,exact_deterministic_ggn_2b,torch.float64,1.5508067718883467e-08,7.124858428936287e-13,6.083999537285863e-15,1.9451357508561609e-13,symmetrized_jacobi_fullfp64_chunked,1024,0.05620299279689789,-0.009091171436011791,1.0096381629409734e-05,0.0001,399,1638400,8098.612418817822,1638400,1.0,1e-06,paper_sgd_momentum_1e-6,2.2242729663848877,0.10000000149011612,-0.6695085763931274,-0.6349762678146362,-0.6706150770187378,-0.6871514916419983,0.00012183217768324539
14,0,-0.6454098224639893,-0.6001898050308228,-0.6454366445541382,-0.7013274431228638,2.1044626919319853e-05,0.0,1.0,1.0,512,0.0001,0.36225420236587524,1000.0,0.0,204,0.29524102807044983,15.710958480834961,4.37854911868312e-13,0,1.0,0.1,0.004634102340787649,10.0,31.622776601683793,0.29524099826812744,1.4142135623730943,0.10960392144621538,exact_deterministic_ggn_2b,torch.float64,7.855478401097571e-08,2.3170510649039855e-12,4.712910424646248e-15,2.4383644195872626e-13,symmetrized_jacobi_fullfp64_chunked,1024,0.05609948933124542,0.014053026214241982,3.0427654564846307e-05,0.0001,409,1679360,8300.401390556712,1679360,1.0,1e-06,paper_sgd_momentum_1e-6,3.4619483947753906,0.10000000149011612,-0.6596499681472778,-0.6404529213905334,-0.655063807964325,-0.7233496308326721,0.0002799028588924557
14,0,-0.6341263055801392,-0.6167062520980835,-0.6342896223068237,-0.6463066339492798,6.1057976381562185e-06,0.0,1.0,1.0,512,0.0005062500000000001,1.0541435480117798,1000.0,0.0,202,0.5223673582077026,4.02913761138916,1.11057033777767e-12,0,0.9571807980537415,0.1,0.0002232830156572163,10.0,31.622776601683793,0.5223673582077026,1.4142133200193636,0.10503341574439821,exact_deterministic_ggn_2b,torch.float64,4.7304249051194347e-07,2.6214629425536096e-12,2.2557168395348424e-14,9.251581404571862e-13,symmetrized_jacobi_fullfp64_chunked,1024,0.04419580474495888,-0.029395248740911484,7.604902293678606e-06,0.00033750000000000007,419,1720320,8502.416176214814,1720320,1.0,1e-06,paper_sgd_momentum_1e-6,3.790708541870117,0.3745352029800415,-0.6408103108406067,-0.6338037252426147,-0.640307605266571,-0.6483142375946045,9.173426406050567e-06
14,0,-0.6240341663360596,-0.5333471298217773,-0.6239348649978638,-0.6841955184936523,8.198320574592799e-05,0.0,1.0,1.0,512,0.0005062500000000001,0.8368785381317139,1000.0,0.0,203,0.5401139259338379,1.4232069253921509,4.080666346611179e-13,0,0.9257305264472961,0.1,0.011201840825378895,10.0,31.622776601683793,0.5401139855384827,1.4135797243243793,0.11595642786072469,exact_deterministic_ggn_2b,torch.float64,1.5629220229129714e-07,1.2301518137469714e-10,1.2023525154526642e-14,3.5717043000761534e-13,symmetrized_jacobi_fullfp64_chunked,1024,0.06596426665782928,-0.02899295836687088,6.710883462801576e-05,0.00033750000000000007,429,1761280,8704.416809961665,1761280,1.0,1e-06,paper_sgd_momentum_1e-6,2.9146668910980225,0.20419374108314514,-0.6245474815368652,-0.5884541869163513,-0.6253105401992798,-0.6608916521072388,0.0001279924181289971
14,0,-0.6157822608947754,-0.5702133178710938,-0.6151850819587708,-0.7186176776885986,7.0764115662314e-05,0.0,1.0,1.0,512,0.00022500000000000005,0.6457697153091431,1000.0,0.0,203,0.5087571740150452,2.2121529579162598,8.108031375049442e-13,0,0.9827871322631836,0.1,0.045992862433195114,10.0,31.622776601683793,0.5087571740150452,1.4140535344125942,0.09104862180163847,exact_deterministic_ggn_2b,torch.float64,5.40840368046247e-08,1.1244610104155228e-10,1.9743289061601445e-14,1.267875755816315e-12,symmetrized_jacobi_fullfp64_chunked,1024,0.05562450364232063,0.09648478031158447,5.086076271254569e-05,0.00015000000000000004,439,1802240,8906.201751696877,1802240,1.0,1e-06,paper_sgd_momentum_1e-6,6.7691330909729,0.10000000149011612,-0.5686531066894531,-0.5384858250617981,-0.5689048767089844,-0.6142147183418274,4.124696715734899e-05
14,1,-0.6077579259872437,-0.5712564587593079,-0.606590747833252,-0.6446479558944702,2.413501169939991e-05,0.0,1.0,1.0,512,0.0005062500000000001,0.01485341228544712,1000.0,0.0,203,0.26327452063560486,9.234700202941895,8.609257558550128e-13,0,1.0,0.1,0.00037126417737454176,10.0,31.622776601683793,0.26327452063560486,1.4142135623730951,0.07174753261386385,exact_deterministic_ggn_2b,torch.float64,1.1833764119728585e-06,4.7575476544436945e-12,1.1995649573234781e-14,3.766635901450714e-13,symmetrized_jacobi_fullfp64_chunked,1024,0.06470027565956116,0.0031419172883033752,2.113435766659677e-05,0.00033750000000000007,449,1843200,9107.993282801006,1843200,1.0,1e-06,paper_sgd_momentum_1e-6,1.2403948307037354,0.10000000149011612,-0.5743568539619446,-0.5677139163017273,-0.5725345611572266,-0.605910062789917,3.472080425126478e-05
14,0,-0.5984674096107483,-0.5834048390388489,-0.598191499710083,-0.6266888380050659,2.107498403347563e-05,0.0,1.0,1.0,512,0.0001,0.47345679998397827,1000.0,0.0,203,0.5562875270843506,8.987167358398438,7.836200090062111e-12,0,0.8988157510757446,0.1,0.023528311401605606,10.0,31.622776601683793,0.5562875270843506,1.4129101471096217,0.03864107584471601,exact_deterministic_ggn_2b,torch.float64,3.630229983286881e-08,9.5039054751056e-12,1.066652790761603e-13,6.275250563036399e-12,symmetrized_jacobi_fullfp64_chunked,1024,0.07392968237400055,-0.00041352584958076477,1.327055178990122e-05,0.0001,459,1884160,9309.70109157497,1884160,1.0,1e-06,paper_sgd_momentum_1e-6,4.970031261444092,0.12305248528718948,-0.5738292932510376,-0.565228283405304,-0.5732033848762512,-0.5977019667625427,2.3329548639594577e-05
14,0,-0.5915378928184509,-0.5752480626106262,-0.5909236669540405,-0.6394359469413757,3.47664717992302e-05,0.0,1.0,1.0,512,0.0001,0.6369674205780029,1000.0,0.0,203,0.5256070494651794,8.187374114990234,1.1764403592423992e-12,0,0.9512810111045837,0.1,0.04902239516377449,10.0,31.622776601683793,0.5256070494651794,1.4142135623730951,0.029888181443505947,exact_deterministic_ggn_2b,torch.float64,3.704522910652486e-08,2.2181053868641776e-11,1.6894032616280743e-14,8.042188162839417e-13,symmetrized_jacobi_fullfp64_chunked,1024,0.06008566915988922,-0.026999816298484802,2.196385685238056e-05,0.0001,469,1925120,9511.69738432765,1925120,1.0,1e-06,paper_sgd_momentum_1e-6,4.0160112380981445,0.12322986871004105,-0.5485883951187134,-0.5389143228530884,-0.5478641986846924,-0.5900339484214783,2.9289196390891448e-05
14,0,-0.5830326080322266,-0.5577324628829956,-0.5830348134040833,-0.6085112690925598,4.0454990084981546e-05,0.0,1.0,1.0,512,0.0001,1.2805280685424805,1000.0,0.0,203,0.5616146922111511,12.250701904296875,7.593619747535272e-12,0,0.8902900815010071,0.1,0.010537724941968918,10.0,31.622776601683793,0.5616146922111511,1.413996179699869,0.06219899980580279,exact_deterministic_ggn_2b,torch.float64,4.855053603591841e-08,4.176186740173504e-12,8.876943553011239e-14,8.028181285718438e-12,symmetrized_jacobi_fullfp64_chunked,1024,0.06856302917003632,-0.019196338951587677,2.7857911845785566e-05,0.0001,479,1966080,9713.523130716756,1966080,1.0,1e-06,paper_sgd_momentum_1e-6,10.0,0.2232441008090973,-0.5659372806549072,-0.5528244972229004,-0.565237283706665,-0.5825610160827637,3.408418342587538e-05
14,0,-0.575351893901825,-0.5617610812187195,-0.5757841467857361,-0.5873752236366272,1.1575200005609076e-05,0.0,1.0,1.0,512,0.0001,0.43328309059143066,1000.0,0.0,203,0.4053209722042084,14.083274841308594,6.384398428430869e-11,0,1.0,0.1,0.4422270655632019,10.0,31.622776601683793,0.405320942401886,1.4079046367238357,0.01402630934426934,exact_deterministic_ggn_2b,torch.float64,7.041636962412667e-08,2.2111353026321723e-10,7.119419326028132e-13,5.4867323581665974e-11,symmetrized_jacobi_fullfp64_chunked,1024,0.05938555672764778,0.027058593928813934,8.855788109940477e-06,0.0001,489,2007040,9915.41482675774,2007040,1.0,1e-06,paper_sgd_momentum_1e-6,4.851184368133545,0.10000000149011612,-0.5618009567260742,-0.5579384565353394,-0.5612594485282898,-0.5749770402908325,4.655697921407409e-06
