action_max,action_min,actor_direction_l2,actor_kernel_mode,actor_relative_solve_residual,actor_system_rows,adv_avg,adv_max,adv_med,adv_min,adv_var,clipfrac,curr_lr,entropy,eplenmean,eprewmean,fps,grad_norm,head_critic_cholesky_info_max,head_critic_curvature_coef,head_critic_direction_l2,head_critic_ggn_quadratic,head_critic_jacobi_scale_max,head_critic_jacobi_scale_min,head_critic_kernel_mode,head_critic_linear_solve_dtype,head_critic_objective_coef,head_critic_relative_solve_residual,head_critic_solve_residual,head_critic_solver_mode,head_critic_system_rows,head_history_projection_l2,head_parameter_delta_l2,head_to_actor_update_ratio,kl,loss_pi,loss_v,lr,misc/nupdates,misc/serial_timesteps,misc/time_elapsed,misc/total_timesteps,optimizer_history_correction,optimizer_momentum,paper_clip_scale,paper_critic_relative_solve_residual,paper_shared_critic_direction_l2,policy_parameter_delta_l2,post_shared_to_post_head_policy_kl,post_shared_to_post_head_policy_logit_max_abs,ratio_max,ratio_min,ret_avg,ret_max,ret_med,ret_min,ret_var,shared_parameter_delta_l2,shared_to_actor_update_ratio
14,0,0.1374630481004715,paper_sampled_policy_value_score,6.514301844617876e-07,512,0.027080586180090904,0.057717908173799515,0.027907807379961014,0.0023810442071408033,5.0370043027214706e-05,0.0,0.5,2.635622501373291,25.53,0.0,1498,0.1389693021774292,0,0.1,0.004060043953359127,2.0795458112843335e-05,1.4139111254923302,1.413739519683644,deterministic_value_head_jacobian_b,torch.float64,1.0,4.917199194603686e-16,2.4015136858297307e-16,symmetric_jacobi_cholesky_fp64,512,0.11739706993103027,0.002030014991760254,0.014767713844776154,0.012963902205228806,-0.02838897705078125,0.00010861679766094312,0.5,9,40960,27.676202941220254,40960,1.0,1e-06,1.0,6.460135182351223e-07,0.008397480472922325,0.041732873767614365,0.0,0.0,1.3771448135375977,0.6898057460784912,0.026497330516576767,0.04523909464478493,0.026158511638641357,0.007108088117092848,2.6531723051448353e-05,0.05491224676370621,0.39946913719177246
14,0,0.5627346634864807,paper_sampled_policy_value_score,1.8296939288120484e-06,512,-0.029660135507583618,33.00405502319336,-0.15095923840999603,-2.920012950897217,2.4267187118530273,0.0,0.0001,2.299278497695923,35.47,0.01,1500,6.30271577835083,0,0.1,0.6454238295555115,0.7774918079376221,1.4057939117806568,1.3367590845221131,deterministic_value_head_jacobian_b,torch.float64,1.0,9.932513925615117e-16,1.3915751029475046e-13,symmetric_jacobi_cholesky_fp64,512,1.0587648153305054,5.123815753904637e-06,9.105207027459983e-06,0.05073725804686546,0.02633783221244812,4.425193786621094,0.0001,19,81920,55.36863885214552,81920,1.0,1e-06,0.07933086901903152,1.2458543096727226e-05,6.137486457824707,2.2259912384470226e-06,0.0,0.0,1.9476662874221802,0.3462049663066864,0.27285969257354736,34.82543182373047,-0.049091238528490067,-0.14834313094615936,3.8832130432128906,4.848068783758208e-05,8.615195110905915e-05
14,0,0.6045849919319153,paper_sampled_policy_value_score,8.67038238538953e-07,512,0.09274661540985107,29.87725257873535,-0.18261215090751648,-1.0478898286819458,4.091433048248291,0.0,0.22168378200531003,2.4541783332824707,38.99,0.01,1482,3.1939890384674072,0,0.1,0.5184369087219238,0.24206413328647614,1.4099190773711623,1.3646834754895079,deterministic_value_head_jacobian_b,torch.float64,1.0,3.900631112353e-16,3.811475238874229e-14,symmetric_jacobi_cholesky_fp64,512,0.8069160580635071,0.017991458997130394,0.029758362099528313,0.0272178053855896,0.03403483331203461,2.8816397190093994,0.22168378200531003,29,122880,83.92882360517979,122880,1.0,1e-06,0.1565440148115158,4.917649221169995e-06,2.7334060668945312,0.012221085838973522,0.0,0.0,1.6592720746994019,0.31329840421676636,0.20549654960632324,29.93659019470215,-0.13514164090156555,-0.1703042984008789,4.687789440155029,0.10047078132629395,0.16618140041828156
14,0,0.3973398208618164,paper_sampled_policy_value_score,6.577218414349773e-07,512,-0.1709144562482834,0.712558925151825,-0.16900548338890076,-2.5735418796539307,0.02439088746905327,0.0,0.00022554649486628797,2.5627503395080566,68.9,0.0,1460,0.39554187655448914,0,0.1,0.06389890611171722,0.009264531545341015,1.4135138532337728,1.3822204696666418,deterministic_value_head_jacobian_b,torch.float64,1.0,5.462935002429147e-16,3.126770982524795e-15,symmetric_jacobi_cholesky_fp64,512,0.35874199867248535,1.441141648683697e-05,3.6269750125939026e-05,0.05712505802512169,-0.014076958410441875,0.003097944427281618,0.00015036432991085864,39,163840,112.28096905490384,163840,1.0,1e-06,1.0,7.087768949531892e-07,0.048664387315511703,3.5743047192227095e-05,0.0,0.0,2.581718921661377,0.15239658951759338,-0.061409421265125275,1.3155646324157715,-0.15361541509628296,-0.21979568898677826,0.043908581137657166,8.137144322972745e-05,0.00020479055820032954
14,0,0.25800636410713196,paper_sampled_policy_value_score,5.510062237590319e-07,512,-0.08091583847999573,31.143882751464844,-0.1743880957365036,-6.393520355224609,2.6154468059539795,0.0,0.5,2.6417903900146484,54.61,0.02,1502,4.570949077606201,0,0.1,0.7716897130012512,1.0858436822891235,1.4137326164485131,1.3655837499412038,deterministic_value_head_jacobian_b,torch.float64,1.0,3.332455617985684e-16,1.409009000884201e-14,symmetric_jacobi_cholesky_fp64,512,0.9410809874534607,0.04220614209771156,0.16358566284179688,0.005500728730112314,0.04051097109913826,0.49084633588790894,0.5,49,204800,139.72427507815883,204800,1.0,1e-06,0.10938645154237747,5.917372618569061e-07,4.37144136428833,0.008175206370651722,0.0,0.0,1.5071340799331665,0.44909989833831787,0.26355499029159546,31.536209106445312,-0.07602394372224808,-0.29134154319763184,2.596794843673706,0.23927493393421173,0.9273993372917175
14,0,0.4338582456111908,paper_sampled_policy_value_score,1.6474202766403323e-06,512,-0.19028478860855103,0.087003692984581,-0.1713820844888687,-1.0758060216903687,0.008364983834326267,0.0,0.003844335937499999,2.439940929412842,41.06,0.0,1484,0.43657711148262024,0,0.1,0.043691713362932205,0.004623538814485073,1.412863076488469,1.3455971910363647,deterministic_value_head_jacobian_b,torch.float64,1.0,5.575477708150042e-16,2.7071203985585666e-15,symmetric_jacobi_cholesky_fp64,512,0.7544319033622742,0.0001679655397310853,0.0003871438093483448,0.15041770040988922,-0.2090815156698227,0.0021634860895574093,0.002562890624999999,59,245760,167.2977970931679,245760,1.0,1e-06,1.0,9.179264566228085e-07,0.050224799662828445,0.0007544615073129535,0.0,0.0,8.319148063659668,0.10000000149011612,-0.11529389023780823,0.380621075630188,-0.17354696989059448,-0.26861798763275146,0.01696844771504402,0.0014798284973949194,0.003410857170820236
14,0,0.40877145528793335,paper_sampled_policy_value_score,7.883834769017994e-06,512,-0.16673578321933746,2.277961492538452,-0.15399891138076782,-4.761094570159912,0.10982979089021683,0.0,0.0007593749999999997,1.1275842189788818,169.75,0.05,1499,0.5991259217262268,0,0.1,0.09618664532899857,0.09194789826869965,1.3934297893937324,1.1137101201409627,deterministic_value_head_jacobian_b,torch.float64,1.0,1.8297378355998893e-15,1.8606356443922594e-14,symmetric_jacobi_cholesky_fp64,512,1.3632481098175049,6.095617573009804e-05,0.0001491204311605543,0.0536283403635025,-0.07677978277206421,0.01485309936106205,0.0005062499999999999,69,286720,194.7560526803136,286720,1.0,1e-06,0.8345476984977722,7.301556252059527e-06,0.1966744363307953,0.00011751770944101736,0.0,0.0,4.588562488555908,0.3151002824306488,-0.11744491755962372,3.02750563621521,-0.2177131325006485,-0.5249398946762085,0.1466728150844574,0.00026587891625240445,0.0006504341727122664
14,0,0.3596664071083069,paper_sampled_policy_value_score,1.109008735511452e-06,512,-0.28431397676467896,1.6926440000534058,-0.23799629509449005,-4.115498065948486,0.243214413523674,0.0,0.09852612533569333,2.62725830078125,48.06,0.0,1492,2.071436643600464,0,0.1,0.22126822173595428,0.48800718784332275,1.4136520236916261,1.39065613427528,deterministic_value_head_jacobian_b,torch.float64,1.0,6.076831276850392e-16,1.692298193155705e-14,symmetric_jacobi_cholesky_fp64,512,1.4337023496627808,0.005262210499495268,0.014630809426307678,0.03667343407869339,-0.027716653421521187,0.18879525363445282,0.09852612533569333,79,327680,222.93995173228905,327680,1.0,1e-06,0.24137826263904572,2.877662382161361e-06,1.8100314140319824,0.004336486104875803,0.0,0.0,3.354417085647583,0.3669796884059906,0.8981717824935913,4.436743259429932,-0.09824366867542267,-0.2132345288991928,2.254438638687134,0.043708574026823044,0.12152531743049622
14,0,0.3531242609024048,paper_sampled_policy_value_score,1.0457605412739213e-06,512,-0.06702646613121033,21.81116485595703,-0.2297392636537552,-7.457511901855469,2.8012070655822754,0.0,0.5,2.6615891456604004,52.35,0.01,1506,6.328220367431641,0,0.1,1.1484993696212769,4.382282733917236,1.413620621042688,1.3971565554879575,deterministic_value_head_jacobian_b,torch.float64,1.0,6.382239628428402e-16,5.797014765536467e-14,symmetric_jacobi_cholesky_fp64,512,1.7550835609436035,0.04537208005785942,0.12848757207393646,0.002763217780739069,0.00669257715344429,1.2265832424163818,0.5,89,368640,251.02197953825817,368640,1.0,1e-06,0.07901114225387573,3.117513415418216e-06,6.0770182609558105,0.008388550020754337,0.0,0.0,1.797987937927246,0.6251445412635803,0.9674501419067383,26.56599998474121,-0.1104123592376709,-0.3644512891769409,5.598390102386475,0.24041013419628143,0.6808089017868042
14,0,0.3510775864124298,paper_sampled_policy_value_score,1.1612902426350047e-06,512,-0.12035941332578659,12.44010066986084,-0.22482606768608093,-2.694699287414551,1.0887477397918701,0.0,0.5,2.6523635387420654,62.66,0.03,1441,1.475050926208496,0,0.1,0.523517906665802,0.21126189827919006,1.413758664343321,1.386136570203842,deterministic_value_head_jacobian_b,torch.float64,1.0,5.550244083553792e-16,2.6653268025217397e-14,symmetric_jacobi_cholesky_fp64,512,0.4879061281681061,0.08872872591018677,0.252732515335083,0.027245953679084778,0.0869540274143219,0.2676353454589844,0.5,99,409600,279.24702451424673,409600,1.0,1e-06,0.3389711380004883,4.6456833047159307e-07,1.295838713645935,0.033843185752630234,0.0,0.0,3.8648319244384766,0.353378564119339,0.34294426441192627,14.120299339294434,-0.1125183254480362,-0.4852241277694702,1.8968859910964966,0.23391883075237274,0.6662881374359131
14,0,0.42538708448410034,paper_sampled_policy_value_score,1.1071160770370625e-06,512,-0.0009557623416185379,10.229686737060547,-0.1782781481742859,-5.65748405456543,0.7721335291862488,0.0,0.5,2.631288528442383,52.32,0.05,1493,1.58401358127594,0,0.1,0.4035250246524811,0.2786060571670532,1.4138097927803797,1.377228223543728,deterministic_value_head_jacobian_b,torch.float64,1.0,5.173485052080496e-16,1.7348240349820912e-14,symmetric_jacobi_cholesky_fp64,512,1.285121202468872,0.0636870414018631,0.14971549808979034,0.007628327701240778,0.10653383284807205,0.18154264986515045,0.5,109,450560,307.513322039973,450560,1.0,1e-06,0.3156536817550659,8.620713174423145e-07,1.3945353031158447,0.04522997513413429,0.0,0.0,2.215785264968872,0.40429630875587463,0.9149434566497803,11.879373550415039,-0.2409193068742752,-0.672525942325592,4.003945350646973,0.2314080446958542,0.5439940690994263
14,0,0.40601596236228943,paper_sampled_policy_value_score,9.861211083261878e-07,512,-0.18669196963310242,7.834612846374512,-0.26209160685539246,-6.309382915496826,0.580511212348938,0.0,0.5,2.5259037017822266,73.37,0.13,1497,2.410806179046631,0,0.1,0.5852431058883667,1.1841838359832764,1.4134734092196508,1.3847637807026383,deterministic_value_head_jacobian_b,torch.float64,1.0,4.4049592060995e-16,2.0236760420157716e-14,symmetric_jacobi_cholesky_fp64,512,2.1331331729888916,0.060689471662044525,0.1494755744934082,0.014375037513673306,0.006932169198989868,0.3790507912635803,0.5,119,491520,335.6371989659965,491520,1.0,1e-06,0.2073994129896164,7.083980335664819e-07,2.1027462482452393,0.023805605247616768,0.0,0.0,2.7101058959960938,0.3328166902065277,1.4242264032363892,9.555937767028809,0.6651917099952698,-0.3360256552696228,4.540060520172119,0.2199239283800125,0.5416632294654846
14,0,0.3421909809112549,paper_sampled_policy_value_score,7.799523018547916e-07,512,-0.29719603061676025,5.398245334625244,-0.36175426840782166,-5.759593486785889,0.4279688596725464,0.0,0.5,2.5513076782226562,57.98,0.13,1499,1.5286214351654053,0,0.1,0.39426854252815247,0.3457528054714203,1.4136516930692244,1.3933109128162298,deterministic_value_head_jacobian_b,torch.float64,1.0,4.616980457194807e-16,1.6048425571040652e-14,symmetric_jacobi_cholesky_fp64,512,1.1879527568817139,0.0644809678196907,0.1884356141090393,0.02457403764128685,-0.010155370458960533,0.24239963293075562,0.5,129,532480,363.33835067087784,532480,1.0,1e-06,0.32709190249443054,5.158013891559676e-07,1.3256115913391113,0.03235054388642311,0.0,0.0,2.8476874828338623,0.24737827479839325,1.306784987449646,7.720385551452637,0.11392795294523239,-0.3952900171279907,4.300225734710693,0.2197515368461609,0.6421897411346436
14,0,0.22042492032051086,paper_sampled_policy_value_score,1.2221178167237667e-06,512,-0.24785888195037842,4.825953483581543,-0.2890833914279938,-12.313920974731445,0.6264955997467041,0.0,0.5,2.588669776916504,74.75,0.3,1504,1.2991218566894531,0,0.1,0.3994179368019104,0.18699680268764496,1.4138523226035407,1.395147849047956,deterministic_value_head_jacobian_b,torch.float64,1.0,4.810055650198657e-16,1.8306996777102496e-14,symmetric_jacobi_cholesky_fp64,512,1.4307461977005005,0.07686300575733185,0.3487038016319275,0.038647182285785675,-0.038777098059654236,0.2861631214618683,0.5,139,573440,390.77534973900765,573440,1.0,1e-06,0.38487508893013,7.208504939626437e-07,1.1338961124420166,0.019141752272844315,0.0,0.0,5.610366344451904,0.10000000149011612,0.8941853046417236,6.5783610343933105,-0.11231549084186554,-0.698684811592102,2.542616128921509,0.2189079076051712,0.9931178092956543
14,0,0.378585547208786,paper_sampled_policy_value_score,5.518415377991914e-07,512,-0.3951224386692047,3.633347749710083,-0.3478168249130249,-3.6347343921661377,0.23108066618442535,0.0,0.5,2.5769639015197754,67.55,0.22,1495,1.159261703491211,0,0.1,0.28703299164772034,0.14273157715797424,1.4137219148252977,1.4012190573394374,deterministic_value_head_jacobian_b,torch.float64,1.0,5.255633299852394e-16,1.309910682767579e-14,symmetric_jacobi_cholesky_fp64,512,1.07207453250885,0.06189984083175659,0.16350291669368744,0.008237231522798538,-0.03618886321783066,0.13452626764774323,0.5,149,614400,418.7140288250521,614400,1.0,1e-06,0.4313086271286011,5.325061351868499e-07,0.9307101368904114,0.03952401876449585,0.0,0.0,1.899857759475708,0.516927182674408,0.5818485617637634,5.611445426940918,-0.26112326979637146,-0.43766748905181885,1.8278818130493164,0.20937137305736542,0.5530358552932739
14,0,0.265542596578598,paper_sampled_policy_value_score,1.098756342798879e-06,512,-0.3921566605567932,5.783261299133301,-0.37908756732940674,-7.0186309814453125,0.7139928936958313,0.0,0.5,2.606234550476074,61.66,0.08,1490,2.1541593074798584,0,0.1,0.6480088829994202,0.4320962131023407,1.413621992718134,1.404512172063155,deterministic_value_head_jacobian_b,torch.float64,1.0,4.930847088932345e-16,1.9608704347193974e-14,symmetric_jacobi_cholesky_fp64,512,0.8550227284431458,0.07520429790019989,0.2832099199295044,0.006528915371745825,-0.045937053859233856,0.2363155633211136,0.5,159,655360,446.84541104221717,655360,1.0,1e-06,0.23210901021957397,6.200112920851097e-07,2.0021796226501465,0.013742709532380104,0.0,0.0,1.6737767457962036,0.711544930934906,0.946582555770874,10.716241836547852,-0.0835532397031784,-0.41481414437294006,4.8266754150390625,0.23656335473060608,0.8908678293228149
14,0,0.2787952423095703,paper_sampled_policy_value_score,1.0237716878691572e-06,512,-0.29478323459625244,14.740096092224121,-0.25792601704597473,-11.825933456420898,1.5707353353500366,0.0,0.5,2.49259352684021,73.23,0.4,1499,4.436063289642334,0,0.1,1.0200166702270508,5.471176624298096,1.4128824829465685,1.3829321196402677,deterministic_value_head_jacobian_b,torch.float64,1.0,5.461972423338989e-16,3.2523822955622733e-14,symmetric_jacobi_cholesky_fp64,512,2.929107427597046,0.05748426169157028,0.20618809759616852,0.011993606574833393,0.026385081931948662,0.45354557037353516,0.5,169,696320,474.7042079102248,696320,1.0,1e-06,0.11271252483129501,1.2537888096630923e-06,4.132767200469971,0.007426574360579252,0.0,0.0,1.5540502071380615,0.31819963455200195,2.409522294998169,20.889272689819336,-0.13155077397823334,-0.6819145679473877,17.177717208862305,0.2329864650964737,0.8356902599334717
14,0,0.2267695665359497,paper_sampled_policy_value_score,4.93825837111217e-07,512,-0.3930654525756836,3.7039568424224854,-0.3230917751789093,-10.697771072387695,0.5324029922485352,0.0,0.5,2.622692584991455,91.61,0.82,1512,1.1887810230255127,0,0.1,0.3268793821334839,0.23328682780265808,1.413752937994879,1.4067298374246386,deterministic_value_head_jacobian_b,torch.float64,1.0,5.432589530654949e-16,1.2982702017741466e-14,symmetric_jacobi_cholesky_fp64,512,1.359297513961792,0.06874244660139084,0.3031378984451294,0.005015770439058542,-0.001885049045085907,0.11854171752929688,0.5,179,737280,502.256526010111,737280,1.0,1e-06,0.420598566532135,5.818830004500342e-07,0.9185820817947388,0.02215547487139702,0.0,0.0,2.197352170944214,0.5609419345855713,0.9879868626594543,8.348957061767578,0.13199995458126068,-0.3517500162124634,2.7818737030029297,0.19380243122577667,0.8546227812767029
14,0,0.20026765763759613,paper_sampled_policy_value_score,6.132469252406736e-07,512,-0.381223201751709,1.4700018167495728,-0.332423597574234,-6.077739715576172,0.26001402735710144,0.0,0.5,2.548401355743408,88.06,0.48,1431,0.9311105608940125,0,0.1,0.389098197221756,0.30266693234443665,1.4135451196193267,1.4000935981966962,deterministic_value_head_jacobian_b,torch.float64,1.0,5.250743766790439e-16,1.3824783510711814e-14,symmetric_jacobi_cholesky_fp64,512,1.5501601696014404,0.1044713482260704,0.5216585993766785,0.015457917004823685,-0.09361550211906433,0.08269574493169785,0.5,189,778240,530.216209936887,778240,1.0,1e-06,0.5369925498962402,4.304313847569574e-07,0.8088659048080444,0.026901958510279655,0.0,0.0,3.0634193420410156,0.10000000149011612,0.9842424988746643,5.456427097320557,-0.26707494258880615,-0.44056418538093567,3.9043827056884766,0.22045515477657318,1.1008025407791138
14,0,0.2756394147872925,paper_sampled_policy_value_score,6.192592536535813e-07,512,-0.2760147750377655,8.720255851745605,-0.337512731552124,-7.883042812347412,0.7949442863464355,0.0,0.5,2.483100175857544,106.59,1.04,1494,0.8284961581230164,0,0.1,0.16102038323879242,0.04588828235864639,1.4138524186274959,1.395642878572195,deterministic_value_head_jacobian_b,torch.float64,1.0,6.482534838342945e-16,1.961216995097997e-14,symmetric_jacobi_cholesky_fp64,512,0.9065974950790405,0.04858804866671562,0.17627395689487457,0.011044217273592949,0.036726128309965134,0.11705504357814789,0.5,199,819200,557.699491658248,819200,1.0,1e-06,0.6035023331642151,5.029496037423087e-07,0.7375171184539795,0.034251973032951355,0.0,0.0,2.352696418762207,0.5344871878623962,1.4041292667388916,12.90483570098877,-0.12671533226966858,-0.3642636835575104,5.449921131134033,0.2286788672208786,0.8296304941177368
14,0,0.31237465143203735,paper_sampled_policy_value_score,1.3984634961161646e-06,512,-0.56326824426651,1.82541823387146,-0.3525611162185669,-9.319427490234375,0.6256710290908813,0.0,0.0001,2.372995376586914,82.78,0.24,1491,0.9046937823295593,0,0.1,0.14750097692012787,0.012256370857357979,1.413821860823055,1.3974310333915636,deterministic_value_head_jacobian_b,torch.float64,1.0,6.177134699238541e-16,1.8916586584737816e-14,symmetric_jacobi_cholesky_fp64,512,1.4819265604019165,8.157067895808723e-06,2.611309173516929e-05,0.058009322732686996,-0.1359606385231018,0.123589426279068,0.0001,209,860160,585.307021764107,860160,1.0,1e-06,0.5526725649833679,5.966750222796691e-07,0.7822390794754028,4.890066065854626e-06,0.0,0.0,3.1335113048553467,0.10000000149011612,0.9513364434242249,6.620090007781982,-0.226484477519989,-0.5124428868293762,4.039084434509277,4.8222958866972476e-05,0.00015437538968399167
14,0,0.3024229407310486,paper_sampled_policy_value_score,4.1023830021913454e-07,512,-0.37135738134384155,5.444301605224609,-0.3598041236400604,-7.034441947937012,0.37556758522987366,0.0,0.09876543209876543,2.4744694232940674,130.94,0.59,1514,0.6838455200195312,0,0.1,0.18483473360538483,0.12738251686096191,1.4137471888002784,1.4047694992740867,deterministic_value_head_jacobian_b,torch.float64,1.0,5.139322898532895e-16,1.3365032877075284e-14,symmetric_jacobi_cholesky_fp64,512,0.31003326177597046,0.013347488828003407,0.04413517192006111,0.03605309873819351,-0.0428336001932621,0.083293117582798,0.09876543209876543,219,901120,613.2522270008922,901120,1.0,1e-06,0.7311581969261169,6.997230457272963e-07,0.5181509852409363,0.00632900558412075,0.0,0.0,2.0545713901519775,0.10000000149011612,1.4148515462875366,10.755651473999023,0.42012640833854675,-0.5578070878982544,3.25386118888855,0.04230145737528801,0.1398751586675644
14,0,0.3937741816043854,paper_sampled_policy_value_score,4.974583021066792e-07,512,-0.27592557668685913,5.452791213989258,-0.3852996528148651,-4.473382949829102,0.37004414200782776,0.0,0.5,2.510342597961426,92.82,0.86,1506,1.1511118412017822,0,0.1,0.41635727882385254,0.4592282176017761,1.4137489144601925,1.3975316608990742,deterministic_value_head_jacobian_b,torch.float64,1.0,4.601610148730981e-16,9.676443666632188e-15,symmetric_jacobi_cholesky_fp64,512,2.1840364933013916,0.09042485803365707,0.2296363264322281,0.02523783966898918,0.13619887828826904,0.08520686626434326,0.5,229,942080,641.4068083618768,942080,1.0,1e-06,0.4343622922897339,5.593486207544629e-07,0.8171038627624512,0.032813746482133865,0.0,0.0,3.2629199028015137,0.16094711422920227,0.9249151945114136,10.131525993347168,-0.25266575813293457,-0.42822831869125366,4.655367851257324,0.20001435279846191,0.5079417824745178
14,0,0.3599764406681061,paper_sampled_policy_value_score,1.993244268305716e-06,512,-0.49653542041778564,1.8653826713562012,-0.37563931941986084,-5.852457523345947,0.29988592863082886,0.0,0.00385367331462947,2.4803466796875,112.75,0.48,1517,0.457865834236145,0,0.1,0.05889347568154335,0.0021045682951807976,1.4138436784390616,1.4067726289641267,deterministic_value_head_jacobian_b,torch.float64,1.0,5.195604303005906e-16,8.457261497596074e-15,symmetric_jacobi_cholesky_fp64,512,1.004665732383728,0.00022694988001603633,0.000630457594525069,0.05747206136584282,-0.21824911236763,0.03692752867937088,0.0025691155430863136,239,983040,668.732196575962,983040,1.0,1e-06,1.0,5.550425044020812e-07,0.2894115447998047,0.0003655202453956008,0.0,0.0,3.826970338821411,0.10976560413837433,0.7541353702545166,5.312754154205322,0.04092269763350487,-0.5343351364135742,2.949530601501465,0.0017114493530243635,0.004754337016493082
14,0,0.37874525785446167,paper_sampled_policy_value_score,6.346823511194088e-07,512,-0.3888576030731201,6.581948757171631,-0.4025973379611969,-4.12560510635376,0.3342887759208679,0.0,0.013006147436874454,2.405111074447632,106.18,0.83,1505,0.6288275718688965,0,0.1,0.11830585449934006,0.0028120484203100204,1.41344517911804,1.3993771452437753,deterministic_value_head_jacobian_b,torch.float64,1.0,4.027173768468428e-16,1.3520414990692962e-14,symmetric_jacobi_cholesky_fp64,512,0.316978394985199,0.0012234620517119765,0.003230303293094039,0.0341285802423954,-0.010397369973361492,0.07753362506628036,0.013006147436874454,249,1024000,696.1547502260655,1024000,1.0,1e-06,0.7951292395591736,4.790920797859144e-07,0.48880094289779663,0.0006782182608731091,0.0,0.0,5.659872531890869,0.10000000149011612,0.8108529448509216,9.079854965209961,-0.0010675817029550672,-0.4850905239582062,2.461690664291382,0.0063664354383945465,0.016809280961751938
14,0,0.5440198183059692,paper_sampled_policy_value_score,3.300518471860414e-07,512,-0.3879733979701996,6.035642147064209,-0.4086318910121918,-3.0405845642089844,0.265458881855011,0.0,0.3333333333333332,2.4289231300354004,96.88,0.58,1507,0.750661313533783,0,0.1,0.12465320527553558,0.005526281893253326,1.4137615749903483,1.3933726558241566,deterministic_value_head_jacobian_b,torch.float64,1.0,2.898779602847344e-16,6.673249571523577e-15,symmetric_jacobi_cholesky_fp64,512,2.3608641624450684,0.027676261961460114,0.05087362974882126,0.024377282708883286,0.05220424756407738,0.0902068018913269,0.3333333333333332,259,1064960,723.5395049951039,1064960,1.0,1e-06,0.6660784482955933,4.500977013321972e-07,0.552890419960022,0.027143031358718872,0.0,0.0,3.3952248096466064,0.3151519000530243,0.4990540146827698,8.64633846282959,-0.2513638436794281,-0.46849796175956726,2.0793073177337646,0.1610604226589203,0.29605618119239807
14,0,0.35876378417015076,paper_sampled_policy_value_score,3.990496111327957e-07,512,-0.4381527304649353,6.44989013671875,-0.4266173839569092,-4.172084331512451,0.24558566510677338,0.0,0.14778918800354002,2.368556261062622,100.2,0.84,1508,0.46074816584587097,0,0.1,0.061124615371227264,0.002183603821322322,1.4136627852620753,1.3952167587638,deterministic_value_head_jacobian_b,torch.float64,1.0,5.144775391083706e-16,6.005749317139403e-15,symmetric_jacobi_cholesky_fp64,512,1.8440465927124023,0.009033555164933205,0.025179674848914146,0.036888010799884796,-0.1177603229880333,0.01785030961036682,0.14778918800354002,269,1105920,750.9901776351035,1105920,1.0,1e-06,1.0,4.821874881599797e-07,0.22670041024684906,0.011121707037091255,0.0,0.0,3.2576210498809814,0.10000000149011612,0.4097001552581787,8.479253768920898,-0.371705561876297,-0.4872603118419647,1.3803709745407104,0.06327169388532639,0.17636030912399292
14,0,0.3909582495689392,paper_sampled_policy_value_score,5.787428563053254e-07,512,-0.3953249454498291,4.104708194732666,-0.43367981910705566,-3.7690279483795166,0.17993715405464172,0.0,0.3333333333333334,2.423032760620117,86.87,0.67,1494,0.5425824522972107,0,0.1,0.19388586282730103,0.1049523651599884,1.4137267973701801,1.399483466183185,deterministic_value_head_jacobian_b,torch.float64,1.0,4.373170386046808e-16,5.357315226428875e-15,symmetric_jacobi_cholesky_fp64,512,1.600165843963623,0.05955634266138077,0.1523342728614807,0.022596895694732666,0.10083551704883575,0.018712211400270462,0.3333333333333334,279,1146880,778.5700926380232,1146880,1.0,1e-06,0.9215171933174133,4.1235159642383223e-07,0.3132626712322235,0.034798555076122284,0.0,0.0,4.904723644256592,0.31006109714508057,0.3946235179901123,8.092256546020508,-0.3826654851436615,-0.6812350749969482,2.2448227405548096,0.15081091225147247,0.3857468366622925
14,0,0.3080005347728729,paper_sampled_policy_value_score,7.688664709348814e-07,512,-0.3972584009170532,2.8563833236694336,-0.44495511054992676,-1.9533945322036743,0.09432521462440491,0.0,0.2222222222222222,2.3117218017578125,95.72,1.17,1495,0.5294376611709595,0,0.1,0.15052711963653564,0.07005695253610611,1.413589878478924,1.3980623537045427,deterministic_value_head_jacobian_b,torch.float64,1.0,4.682764720014991e-16,5.392604115920025e-15,symmetric_jacobi_cholesky_fp64,512,2.228039503097534,0.03159046545624733,0.10256626456975937,0.035184819251298904,0.10776965320110321,0.02465447410941124,0.2222222222222222,289,1187840,806.4232736849226,1187840,1.0,1e-06,0.944396436214447,3.9896272596706694e-07,0.3168799877166748,0.021106228232383728,0.0,0.0,3.4908947944641113,0.10000000149011612,0.8804794549942017,7.511528491973877,-0.2969428598880768,-0.47407063841819763,4.0469465255737305,0.09409131109714508,0.30549073219299316
14,0,0.43203702569007874,paper_sampled_policy_value_score,6.674917472082598e-07,512,-0.4350179433822632,3.0700836181640625,-0.4493134021759033,-2.327388048171997,0.12175983190536499,0.0,0.02926383173296752,2.1990320682525635,102.9,0.69,1514,0.4868454039096832,0,0.1,0.11702770739793777,0.0695590153336525,1.4131846747904517,1.3989232937136888,deterministic_value_head_jacobian_b,torch.float64,1.0,4.477195662007762e-16,6.6585045445585996e-15,symmetric_jacobi_cholesky_fp64,512,0.7543864846229553,0.0034246735740453005,0.00792680587619543,0.07258579879999161,-0.04472017288208008,0.030650153756141663,0.01950922115531168,299,1228800,834.3295164369047,1228800,1.0,1e-06,1.0,6.398490199899243e-07,0.2047729790210724,0.0028369538486003876,0.0,0.0,3.860245943069458,0.10000000149011612,1.1185717582702637,6.692207336425781,-0.19728383421897888,-0.4835234582424164,4.35489559173584,0.013796603307127953,0.03193384408950806
14,0,0.3768903315067291,paper_sampled_policy_value_score,1.0014866802521283e-06,512,-0.45253750681877136,2.2592973709106445,-0.4571555256843567,-3.8891844749450684,0.17739933729171753,0.0,0.005766503906249999,1.977489948272705,127.43,1.5,1438,0.5232941508293152,0,0.1,0.14660429954528809,0.10151710361242294,1.4135679861922736,1.3728577788358123,deterministic_value_head_jacobian_b,torch.float64,1.0,7.551186104178721e-16,1.7152584896110243e-14,symmetric_jacobi_cholesky_fp64,512,1.395289421081543,0.0008077536476776004,0.00214320607483387,0.08409563452005386,-0.04818498715758324,0.05412842333316803,0.003844335937499999,309,1269760,862.0117921922356,1269760,1.0,1e-06,0.9554836750030518,6.751358796464046e-07,0.3148849308490753,0.0003736568323802203,0.0,0.0,4.032196521759033,0.10000000149011612,1.4805853366851807,6.200822353363037,0.08793038874864578,-0.5355696678161621,4.1996073722839355,0.002791827078908682,0.0074075316078960896
14,0,0.39205822348594666,paper_sampled_policy_value_score,8.098605803752434e-07,512,-0.4444248676300049,0.8753973245620728,-0.4577701985836029,-1.71112060546875,0.01763744466006756,0.0,0.0001,2.121471881866455,114.19,0.77,1423,0.42211300134658813,0,0.1,0.04419180378317833,0.0019153341418132186,1.413195163515991,1.3651104391675757,deterministic_value_head_jacobian_b,torch.float64,1.0,5.75478665284268e-16,4.637809577899022e-15,symmetric_jacobi_cholesky_fp64,512,0.42707592248916626,4.421546236699214e-06,1.1277779776719399e-05,0.05419738590717316,-0.004613176919519901,0.01039978489279747,0.0001,319,1310720,889.4410882610828,1310720,1.0,1e-06,1.0,7.632781375832565e-07,0.11566614359617233,9.456294719711877e-06,0.0,0.0,7.760846138000488,0.1385239213705063,0.588787317276001,5.8280029296875,-0.2315485030412674,-0.5257206559181213,3.264162540435791,4.0419039578409865e-05,0.00010309448407497257
14,0,0.23564346134662628,paper_sampled_policy_value_score,1.8366131371294614e-06,512,-0.46305692195892334,0.8822504878044128,-0.4576539993286133,-3.889702558517456,0.08163200318813324,0.0,0.043789389038085935,1.6643733978271484,131.12,1.71,1516,0.34540972113609314,0,0.1,0.2096579223871231,0.23011556267738342,1.4130161027960155,1.3647668890875084,deterministic_value_head_jacobian_b,torch.float64,1.0,5.213342009921013e-16,1.0627130639804773e-14,symmetric_jacobi_cholesky_fp64,512,2.241438388824463,0.009180789813399315,0.03896051272749901,0.037695564329624176,-0.052693452686071396,0.03038208745419979,0.043789389038085935,329,1351680,916.6747582829557,1351680,1.0,1e-06,1.0,6.143750397313852e-07,0.22065480053424835,0.0023253601975739002,0.0,0.0,3.6339662075042725,0.10000000149011612,1.7009823322296143,5.417428493499756,0.10939672589302063,-0.48969706892967224,4.578554153442383,0.014129183255136013,0.059960003942251205
14,0,0.41477614641189575,paper_sampled_policy_value_score,1.840212803472241e-06,512,-0.4506920576095581,1.478806495666504,-0.46255260705947876,-1.916019320487976,0.01970917358994484,0.0,0.0001,2.0994057655334473,118.08,0.6,1525,0.4323900043964386,0,0.1,0.05799219012260437,0.008381104096770287,1.4129915810167655,1.358489899659938,deterministic_value_head_jacobian_b,torch.float64,1.0,4.729148225342979e-16,4.159733086053895e-15,symmetric_jacobi_cholesky_fp64,512,0.2868334949016571,5.799965492769843e-06,1.3983362805447541e-05,0.04177991300821304,0.06277621537446976,0.011016834527254105,0.0001,339,1392640,944.1851351340301,1392640,1.0,1e-06,1.0,5.621994318971701e-07,0.1107851043343544,9.103373486141209e-06,0.0,0.0,4.0626749992370605,0.1935255378484726,0.3613341450691223,5.13206672668457,-0.09769225120544434,-0.5127163529396057,1.8423279523849487,4.181296390015632e-05,0.00010080850915983319
14,0,0.3987337350845337,paper_sampled_policy_value_score,7.862128086344455e-07,512,-0.49875420331954956,0.5709251165390015,-0.4633275270462036,-5.556941986083984,0.14256006479263306,0.0,0.029192926025390618,1.8493356704711914,139.7,1.67,1515,0.5524547100067139,0,0.1,0.16755488514900208,0.07332141697406769,1.4123308785038615,1.351848481634115,deterministic_value_head_jacobian_b,torch.float64,1.0,4.614034507040657e-16,7.464628752140494e-15,symmetric_jacobi_cholesky_fp64,512,1.073999285697937,0.00442697387188673,0.011102581396698952,0.02975126914680004,-0.06103266030550003,0.03952538222074509,0.029192926025390618,349,1433600,971.9297690610401,1433600,1.0,1e-06,0.9050499200820923,7.5610961403072e-07,0.3179796636104584,0.0031914119608700275,0.0,0.0,4.221035003662109,0.10000000149011612,1.2121427059173584,5.2397685050964355,-0.057893868535757065,-0.5214373469352722,4.649145126342773,0.01315061841160059,0.03298095241189003
14,0,0.37681320309638977,paper_sampled_policy_value_score,1.5524287846346851e-06,512,-0.4973639249801636,1.3410130739212036,-0.4726791977882385,-5.071414947509766,0.09307130426168442,0.0,0.0017085937499999994,1.576556921005249,123.66,1.35,1517,0.445111483335495,0,0.1,0.09336672723293304,0.01127865631133318,1.412489502218649,1.353122638566307,deterministic_value_head_jacobian_b,torch.float64,1.0,5.175027275119527e-16,6.633720693772892e-15,symmetric_jacobi_cholesky_fp64,512,1.245410442352295,0.00015952394460327923,0.0004233501967974007,0.06432849913835526,-0.07589714229106903,0.018062090501189232,0.0011390624999999997,359,1474560,999.4073613933288,1474560,1.0,1e-06,1.0,8.284823707072064e-07,0.21049955487251282,0.00010569265577942133,0.0,0.0,2.5025877952575684,0.10000000149011612,1.232080101966858,4.6811347007751465,-0.0483725406229496,-0.5724553465843201,3.6989169120788574,0.0007329385261982679,0.0019450978143140674
14,0,0.29833173751831055,paper_sampled_policy_value_score,2.605952431622427e-06,512,-0.4800254702568054,0.8977118730545044,-0.46997368335723877,-3.1391499042510986,0.0480903759598732,0.0,0.14778918800354002,1.5620577335357666,126.88,1.21,1456,0.7419519424438477,0,0.1,0.14578966796398163,0.2580729126930237,1.411489147471676,1.3175806653062792,deterministic_value_head_jacobian_b,torch.float64,1.0,4.49170629556644e-16,5.626479407544336e-15,symmetric_jacobi_cholesky_fp64,512,2.151062488555908,0.014519871212542057,0.048670221120119095,0.01810675486922264,-0.13203051686286926,0.012319231405854225,0.14778918800354002,369,1515520,1027.0335315773264,1515520,1.0,1e-06,0.6738971471786499,7.346519623752101e-07,0.3562774956226349,0.005828616209328175,0.0,0.0,5.869935512542725,0.16201487183570862,0.8258516788482666,4.522857189178467,-0.14757119119167328,-0.5371166467666626,2.89345645904541,0.045028116554021835,0.15093304216861725
14,0,0.6020768284797668,paper_sampled_policy_value_score,1.3615255056720343e-06,512,-0.4591214060783386,2.941798448562622,-0.4729304313659668,-3.9403650760650635,0.09078393131494522,0.0,0.06568408355712888,1.3268588781356812,169.11,2.26,1504,1.0971524715423584,0,0.1,0.10454574972391129,0.1413557380437851,1.4121292897251798,1.3214892969320284,deterministic_value_head_jacobian_b,torch.float64,1.0,3.9940856588277463e-16,5.49919326121292e-15,symmetric_jacobi_cholesky_fp64,512,1.999351143836975,0.0031294526997953653,0.005197762977331877,0.0402841679751873,-0.05607258901000023,0.040360189974308014,0.043789389038085914,379,1556480,1055.2046306882985,1556480,1.0,1e-06,0.4557247757911682,1.5146748637562268e-06,0.4572216868400574,0.004468074068427086,0.0,0.0,6.829749584197998,0.16756238043308258,1.1325914859771729,4.814138889312744,0.25903892517089844,-0.5030360221862793,2.8698627948760986,0.02271316945552826,0.037724703550338745
14,0,0.4686889350414276,paper_sampled_policy_value_score,8.800336672720732e-07,512,-0.4844519793987274,2.2584362030029297,-0.4804181158542633,-2.593886613845825,0.05641553923487663,0.0,0.00015000000000000004,1.671412467956543,165.05,2.15,1335,0.48912546038627625,0,0.1,0.07254648953676224,0.0032789111137390137,1.41241118154494,1.3345757162607441,deterministic_value_head_jacobian_b,torch.float64,1.0,5.81269015436341e-16,8.772071845748555e-15,symmetric_jacobi_cholesky_fp64,512,0.7241172790527344,1.0882392416533548e-05,2.321879583178088e-05,0.07206796854734421,-0.04485532268881798,0.023221243172883987,0.00010000000000000003,389,1597440,1083.3791375900619,1597440,1.0,1e-06,1.0,1.0842386473086663e-06,0.1579020768404007,2.2864136553835124e-05,0.0,0.0,2.9524734020233154,0.1353796273469925,0.5810316801071167,4.269962787628174,-0.03669542819261551,-0.5270461440086365,1.6767380237579346,6.896752893226221e-05,0.00014714989811182022
14,0,0.4015231132507324,paper_sampled_policy_value_score,3.1726594897918403e-06,512,-0.5022914409637451,0.6019628047943115,-0.4989793300628662,-1.4014849662780762,0.02528415247797966,0.0,0.0017085937499999994,1.6441807746887207,187.28,2.41,1512,0.4326648414134979,0,0.1,0.053974345326423645,0.026869557797908783,1.4125193695167475,1.3089815567752505,deterministic_value_head_jacobian_b,torch.float64,1.0,5.771231793615001e-16,4.493344608714248e-15,symmetric_jacobi_cholesky_fp64,512,0.6284655332565308,9.222426888300106e-05,0.00022968607663642615,0.05989520251750946,-0.08164520561695099,0.00938369706273079,0.0011390624999999997,399,1638400,1110.628698315937,1638400,1.0,1e-06,1.0,1.4607454659198993e-06,0.11383452266454697,0.0001348406949546188,0.0,0.0,5.236721515655518,0.10000000149011612,0.9107524752616882,4.374109745025635,0.05739708989858627,-0.5158399343490601,2.2038865089416504,0.000705090758856386,0.0017560402629896998
14,0,0.3160029649734497,paper_sampled_policy_value_score,1.5980464240783476e-06,512,-0.5387498140335083,1.414301872253418,-0.510658860206604,-3.5298943519592285,0.07361304759979248,0.0,0.0005062499999999999,1.8134126663208008,155.98,0.78,1510,0.47883105278015137,0,0.1,0.14601381123065948,0.08533328771591187,1.4120035898847398,1.2956638556292355,deterministic_value_head_jacobian_b,torch.float64,1.0,5.281607555124524e-16,6.395305075173855e-15,symmetric_jacobi_cholesky_fp64,512,1.5743107795715332,7.392001862172037e-05,0.00023392192088067532,0.04335308447480202,-0.006304509937763214,0.023001203313469887,0.0003374999999999999,409,1679360,1138.0364776602946,1679360,1.0,1e-06,1.0,8.554392820769863e-07,0.26322853565216064,3.611222928157076e-05,0.0,0.0,3.2188265323638916,0.15203231573104858,0.2273903340101242,4.097987174987793,-0.14446695148944855,-0.6009883284568787,1.1643778085708618,0.00020463390683289617,0.000647569599095732
14,0,0.4498923420906067,paper_sampled_policy_value_score,1.3545347883336945e-06,512,-0.49979645013809204,1.920475959777832,-0.5101688504219055,-2.168938159942627,0.049847837537527084,0.0,0.029192926025390604,1.5817521810531616,151.47,1.7,1507,0.4781808853149414,0,0.1,0.08290904760360718,0.023616161197423935,1.412486251237574,1.2731727091689942,deterministic_value_head_jacobian_b,torch.float64,1.0,6.396375131978365e-16,8.233747614972439e-15,symmetric_jacobi_cholesky_fp64,512,1.0788516998291016,0.002420355100184679,0.005379853770136833,0.023103900253772736,-0.032344747334718704,0.010381506755948067,0.029192926025390604,419,1720320,1166.0350516838953,1720320,1.0,1e-06,1.0,1.1415813787607476e-06,0.14691349864006042,0.002323020249605179,0.0,0.0,3.3948700428009033,0.10000000149011612,0.6036636829376221,4.048547267913818,0.013430492952466011,-0.5485298037528992,1.427535891532898,0.013518652878701687,0.030048640444874763
14,0,0.416698694229126,paper_sampled_policy_value_score,2.139116531907348e-06,512,-0.5316575169563293,0.27082720398902893,-0.5184613466262817,-1.7482836246490479,0.02359568141400814,0.0,0.01946195068359375,1.4184675216674805,163.33,1.6,1505,0.4487045109272003,0,0.1,0.051950596272945404,0.005973826628178358,1.4126639712196374,1.264265571319808,deterministic_value_head_jacobian_b,torch.float64,1.0,5.810322294786696e-16,4.9450324497844676e-15,symmetric_jacobi_cholesky_fp64,512,0.4287589490413666,0.0010110604343935847,0.002426358638331294,0.03557269647717476,-0.0642668604850769,0.010242906399071217,0.01946195068359375,429,1761280,1194.2019879431464,1761280,1.0,1e-06,1.0,1.4547140381182544e-06,0.11678095161914825,0.0018887508194893599,0.0,0.0,3.180321216583252,0.1421470046043396,1.0088151693344116,4.010957717895508,0.41012653708457947,-0.5839220881462097,2.207047939300537,0.008182065561413765,0.01963544823229313
14,0,0.494993656873703,paper_sampled_policy_value_score,3.2388425097451545e-06,512,-0.5294018983840942,2.278261423110962,-0.5385991930961609,-2.214249849319458,0.04846769943833351,0.0,0.0038443359375000003,1.4026482105255127,106.41,1.08,1440,0.6336249709129333,0,0.1,0.10645272582769394,0.042362503707408905,1.4126642728066523,1.2783603361112843,deterministic_value_head_jacobian_b,torch.float64,1.0,5.136221612649164e-16,7.229314397030915e-15,symmetric_jacobi_cholesky_fp64,512,1.1797118186950684,0.00032293261028826237,0.0006523974589072168,0.052140869200229645,0.015073776245117188,0.027038447558879852,0.002562890625,439,1802240,1222.020783145912,1802240,1.0,1e-06,0.7891090512275696,5.749304818891687e-06,0.3224755525588989,0.00030516795231960714,0.0,0.0,2.421794891357422,0.10000000149011612,0.7667347192764282,3.9722518920898438,-0.0034317555837333202,-0.5707837343215942,2.384941816329956,0.0017903370317071676,0.003616888774558902
14,0,0.2949207127094269,paper_sampled_policy_value_score,3.2082703000924084e-06,512,-0.5282284021377563,1.5451914072036743,-0.5312753915786743,-1.9855283498764038,0.037086717784404755,0.0,0.019461950683593746,1.6546342372894287,110.59,1.01,1404,0.33677205443382263,0,0.1,0.0703011229634285,0.014580242335796356,1.4136013265159348,1.2821693409588872,deterministic_value_head_jacobian_b,torch.float64,1.0,4.995588868434788e-16,5.31050035239971e-15,symmetric_jacobi_cholesky_fp64,512,0.37410852313041687,0.0013682038988918066,0.004639226011931896,0.05155055969953537,-0.07552243769168854,0.008116459473967552,0.012974633789062497,449,1843200,1249.516630744096,1843200,1.0,1e-06,1.0,1.6435394627478672e-06,0.12095671892166138,0.001175315584987402,0.0,0.0,4.500545501708984,0.1171766072511673,0.2947586178779602,3.8700485229492188,-0.06981074810028076,-0.5725571513175964,1.0534371137619019,0.00611908221617341,0.020748227834701538
14,0,0.38204729557037354,paper_sampled_policy_value_score,1.4083024097999441e-06,512,-0.5258378982543945,3.106266736984253,-0.5262436866760254,-1.819875955581665,0.07544506341218948,0.0,0.01946195068359375,1.720568060874939,144.46,2.35,1498,0.4220879077911377,0,0.1,0.11133423447608948,0.0675211027264595,1.4129803218367933,1.278824932332215,deterministic_value_head_jacobian_b,torch.float64,1.0,6.359314903125711e-16,1.2073605854114156e-14,symmetric_jacobi_cholesky_fp64,512,0.895684540271759,0.0021667813416570425,0.005671500228345394,0.044021040201187134,0.0037190038710832596,0.020493971183896065,0.0129746337890625,459,1884160,1277.1487902859226,1884160,1.0,1e-06,1.0,1.450834588467842e-06,0.17210668325424194,0.0014126809546723962,0.0,0.0,2.6333699226379395,0.18372422456741333,0.3195745348930359,3.849209785461426,-0.067625492811203,-0.6373918056488037,1.234006643295288,0.007852508686482906,0.02055376023054123
14,0,0.3686051666736603,paper_sampled_policy_value_score,9.359316209156532e-06,512,-0.5759715437889099,0.24077707529067993,-0.5474118590354919,-3.068173408508301,0.0365167073905468,0.0,0.002562890625,1.666553258895874,155.15,1.9,1500,0.49403926730155945,0,0.1,0.1071632131934166,0.11366058886051178,1.4130595133899375,1.2523573124686447,deterministic_value_head_jacobian_b,torch.float64,1.0,6.032251731903016e-16,6.660806528659873e-15,symmetric_jacobi_cholesky_fp64,512,1.6068040132522583,0.00027464874438010156,0.0007451028213836253,0.05413518100976944,-0.13589340448379517,0.010343322530388832,0.00170859375,469,1925120,1304.630110593047,1925120,1.0,1e-06,1.0,1.4902506109137903e-06,0.18587683141231537,0.00020210079674143344,0.0,0.0,6.447704792022705,0.15208351612091064,0.5408244132995605,3.7060515880584717,0.006324842572212219,-0.5708774328231812,1.6023595333099365,0.0010809393133968115,0.002932512667030096
14,0,0.2908901870250702,paper_sampled_policy_value_score,2.5117321911238832e-06,512,-0.5803754925727844,-0.05105896294116974,-0.5518804788589478,-3.6932780742645264,0.04037878289818764,0.0,0.00014999999999999996,1.574329137802124,161.84,1.73,1502,0.46753332018852234,0,0.1,0.1413590908050537,0.35287976264953613,1.4133246102680859,1.2746464672728157,deterministic_value_head_jacobian_b,torch.float64,1.0,5.778853738106919e-16,9.314292519415556e-15,symmetric_jacobi_cholesky_fp64,512,3.257228374481201,2.120465796906501e-05,7.28957456885837e-05,0.054651059210300446,-0.10178583115339279,0.023215187713503838,0.0001,479,1966080,1332.1473652413115,1966080,1.0,1e-06,1.0,2.3838204015191877e-06,0.2779870331287384,1.2397023056109902e-05,0.0,0.0,5.897263050079346,0.10000000149011612,0.6684854030609131,3.435688018798828,-0.02220972813665867,-0.6615763902664185,2.0116946697235107,5.9855712606804445e-05,0.00020576738461386412
14,0,0.46275439858436584,paper_sampled_policy_value_score,1.913384949148167e-06,512,-0.5658177137374878,0.33840039372444153,-0.5595756769180298,-1.1955749988555908,0.01272876188158989,0.0,0.0005062500000000001,1.7043426036834717,136.63,1.24,1510,0.47282904386520386,0,0.1,0.07477199286222458,0.11299322545528412,1.413154076019626,1.2660996985509492,deterministic_value_head_jacobian_b,torch.float64,1.0,6.028489056957735e-16,4.096275346987912e-15,symmetric_jacobi_cholesky_fp64,512,2.24300479888916,3.785496301134117e-05,8.180356962839141e-05,0.04806826263666153,-0.0905119776725769,0.005025812424719334,0.00033750000000000007,489,2007040,1360.0359461461194,2007040,1.0,1e-06,1.0,2.102161715811235e-06,0.08123862743377686,5.835981573909521e-05,0.0,0.0,2.7293219566345215,0.23927131295204163,0.35360851883888245,3.609097957611084,-0.1752958595752716,-0.5689882040023804,1.5419119596481323,0.00022820060257799923,0.0004931354778818786
14,0,0.3964357376098633,paper_sampled_policy_value_score,3.7573513509414624e-06,512,-0.5661077499389648,2.4713783264160156,-0.568130612373352,-4.021887302398682,0.06589261442422867,0.0,0.00014999999999999996,1.3882391452789307,117.85,1.44,1515,0.5511927008628845,0,0.1,0.18237413465976715,0.12183208018541336,1.4130893090049452,1.2575291729120732,deterministic_value_head_jacobian_b,torch.float64,1.0,7.229736791542163e-16,1.1531925258151806e-14,symmetric_jacobi_cholesky_fp64,512,1.1438276767730713,2.481599040038418e-05,6.259776273509488e-05,0.1201430931687355,-0.04944498464465141,0.03271802142262459,0.0001,499,2048000,1388.43689773418,2048000,1.0,1e-06,0.9071220755577087,2.719103804338374e-06,0.25668442249298096,1.015492216538405e-05,0.0,0.0,5.296398639678955,0.10000000149011612,0.5742752552032471,3.5683047771453857,-0.12468487024307251,-0.5729333758354187,1.9727808237075806,6.669926369795576e-05,0.00016824735212139785
14,0,0.4110438823699951,paper_sampled_policy_value_score,3.6183485008223215e-06,512,-0.5587739944458008,0.43915215134620667,-0.561985194683075,-1.7015711069107056,0.027242064476013184,0.0,0.0001,1.2818922996520996,142.73,2.57,1504,0.4272892475128174,0,0.1,0.07423633337020874,0.037823718041181564,1.4124299328284255,1.2623052864207445,deterministic_value_head_jacobian_b,torch.float64,1.0,7.652215515156055e-16,6.931860372290799e-15,symmetric_jacobi_cholesky_fp64,512,1.9044286012649536,7.425091553159291e-06,1.8063987226923928e-05,0.0607617162168026,-0.01599668711423874,0.006721461191773415,0.0001,509,2088960,1415.9622931801714,2088960,1.0,1e-06,1.0,3.044229060833459e-06,0.093418650329113,8.48045056045521e-06,0.0,0.0,5.0293354988098145,0.14267176389694214,0.9037716388702393,3.497408390045166,0.3589406907558441,-0.6291041970252991,2.2450783252716064,4.1465831600362435e-05,0.00010087933333124965
14,0,0.3179149925708771,paper_sampled_policy_value_score,4.294090558687458e-06,512,-0.5821442604064941,2.230269432067871,-0.5728219151496887,-2.5391995906829834,0.051476117223501205,0.0,0.0007593750000000001,0.8578989505767822,162.53,2.55,1502,0.6267616748809814,0,0.1,0.11939366906881332,0.11893220245838165,1.4110138360775575,1.2013159451373594,deterministic_value_head_jacobian_b,torch.float64,1.0,8.486225298933265e-16,1.4251298890428876e-14,symmetric_jacobi_cholesky_fp64,512,2.1216065883636475,7.233198994072154e-05,0.00022751990763936192,0.08595629781484604,-0.07816816866397858,0.03262697905302048,0.0005062500000000001,519,2129920,1443.5839874399826,2129920,1.0,1e-06,0.7977501153945923,4.952867584506748e-06,0.23825731873512268,3.320309770060703e-05,0.0,0.0,5.3482441902160645,0.10000000149011612,1.1415941715240479,3.4010441303253174,0.6083943247795105,-0.5867644548416138,1.7407476902008057,0.00025496695889160037,0.0008019972592592239
14,0,0.4962351322174072,paper_sampled_policy_value_score,4.04363981942879e-06,512,-0.5918508768081665,2.171661138534546,-0.5808663964271545,-2.014700174331665,0.05251048877835274,0.0,0.0001,1.270617961883545,146.39,1.93,1510,0.5747256278991699,0,0.1,0.11568159610033035,0.33222997188568115,1.4103805128353535,1.2246912665157197,deterministic_value_head_jacobian_b,torch.float64,1.0,8.314523781144905e-16,1.3048672086751496e-14,symmetric_jacobi_cholesky_fp64,512,2.8051199913024902,1.006283491733484e-05,2.027836126217153e-05,0.07076705992221832,-0.08288218080997467,0.019948311150074005,0.0001,529,2170880,1471.1399464788847,2170880,1.0,1e-06,0.8699787855148315,6.211025720403995e-06,0.1743181347846985,1.5060383702802937e-05,0.0,0.0,7.91778039932251,0.10000000149011612,0.6345629692077637,3.364664077758789,0.47299298644065857,-0.6342111229896545,1.1874185800552368,4.382742918096483e-05,8.831988088786602e-05
