cohort,environment,seeds,n_seeds,window_start,window_end,reward_mean,reward_std_across_seeds
task229_full_rat_B512,bigfish,0;1;2;3;4,5,5000000,6000000,18.62634426229508,3.2447589872510836
task229_full_rat_B512,bossfight,0;1;2;3;4,5,5000000,6000000,3.635090163934426,2.129596113931509
task229_full_rat_B512,caveflyer,0;1;2;3;4,5,5000000,6000000,6.503122950819672,0.4659568685827776
task229_full_rat_B512,coinrun,0;1;2;3;4,5,5000000,6000000,8.73655737704918,1.941895731801788
task229_full_rat_B512,jumper,0;1;2;3;4,5,5000000,6000000,8.940983606557378,0.06076916731189187
task229_full_rat_B512,maze,0;1;2;3;4,5,5000000,6000000,8.514098360655737,0.9073573161181553
task229_full_rat_B512,miner,0;1;2;3;4,5,5000000,6000000,11.433131147540983,1.3629351418982605
task229_full_rat_B512,starpilot,0;1;2;3;4,5,5000000,6000000,25.722311475409835,2.383684246435304
task253_dual127p1_B512,caveflyer,0;1;2,3,5000000,6000000,6.358005464480875,0.8905667405716116
task253_dual127p1_B512,coinrun,0;1;2,3,5000000,6000000,9.933469945355192,0.043960211827903946
task253_dual127p1_B512,maze,0;1;2,3,5000000,6000000,8.292622950819672,0.7571402697438061
task253_dual127p1_B512,starpilot,0;1;2,3,5000000,6000000,31.060081967213115,1.2019808637587557
task278_ppo_fixedlr_B4096,bigfish,0;1;2,3,14000000,15000000,30.448888715108236,3.6912613782549935
task278_ppo_fixedlr_B4096,bossfight,0;1;2,3,14000000,15000000,7.059222258461846,1.188448245127169
task278_ppo_fixedlr_B4096,caveflyer,0;1;2,3,14000000,15000000,8.044666650560167,0.9080154036946275
task278_ppo_fixedlr_B4096,starpilot,0;1;2,3,14000000,15000000,37.300444433424204,2.054640406678211
task278_ppo_fixedlr_B8192,bigfish,0;1;2,3,14000000,15000000,21.898444493611652,0.4823353050571022
task278_ppo_fixedlr_B8192,bossfight,0;1;2,3,14000000,15000000,6.377555539872911,0.27038845268600936
task278_ppo_fixedlr_B8192,caveflyer,0;1;2,3,14000000,15000000,8.910444407992893,0.9722519365263449
task278_ppo_fixedlr_B8192,starpilot,0;1;2,3,14000000,15000000,28.730666648017035,2.7410882422647287
task280_coeff128_ray_B512,bigfish,0;1;2,3,5000000,6000000,16.47285519125683,3.8385842251656745
task280_coeff128_ray_B512,bossfight,0;1;2,3,5000000,6000000,3.7439480874316944,0.843727517774402
task280_coeff128_ray_B512,caveflyer,0;1;2,3,5000000,6000000,6.070409836065574,0.37467118299136576
task280_coeff128_ray_B512,coinrun,0;1;2,3,5000000,6000000,9.895628415300546,0.028513321371865852
task280_coeff128_ray_B512,jumper,0;1;2,3,5000000,6000000,8.967622950819672,0.01813032488573306
task280_coeff128_ray_B512,maze,0;1;2,3,5000000,6000000,8.456693989071038,0.40097937022189256
task280_coeff128_ray_B512,miner,0;1;2,3,5000000,6000000,11.88457650273224,1.3776924399782273
task280_coeff128_ray_B512,starpilot,0;1;2,3,5000000,6000000,28.339590163934428,3.128703398962654
task281_dual127p1_B4096,bigfish,0;1;2,3,14000000,15000000,25.001888868543837,1.0089550085408205
task281_dual127p1_B4096,bossfight,0;1;2,3,14000000,15000000,7.739000018437704,0.8882197821466336
task281_dual127p1_B4096,caveflyer,0;1;2,3,14000000,15000000,9.863333267635769,0.12440967708985831
task281_dual127p1_B4096,starpilot,0;1;2,3,14000000,15000000,37.02777784135606,1.8621101490726804
task281_dual127p1_B8192,bigfish,0;1;2,3,14000000,15000000,22.530000008477106,5.701082587488309
task281_dual127p1_B8192,bossfight,0;1;2,3,14000000,15000000,4.496888897154066,0.16109670240550852
task281_dual127p1_B8192,caveflyer,0;1;2,3,14000000,15000000,7.755555502573649,2.1469806465183843
task281_dual127p1_B8192,starpilot,0;1;2,3,14000000,15000000,28.76488906012641,3.1823833600103226
