cohort,environment,seed,minibatch,endpoint,window_start,window_end,reward_last_1m,reward_early,reward_middle,reward_late,reward_overall,hardware
task229_full_rat_B512,bigfish,0,512,6004736,5000000,6000000,14.40905737704918,8.645505792418033,13.872540983606557,15.202008196721312,12.573351657581966,RTX4090D
task229_full_rat_B512,bigfish,1,512,6004736,5000000,6000000,19.055819672131147,8.45311046442623,17.32561475409836,18.881618852459017,14.886781356994536,RTX4090D
task229_full_rat_B512,bigfish,2,512,6004736,5000000,6000000,18.846475409836067,8.399136939344261,14.007315573770493,18.043524590163933,13.483325701092896,RTX4090D
task229_full_rat_B512,bigfish,3,512,6004736,5000000,6000000,23.387704918032785,8.027289386885245,13.682397540983606,21.023790983606556,14.24449263715847,RTX4090D
task229_full_rat_B512,bigfish,4,512,6004736,5000000,6000000,17.43266393442623,8.19077200717213,13.280512295081968,16.643073770491803,12.704786024248634,RTX4090D
task229_full_rat_B512,bossfight,0,512,6004736,5000000,6000000,3.659098360655738,1.5348360655737705,3.385922131147541,3.734323770491803,2.8850273224043717,RTX4090D
task229_full_rat_B512,bossfight,1,512,6004736,5000000,6000000,5.439877049180327,2.3298565573770493,4.518073770491803,5.309159836065573,4.052363387978142,RTX4090D
task229_full_rat_B512,bossfight,2,512,6004736,5000000,6000000,4.401024590163934,2.1206149610860656,4.023073770491803,4.191372950819672,3.4450205607991804,RTX4090D
task229_full_rat_B512,bossfight,3,512,6004736,5000000,6000000,0.0,2.0491803278688525e-05,0.0,0.0,6.830601092896175e-06,RTX4090D
task229_full_rat_B512,bossfight,4,512,6004736,5000000,6000000,4.675450819672131,1.7577663934426229,3.7874180327868854,4.489487704918033,3.3448907103825136,RTX4090D
task229_full_rat_B512,caveflyer,0,512,6004736,5000000,6000000,6.410204918032787,4.005679534426229,5.898709016393442,6.149918032786886,5.351435527868852,RTX4090D
task229_full_rat_B512,caveflyer,1,512,6004736,5000000,6000000,6.998401639344262,4.218770406762295,5.740184426229508,6.858217213114754,5.605724015368852,RTX4090D
task229_full_rat_B512,caveflyer,2,512,6004736,5000000,6000000,6.978360655737705,3.9020081596311473,5.796024590163935,6.885225409836066,5.527752719877049,RTX4090D
task229_full_rat_B512,caveflyer,3,512,6004736,5000000,6000000,6.106680327868853,4.0738479125,5.862540983606557,6.19780737704918,5.3780654243852455,RTX4090D
task229_full_rat_B512,caveflyer,4,512,6004736,5000000,6000000,6.021967213114754,4.323604480122951,5.26030737704918,5.84983606557377,5.1445826409153,RTX4090D
task229_full_rat_B512,coinrun,0,512,6004736,5000000,6000000,9.507377049180327,4.011071090409836,8.415573770491804,9.448360655737705,7.291668505546448,RTX4090D
task229_full_rat_B512,coinrun,1,512,6004736,5000000,6000000,9.784016393442624,8.59066360204918,9.622131147540983,9.7422131147541,9.318335954781421,RTX4090D
task229_full_rat_B512,coinrun,2,512,6004736,5000000,6000000,9.715983606557376,8.011079789139345,9.525,9.673360655737705,9.069813481625683,RTX4090D
task229_full_rat_B512,coinrun,3,512,6004736,5000000,6000000,9.401639344262295,3.918032786885246,9.13483606557377,9.38032786885246,7.477732240437159,RTX4090D
task229_full_rat_B512,coinrun,4,512,6004736,5000000,6000000,5.273770491803279,3.0952945528688525,4.851229508196721,5.0139344262295085,4.320152829098361,RTX4090D
task229_full_rat_B512,jumper,0,512,6004736,5000000,6000000,8.98032786885246,7.119603957581967,8.938319672131147,8.852459016393443,8.30346088203552,H200
task229_full_rat_B512,jumper,1,512,6004736,5000000,6000000,8.858196721311476,7.563377667418033,8.970491803278689,8.937295081967212,8.490388184221311,H200
task229_full_rat_B512,jumper,2,512,6004736,5000000,6000000,8.968032786885246,8.681025344467214,8.939344262295082,8.915368852459016,8.84524615307377,H200
task229_full_rat_B512,jumper,3,512,6004736,5000000,6000000,8.89672131147541,8.646759581967213,8.85594262295082,8.910245901639344,8.804316035519125,H200
task229_full_rat_B512,jumper,4,512,6004736,5000000,6000000,9.001639344262296,8.046030064139345,8.931967213114755,8.993032786885246,8.657010021379781,H200
task229_full_rat_B512,maze,0,512,6004736,5000000,6000000,8.90983606557377,1.9527118549180327,4.410245901639344,7.897950819672131,4.7536361920765025,H200
task229_full_rat_B512,maze,1,512,6004736,5000000,6000000,6.891803278688524,4.533848981147541,6.702049180327869,6.782786885245901,6.006228348907104,H200
task229_full_rat_B512,maze,2,512,6004736,5000000,6000000,8.877868852459017,5.9729039114754094,8.672540983606558,8.931147540983607,7.8588641453551915,H200
task229_full_rat_B512,maze,3,512,6004736,5000000,6000000,8.935245901639345,3.7594258398565574,8.704303278688524,8.451229508196722,6.971652875580601,H200
task229_full_rat_B512,maze,4,512,6004736,5000000,6000000,8.955737704918032,4.760238517827869,8.667622950819672,8.659631147540983,7.362497538729508,H200
task229_full_rat_B512,miner,0,512,6004736,5000000,6000000,11.726598360655737,1.9640546722540984,6.889385245901639,11.251434426229508,6.7016247814617484,H200
task229_full_rat_B512,miner,1,512,6004736,5000000,6000000,9.09889344262295,2.256934544057377,3.9956352459016395,7.921885245901639,4.724818345286885,H200
task229_full_rat_B512,miner,2,512,6004736,5000000,6000000,11.71282786885246,2.6282972808196723,6.068360655737705,11.030737704918034,6.57579854715847,H200
task229_full_rat_B512,miner,3,512,6004736,5000000,6000000,11.948524590163935,2.223723628504098,5.349856557377049,10.993975409836066,6.189185198572404,H200
task229_full_rat_B512,miner,4,512,6004736,5000000,6000000,12.678811475409836,3.222816575327869,7.616106557377049,11.983934426229508,7.607619186311475,H200
task229_full_rat_B512,starpilot,0,512,6004736,5000000,6000000,27.77061475409836,13.948045878893442,23.389508196721312,25.195696721311474,20.844416932308743,H200
task229_full_rat_B512,starpilot,1,512,6004736,5000000,6000000,26.05704918032787,13.673025259344262,21.211803278688524,24.551454918032785,19.812094485355193,H200
task229_full_rat_B512,starpilot,2,512,6004736,5000000,6000000,25.12204918032787,13.003490297745902,19.749262295081966,23.72219262295082,18.824981738592896,H200
task229_full_rat_B512,starpilot,3,512,6004736,5000000,6000000,21.961188524590163,13.20572767704918,19.915,21.33469262295082,18.151806766666667,H200
task229_full_rat_B512,starpilot,4,512,6004736,5000000,6000000,27.700655737704917,13.613353825,21.859282786885245,27.035204918032786,20.835947176639344,H200
task253_dual127p1_B512,caveflyer,0,512,6004736,5000000,6000000,7.373360655737705,3.7741674034836064,5.381659836065574,7.119672131147541,5.425166456898907,Bede GPU; exact model not retained in scalar snapshot
task253_dual127p1_B512,caveflyer,1,512,6004736,5000000,6000000,5.709262295081968,3.5078686545081967,4.925635245901639,5.670122950819672,4.701208950409836,Bede GPU; exact model not retained in scalar snapshot
task253_dual127p1_B512,caveflyer,2,512,6004736,5000000,6000000,5.991393442622951,2.2026201584016394,5.054180327868853,5.827827868852459,4.361542785040983,Bede GPU; exact model not retained in scalar snapshot
task253_dual127p1_B512,coinrun,0,512,6004736,5000000,6000000,9.89139344262295,3.6950075911885247,9.83954918032787,9.897336065573771,7.810630945696722,Bede GPU; exact model not retained in scalar snapshot
task253_dual127p1_B512,coinrun,1,512,6004736,5000000,6000000,9.929918032786885,8.671324950819672,9.886065573770493,9.919672131147541,9.492354218579235,Bede GPU; exact model not retained in scalar snapshot
task253_dual127p1_B512,coinrun,2,512,6004736,5000000,6000000,9.979098360655739,9.076401449590165,9.939344262295082,9.969467213114754,9.661737641666667,Bede GPU; exact model not retained in scalar snapshot
task253_dual127p1_B512,maze,0,512,6004736,5000000,6000000,7.41844262295082,5.15327371454918,7.670901639344263,7.381147540983607,6.7351076316256835,RTX4090
task253_dual127p1_B512,maze,1,512,6004736,5000000,6000000,8.718852459016393,6.724246575614754,8.770491803278688,8.765983606557377,8.086907328483607,RTX4090
task253_dual127p1_B512,maze,2,512,6004736,5000000,6000000,8.740573770491803,6.435526719057377,8.71577868852459,8.798155737704919,7.983153715095629,RTX4090
task253_dual127p1_B512,starpilot,0,512,6004736,5000000,6000000,31.862704918032787,14.52910284385246,24.68702868852459,30.66450819672131,23.29354657636612,RTX4090D
task253_dual127p1_B512,starpilot,1,512,6004736,5000000,6000000,31.63938524590164,14.562655164959017,25.57264344262295,30.931639344262294,23.688979317281422,RTX4090D
task253_dual127p1_B512,starpilot,2,512,6004736,5000000,6000000,29.67815573770492,14.064637838729508,23.363504098360657,28.19967213114754,21.875938022745903,RTX4090D
task278_ppo_fixedlr_B4096,bigfish,0,4096,15007744,14000000,15000000,34.15533294677734,10.898355298920682,22.82784310509177,31.80888154632167,21.847177233163848,NVIDIA L40S
task278_ppo_fixedlr_B4096,bigfish,1,4096,15007744,14000000,15000000,26.772999890645345,11.716710495321374,21.16607840544258,26.24190780991002,19.711422272271086,NVIDIA L40S
task278_ppo_fixedlr_B4096,bigfish,2,4096,15007744,14000000,15000000,30.418333307902017,11.595723690955262,22.105228735730538,29.754210534848664,21.153807437393805,NVIDIA L40S
task278_ppo_fixedlr_B4096,bossfight,0,4096,15007744,14000000,15000000,7.25600004196167,3.0677631595539614,5.7060130670958875,6.844736849006853,5.2072647714812135,NVIDIA GeForce RTX 4090 D
task278_ppo_fixedlr_B4096,bossfight,1,4096,15007744,14000000,15000000,5.784666665395101,2.0994078952843616,4.903594769683539,5.7516447399791915,4.252975930681929,NVIDIA L40S
task278_ppo_fixedlr_B4096,bossfight,2,4096,15007744,14000000,15000000,8.137000068028767,3.5025657948327105,6.4352287591672415,7.707171079359557,5.8828665317939,NVIDIA L40S
task278_ppo_fixedlr_B4096,caveflyer,0,4096,15007744,14000000,15000000,7.147333367665609,4.959578675659079,5.928627450481739,7.113881578570918,6.000538202552879,NVIDIA GeForce RTX 4090 D
task278_ppo_fixedlr_B4096,caveflyer,1,4096,15007744,14000000,15000000,8.023666699727377,4.654437805476942,7.209607831792893,8.112500015058016,6.660053713316469,NVIDIA L40S
task278_ppo_fixedlr_B4096,caveflyer,2,4096,15007744,14000000,15000000,8.962999884287516,4.397565782854431,7.894509839076622,8.916776261831584,7.071422311096275,NVIDIA L40S
task278_ppo_fixedlr_B4096,starpilot,0,4096,15007744,14000000,15000000,38.49999993642171,12.279671054921652,23.569150351231393,35.001052580381696,23.616520779659762,NVIDIA L40S
task278_ppo_fixedlr_B4096,starpilot,1,4096,15007744,14000000,15000000,38.47333335876465,11.921447339026551,25.256078458299825,35.456907874659485,24.2137636687093,NVIDIA L40S
task278_ppo_fixedlr_B4096,starpilot,2,4096,15007744,14000000,15000000,34.92800000508626,11.521118410323796,20.762483708998737,31.365789426000493,21.215470456450984,NVIDIA L40S
task278_ppo_fixedlr_B8192,bigfish,0,8192,15007744,14000000,15000000,22.432000096638998,6.766447393517745,17.83842104359677,22.192368331708405,15.599078922940974,NVIDIA L40S
task278_ppo_fixedlr_B8192,bigfish,1,8192,15007744,14000000,15000000,21.49333318074544,9.071315782634835,17.217631540800397,19.592105162771123,15.293684162068786,NVIDIA L40S
task278_ppo_fixedlr_B8192,bigfish,2,8192,15007744,14000000,15000000,21.770000203450522,8.127894732512926,17.420131645704572,20.878026485443115,15.475350954553537,NVIDIA L40S
task278_ppo_fixedlr_B8192,bossfight,0,8192,15007744,14000000,15000000,6.121999994913737,2.4707894803416965,4.1369736822027905,5.748684205506978,4.118815789350489,NVIDIA GeForce RTX 4090 D
task278_ppo_fixedlr_B8192,bossfight,1,8192,15007744,14000000,15000000,6.660666624704997,1.9675000027851446,4.420000001003868,6.07736842569552,4.1549561431615105,NVIDIA L40S
task278_ppo_fixedlr_B8192,bossfight,2,8192,15007744,14000000,15000000,6.35,2.2127631584329435,4.509078960669668,5.696184214792754,4.139342111298455,NVIDIA L40S
task278_ppo_fixedlr_B8192,caveflyer,0,8192,15007744,14000000,15000000,8.007999992370605,4.945394729313097,6.84039474788465,8.029210511006807,6.604999996068185,NVIDIA GeForce RTX 4090 D
task278_ppo_fixedlr_B8192,caveflyer,1,8192,15007744,14000000,15000000,8.783333333333333,4.4097368262316055,6.6255263027391935,8.314210552918283,6.449824560629694,NVIDIA L40S
task278_ppo_fixedlr_B8192,caveflyer,2,8192,15007744,14000000,15000000,9.93999989827474,4.774473684398751,7.936842109027662,9.882894628926328,7.53140347411758,NVIDIA L40S
task278_ppo_fixedlr_B8192,starpilot,0,8192,15007744,14000000,15000000,26.528666559855143,9.194736868143082,17.3182894305179,24.023026265596087,16.845350854752358,NVIDIA L40S
task278_ppo_fixedlr_B8192,starpilot,1,8192,15007744,14000000,15000000,31.80066680908203,9.869342083993711,20.40157897848832,27.64328949074996,19.30473685107733,NVIDIA L40S
task278_ppo_fixedlr_B8192,starpilot,2,8192,15007744,14000000,15000000,27.86266657511393,9.19763154889408,17.413421128925524,24.30552615617451,16.972192944664705,NVIDIA L40S
task280_coeff128_ray_B512,bigfish,0,512,6004736,5000000,6000000,14.482090163934426,8.255229069467212,12.101372950819671,13.854118852459017,11.403573624248635,RTX4090D
task280_coeff128_ray_B512,bigfish,1,512,6004736,5000000,6000000,20.897868852459016,7.816679873237705,14.6425,20.411024590163933,14.290068154467214,L4
task280_coeff128_ray_B512,bigfish,2,512,6004736,5000000,6000000,14.038606557377049,6.685679542827869,11.243790983606557,13.681352459016393,10.536940995150273,L4
task280_coeff128_ray_B512,bossfight,0,512,6004736,5000000,6000000,3.46594262295082,1.396188524590164,3.2004098360655737,3.4118032786885246,2.669467213114754,RTX4090D
task280_coeff128_ray_B512,bossfight,1,512,6004736,5000000,6000000,4.691598360655738,1.4229303278688525,3.0602868852459015,4.116967213114754,2.8667281420765027,L4
task280_coeff128_ray_B512,bossfight,2,512,6004736,5000000,6000000,3.0743032786885247,1.2695698791188526,2.295901639344262,3.1018032786885246,2.2224249323838796,L4
task280_coeff128_ray_B512,caveflyer,0,512,6004736,5000000,6000000,6.456844262295082,4.191575870491803,5.410184426229508,6.3772745901639345,5.326344962295082,RTX4090D
task280_coeff128_ray_B512,caveflyer,1,512,6004736,5000000,6000000,6.045655737704918,4.122407759508197,4.952540983606557,5.923811475409836,4.999586739508197,L4
task280_coeff128_ray_B512,caveflyer,2,512,6004736,5000000,6000000,5.708729508196721,3.6020918588114754,4.947520491803279,5.482008196721312,4.677206849112022,L4
task280_coeff128_ray_B512,coinrun,0,512,6004736,5000000,6000000,9.86639344262295,6.881446404303278,9.707581967213114,9.874180327868853,8.821069566461748,RTX4090D
task280_coeff128_ray_B512,coinrun,1,512,6004736,5000000,6000000,9.923360655737705,8.797953223565575,9.849590163934426,9.900819672131147,9.51612101987705,L4
task280_coeff128_ray_B512,coinrun,2,512,6004736,5000000,6000000,9.897131147540984,8.403743805737705,9.818442622950819,9.884426229508197,9.368870886065574,L4
task280_coeff128_ray_B512,jumper,0,512,6004736,5000000,6000000,8.988524590163934,7.459221259836066,8.979713114754098,8.97704918032787,8.47199451830601,RTX4090D
task280_coeff128_ray_B512,jumper,1,512,6004736,5000000,6000000,8.956147540983606,8.136747637704918,8.99077868852459,8.955327868852459,8.694284731693989,L4
task280_coeff128_ray_B512,jumper,2,512,6004736,5000000,6000000,8.958196721311475,8.647954401844263,9.008401639344262,8.959016393442623,8.871790811543717,L4
task280_coeff128_ray_B512,maze,0,512,6004736,5000000,6000000,8.326639344262295,5.4934879125,8.598770491803279,8.568852459016393,7.553703621106558,RTX4090D
task280_coeff128_ray_B512,maze,1,512,6004736,5000000,6000000,8.90655737704918,6.767935017418033,8.768647540983606,8.860655737704919,8.132412765368853,L4
task280_coeff128_ray_B512,maze,2,512,6004736,5000000,6000000,8.13688524590164,5.139702393237705,8.709426229508196,8.470901639344262,7.440010087363388,L4
task280_coeff128_ray_B512,miner,0,512,6004736,5000000,6000000,12.691639344262295,2.8567736761680327,7.776434426229508,12.475327868852458,7.70284532375,RTX4090D
task280_coeff128_ray_B512,miner,1,512,6004736,5000000,6000000,12.66827868852459,3.033397464815574,6.861434426229509,11.975676229508197,7.2901693735177595,L4
task280_coeff128_ray_B512,miner,2,512,6004736,5000000,6000000,10.293811475409836,2.4780561682377047,4.2343237704918035,8.708422131147541,5.140267356625683,L4
task280_coeff128_ray_B512,starpilot,0,512,6004736,5000000,6000000,24.769795081967214,12.023728939139344,18.843094262295082,23.123524590163935,17.996782597199452,RTX4090D
task280_coeff128_ray_B512,starpilot,1,512,6004736,5000000,6000000,29.643647540983608,12.777861324918034,22.38026639344262,28.19293032786885,21.11701934874317,L4
task280_coeff128_ray_B512,starpilot,2,512,6004736,5000000,6000000,30.60532786885246,13.182055871516393,23.864918032786886,29.321065573770493,22.12267982602459,L4
task281_dual127p1_B4096,bigfish,0,4096,15007744,14000000,15000000,26.082000096638996,10.094342083523149,22.291634104610267,25.873947419618304,19.426258254885933,NVIDIA GeForce RTX 4090 D
task281_dual127p1_B4096,bigfish,1,4096,15007744,14000000,15000000,24.083666610717774,8.102894706161399,18.977058840732948,22.96802632432235,16.687680523557265,NVIDIA GeForce RTX 4090
task281_dual127p1_B4096,bigfish,2,4096,15007744,14000000,15000000,24.83999989827474,8.825197390035578,19.117843147975947,23.5598684235623,17.171903731525596,NVIDIA GeForce RTX 4090
task281_dual127p1_B4096,bossfight,0,4096,15007744,14000000,15000000,7.400666666030884,0.6648684198919096,3.3541176397036883,6.701710509626489,3.573085330769061,NVIDIA GeForce RTX 4090 D
task281_dual127p1_B4096,bossfight,1,4096,15007744,14000000,15000000,7.0696666717529295,0.6601973684921273,3.405882353876151,6.464736847501052,3.5100437658074712,NVIDIA GeForce RTX 4090
task281_dual127p1_B4096,bossfight,2,4096,15007744,14000000,15000000,8.746666717529298,0.5569736834639978,3.7039215638746623,7.716513178850475,3.991838079528716,NVIDIA GeForce RTX 4090
task281_dual127p1_B4096,caveflyer,0,4096,15007744,14000000,15000000,9.926666577657064,4.534512872758665,6.8137254683799995,9.254605217983848,6.867496600557991,NVIDIA GeForce RTX 4090 D
task281_dual127p1_B4096,caveflyer,1,4096,15007744,14000000,15000000,9.719999980926513,4.407793062297921,8.260130726434047,9.51973683583109,7.397777999256059,NVIDIA GeForce RTX 4090
task281_dual127p1_B4096,caveflyer,2,4096,15007744,14000000,15000000,9.94333324432373,4.045000000219596,8.715686255810308,9.838157829485441,7.535536077142544,NVIDIA GeForce RTX 4090
task281_dual127p1_B4096,starpilot,0,4096,15007744,14000000,15000000,38.693333307902016,12.834605261683464,27.76647052889556,35.916250103398376,25.510722114690285,NVIDIA GeForce RTX 4090 D
task281_dual127p1_B4096,starpilot,1,4096,15007744,14000000,15000000,35.017333793640134,12.300723643679367,25.609019559972428,33.6872370117589,23.869474862806126,NVIDIA GeForce RTX 4090
task281_dual127p1_B4096,starpilot,2,4096,15007744,14000000,15000000,37.372666422526045,11.995394723195778,26.00849667717429,34.79519736139398,24.27017502946457,NVIDIA GeForce RTX 4090
task281_dual127p1_B8192,bigfish,0,8192,15007744,14000000,15000000,17.473333231608073,5.341710523555153,11.266842126846313,15.97026310468975,10.859605251697072,NVIDIA GeForce RTX 4090 D
task281_dual127p1_B8192,bigfish,1,8192,15007744,14000000,15000000,21.408000055948893,5.224210527382399,11.60052626383932,18.080789591136732,11.63517546078615,Tesla V100-SXM2-32GB
task281_dual127p1_B8192,bigfish,2,8192,15007744,14000000,15000000,28.70866673787435,5.297500006462398,15.811973716083326,25.134473650079023,15.41464912420825,Tesla V100-SXM2-32GB
task281_dual127p1_B8192,bossfight,0,8192,15007744,14000000,15000000,4.6546666622161865,0.1903947360666567,0.8089473635742539,3.5880263275221775,1.5291228090543627,NVIDIA GeForce RTX 4090 D
task281_dual127p1_B8192,bossfight,1,8192,15007744,14000000,15000000,4.503333361943563,0.21118420997242393,1.1678947306385166,3.3638157781801725,1.5809649062637043,Tesla V100-SXM2-32GB
task281_dual127p1_B8192,bossfight,2,8192,15007744,14000000,15000000,4.332666667302449,0.2222368414023597,0.9315789381140157,3.118684216549522,1.4241666653552991,Tesla V100-SXM2-32GB
task281_dual127p1_B8192,caveflyer,0,8192,15007744,14000000,15000000,5.539999930063884,3.718815787842399,2.5126315702341104,4.151710499078035,3.461052619051515,NVIDIA GeForce RTX 4090 D
task281_dual127p1_B8192,caveflyer,1,8192,15007744,14000000,15000000,7.9,3.7701315801394615,6.0526315914957145,7.47105264036279,5.764605270665989,Tesla V100-SXM2-32GB
task281_dual127p1_B8192,caveflyer,2,8192,15007744,14000000,15000000,9.826666577657063,3.48894738209875,5.746052629069278,8.377631576437699,5.870877195868576,Tesla V100-SXM2-32GB
task281_dual127p1_B8192,starpilot,0,8192,15007744,14000000,15000000,30.003999964396158,7.991315789912877,19.00434204151756,26.74644741259123,17.914035081340554,NVIDIA GeForce RTX 4090 D
task281_dual127p1_B8192,starpilot,1,8192,15007744,14000000,15000000,31.141333770751952,8.06065792943302,19.159868478775024,27.434079094936973,18.218201834381674,Tesla V100-SXM2-32GB
task281_dual127p1_B8192,starpilot,2,8192,15007744,14000000,15000000,25.149333445231118,7.491052663639972,15.38105260698419,21.967499958841426,14.946535076488528,Tesla V100-SXM2-32GB
