action_max,action_min,adv_avg,adv_max,adv_med,adv_min,adv_var,blockdiag_actor_cholesky_info_max,blockdiag_actor_direction_l2,blockdiag_actor_jacobi_scale_max,blockdiag_actor_jacobi_scale_min,blockdiag_actor_post_lr_delta_l2,blockdiag_actor_raw_scale,blockdiag_actor_relative_solve_residual,blockdiag_actor_rhs_l2,blockdiag_actor_solve_residual,blockdiag_actor_system_rows,blockdiag_critic_cholesky_info_max,blockdiag_critic_direction_l2,blockdiag_critic_jacobi_scale_max,blockdiag_critic_jacobi_scale_min,blockdiag_critic_post_lr_delta_l2,blockdiag_critic_raw_j_scale,blockdiag_critic_relative_solve_residual,blockdiag_critic_rhs_l2,blockdiag_critic_solve_residual,blockdiag_critic_system_rows,blockdiag_critic_weighted_scale,blockdiag_direction_cosine,blockdiag_finite_scan_pass,blockdiag_no_dual_cross_solve,blockdiag_policy_sum_direction_l2,blockdiag_shared_actor_direction_l2,blockdiag_shared_contribution_ratio,blockdiag_shared_critic_direction_l2,blockdiag_shared_sum_direction_l2,blockdiag_sum_post_lr_delta_l2,blockdiag_value_sum_direction_l2,clipfrac,critic_ratio_max,critic_ratio_min,critic_rows,curr_lr,entropy,eplenmean,eprewmean,fps,grad_norm,joint_actor_fisher_quadratic,joint_applied_solve_residual,joint_cholesky_info_max,joint_clip_scale,joint_critic_curvature_coef,joint_critic_ggn_quadratic,joint_critic_objective_coef,joint_direction_l2,joint_kernel_mode,joint_linear_solve_dtype,joint_predicted_step_kl,joint_relative_solve_residual,joint_solve_residual,joint_solver_mode,joint_system_rows,kl,loss_pi,loss_v,lr,misc/nupdates,misc/serial_timesteps,misc/time_elapsed,misc/total_timesteps,optimizer_history_correction,optimizer_momentum,optimizer_momentum_semantics,ratio_max,ratio_min,ret_avg,ret_max,ret_med,ret_min,ret_var
14,0,-0.18806549906730652,0.5780346393585205,-0.14288797974586487,-1.5371434688568115,0.06578770279884338,0,0.45627811551094055,1.305899459635496,0.8070917529977011,4.562781032291241e-05,94.59245300292969,1.042484825687662e-15,22.62741470336914,3.094100409720292e-14,512,0,0.1858363002538681,1.3953121477777524,1.365896095366239,1.8583628843771294e-05,106.65972900390625,5.738919529781425e-16,12.484903335571289,8.627743779375024e-15,512,10.665972709655762,0.02416127547621727,1.0,1.0,0.15622515976428986,0.42869964241981506,2.6500179767608643,0.16177235543727875,0.46265658736228943,4.9681209929985926e-05,0.0914594829082489,0.0,1.0,1.0,512,0.0001,2.620354175567627,24.85,0.0,1567,0.4968121349811554,0.7823935747146606,3.094100409720292e-14,0,1.0,0.1,1.1564948558807373,1.0,0.496812105178833,full_shared_detggn_blockdiag_bxb,torch.float64,3.911967638714486e-09,1.042484825687662e-15,3.094100409720292e-14,two_independent_raw_bxb_fp64_jacobi_cholesky,1024,0.05783909931778908,0.0009455978870391846,0.030443906784057617,0.0001,9,40960,26.86148985568434,40960,1.0,1e-06,paper_sgd_momentum_1e-6,3.1743979454040527,0.6278437972068787,0.02507081627845764,0.8172481060028076,-0.03680238872766495,-0.2195562720298767,0.026785803958773613
14,0,-0.36094701290130615,0.2761984169483185,-0.3191815912723541,-1.5709025859832764,0.07037852704524994,0,0.5094432234764099,0.948831603493002,0.32582235040724206,0.0002564234018791467,816.0687866210938,6.165287618641983e-15,22.627418518066406,3.314732995364494e-13,512,0,0.43303847312927246,1.1674957650222684,0.9943170417912914,0.00021796580404043198,1845.57958984375,9.288676876330144e-16,16.831012725830078,1.0330707272648538e-13,512,184.55795288085938,0.2764330506324768,1.0,1.0,0.1902649998664856,0.47257980704307556,1.1557033061981201,0.40891098976135254,0.7158958315849304,0.000379687495296821,0.14252765476703644,0.0,1.0,1.0,512,0.0007593750000000001,2.395029306411743,40.01,0.0,1536,0.7543352842330933,10.837451934814453,3.314732995364494e-13,0,0.6628352403640747,0.1,454.6143798828125,1.0,0.7543352842330933,full_shared_detggn_blockdiag_bxb,torch.float64,1.3728432577408967e-06,6.165287618641983e-15,3.314732995364494e-13,two_independent_raw_bxb_fp64_jacobi_cholesky,1024,0.07382683455944061,-0.007277669385075569,0.05532870441675186,0.0005062500000000001,19,81920,53.409363467711955,81920,1.0,1e-06,paper_sgd_momentum_1e-6,3.541011333465576,0.6340435743331909,0.1189509779214859,0.924138069152832,0.0566369891166687,-0.1983230710029602,0.06990986317396164
14,0,-0.3157343864440918,22.07785987854004,-0.37026676535606384,-3.461106538772583,1.372426152229309,0,0.5338503122329712,0.6613719742652835,0.13730537628150147,3.482800821075216e-05,4615.51806640625,5.904023599626447e-14,22.627416610717773,1.3548334668619402e-12,512,0,1.0466840267181396,0.6569765749916886,0.4684499814927139,6.828490586485714e-05,15074.9580078125,5.847783003887043e-14,89.43675231933594,5.3484524084245095e-12,512,1507.495849609375,-0.0527319461107254,1.0,1.0,0.21616731584072113,0.48812687397003174,0.48305031657218933,1.0105093717575073,1.0956581830978394,7.500001083826646e-05,0.2727969288825989,0.0,1.0,1.0,512,0.00014999999999999993,1.591116189956665,55.57,0.02,1541,1.1496143341064453,0.8735696077346802,5.3484524084245095e-12,0,0.4349284768104553,0.1,13.494550704956055,1.0,1.1496143341064453,full_shared_detggn_blockdiag_bxb,torch.float64,1.859027487505216e-09,5.904023599626447e-14,5.3484524084245095e-12,two_independent_raw_bxb_fp64_jacobi_cholesky,1024,0.10905405879020691,-0.022314779460430145,1.5622913837432861,0.0001,29,122880,80.09408706473187,122880,1.0,1e-06,paper_sgd_momentum_1e-6,2.5909643173217773,0.3400023877620697,0.31474781036376953,24.6586856842041,-0.021931380033493042,-0.3935313820838928,1.973634958267212
14,0,-0.1730976700782776,24.141979217529297,-0.26328468322753906,-2.040024995803833,1.504076361656189,0,0.5955454111099243,0.6263276438268565,0.27612279549085533,0.010612371377646923,2425.31982421875,2.5952343260753583e-14,22.627416610717773,6.097763131351174e-13,512,0,1.726575255393982,0.847924448152348,0.6124013170500026,0.03076685220003128,7743.734375,3.5804882798911657e-14,116.20733642578125,4.262125049930915e-12,512,774.3734130859375,0.02967456914484501,1.0,1.0,0.3803364336490631,0.45827779173851013,0.2762608230113983,1.658859133720398,1.73863685131073,0.032842040061950684,0.4787987470626831,0.0,1.0,1.0,512,0.0656840835571289,2.498786449432373,58.1,0.0,1563,1.8430306911468506,2.088682174682617,4.262125049930915e-12,0,0.2712922692298889,0.1,17.623289108276367,1.0,1.8430308103561401,full_shared_detggn_blockdiag_bxb,torch.float64,0.00033161751343868673,3.5804882798911657e-14,4.262125049930915e-12,two_independent_raw_bxb_fp64_jacobi_cholesky,1024,0.03542674705386162,-0.019251752644777298,2.637528419494629,0.0656840835571289,39,163840,106.70528793893754,163840,1.0,1e-06,paper_sgd_momentum_1e-6,1.9650033712387085,0.5276775360107422,-0.043999653309583664,25.248767852783203,-0.2869372069835663,-0.5977206826210022,1.7925007343292236
14,0,-0.14989233016967773,14.629241943359375,-0.07824923098087311,-3.1077933311462402,0.7456976771354675,0,1.0809717178344727,0.7567803133618975,0.18570362696411527,0.0011361843207851052,1991.1727294921875,2.927994439581261e-14,22.627416610717773,9.444493091998643e-13,512,0,0.5329572558403015,0.9694114832214448,0.6282618956746416,0.0005601790035143495,5465.5380859375,3.5788432544644036e-14,48.47943115234375,1.808022805605536e-12,512,546.5538330078125,0.029370447620749474,1.0,1.0,0.39705362915992737,1.0054094791412354,1.9224140644073486,0.5229932069778442,1.1481339931488037,0.0012814452638849616,0.10257462412118912,0.0,1.0,1.0,512,0.002562890625,2.185267925262451,33.24,0.01,1553,1.219173789024353,3.0159268379211426,1.808022805605536e-12,0,0.4101138114929199,0.1,66.1043701171875,1.0,1.219173789024353,full_shared_detggn_blockdiag_bxb,torch.float64,1.665941340434074e-06,3.5788432544644036e-14,1.808022805605536e-12,two_independent_raw_bxb_fp64_jacobi_cholesky,1024,0.0480293408036232,-0.30060291290283203,0.459034264087677,0.00170859375,49,204800,133.50028576981276,204800,1.0,1e-06,paper_sgd_momentum_1e-6,8.281954765319824,0.28044387698173523,-0.2204168438911438,15.280138969421387,-0.4668608605861664,-1.3818268775939941,1.1169933080673218
14,0,-0.30153900384902954,0.5569140315055847,-0.28765231370925903,-1.8508589267730713,0.07283961027860641,0,0.5637676119804382,0.8283268130749258,0.2849913403412379,0.0006872082012705505,1268.0667724609375,6.9754955698324884e-15,22.627418518066406,3.4117394144916053e-13,512,0,0.32039177417755127,1.0954323199128126,0.7941992110483079,0.0003905436606146395,2824.053955078125,1.7376997545563747e-15,10.935258865356445,1.4048686875125044e-13,512,282.4053955078125,0.1956961452960968,1.0,1.0,0.18850427865982056,0.5313191413879395,1.7193279266357422,0.30902722477912903,0.6696967482566833,0.0008542969007976353,0.08457580208778381,0.0,1.0,1.0,512,0.00170859375,2.5617005825042725,53.81,0.0,1445,0.7008428573608398,9.121944427490234,3.4117394144916053e-13,0,0.7134267687797546,0.1,282.7620849609375,1.0,0.7008427977561951,full_shared_detggn_blockdiag_bxb,torch.float64,6.77694333717227e-06,6.9754955698324884e-15,3.4117394144916053e-13,two_independent_raw_bxb_fp64_jacobi_cholesky,1024,0.047875914722681046,-0.036952801048755646,0.023355446755886078,0.0011390625,59,245760,160.24425133271143,245760,1.0,1e-06,paper_sgd_momentum_1e-6,2.8272640705108643,0.26492124795913696,-0.21551987528800964,1.3953489065170288,-0.243584543466568,-0.946127712726593,0.11366304755210876
14,0,0.40318021178245544,77.18048095703125,-0.1751721203327179,-2.5173308849334717,15.719977378845215,0,0.7764008641242981,1.3880283249675973,0.09428757292780901,8.833047104417346e-06,15018.83984375,6.602903917640881e-14,22.627416610717773,2.7497087313069905e-12,512,0,4.216696262359619,0.7268059821852573,0.3305222401248577,4.797299698111601e-05,18595.20703125,5.55303071641848e-14,179.08558654785156,1.0274290726252518e-11,512,1859.5205078125,0.14226461946964264,1.0,1.0,0.3269452154636383,0.704205334186554,0.18106426298618317,3.889256477355957,4.068626880645752,4.999999873689376e-05,1.6291753053665161,0.0,1.0,1.0,512,0.0001,1.54571533203125,65.39,0.21,1549,4.394864082336426,208.98971557617188,1.0274290726252518e-11,0,0.11376915872097015,0.1,139.18353271484375,1.0,4.394864082336426,full_shared_detggn_blockdiag_bxb,torch.float64,1.3525209396902937e-08,6.602903917640881e-14,1.0274290726252518e-11,two_independent_raw_bxb_fp64_jacobi_cholesky,1024,0.08511966466903687,-0.06859295070171356,6.263993263244629,0.0001,69,286720,187.26847671996802,286720,1.0,1e-06,paper_sgd_momentum_1e-6,2.844295024871826,0.17266523838043213,1.2293221950531006,78.86099243164062,0.39116013050079346,-0.622892439365387,16.862546920776367
14,0,-0.3773210346698761,5.5004496574401855,-0.30587440729141235,-4.906623840332031,0.3449738621711731,0,0.5936757922172546,1.3862628725224204,0.0369957891007516,3.3507389161968604e-05,26569.078125,8.441417349754206e-14,22.627416610717773,7.274182117080555e-12,512,0,0.5795674920082092,0.6303557762578277,0.26562501590876575,3.271110836067237e-05,27447.234375,4.375433885228767e-14,25.40618324279785,2.2548569493937128e-12,512,2744.723388671875,0.14015509188175201,1.0,1.0,0.14964936673641205,0.5745050311088562,1.0418440103530884,0.5514309406280518,0.8547397255897522,4.999999873689376e-05,0.1783882975578308,0.0,1.0,1.0,512,0.0001,1.3423423767089844,70.2,0.03,1543,0.885887861251831,50.65895080566406,7.274182117080555e-12,0,0.5644055008888245,0.1,99.39401245117188,1.0,0.885887861251831,full_shared_detggn_blockdiag_bxb,torch.float64,8.068794699056525e-08,8.441417349754206e-14,7.274182117080555e-12,two_independent_raw_bxb_fp64_jacobi_cholesky,1024,0.049529045820236206,-0.019076146185398102,0.12606917321681976,0.0001,79,327680,214.01221558777615,327680,1.0,1e-06,paper_sgd_momentum_1e-6,3.4186806678771973,0.42919424176216125,0.8337783217430115,7.65578556060791,0.054920975118875504,-0.49850454926490784,1.79641854763031
14,0,-0.35638391971588135,0.598433256149292,-0.34528833627700806,-2.1539218425750732,0.08372757583856583,0,0.49955111742019653,1.4141077268640738,0.030253083799374043,2.7054498787038028e-05,21616.287109375,4.3960648158465545e-14,22.627416610717773,4.157653519103953e-12,512,0,0.5748897194862366,0.6178137363385993,0.27404852462807805,3.113465936621651e-05,27620.30859375,3.684815719430852e-14,20.22142791748047,1.7026275154258963e-12,512,2762.031005859375,0.47409242391586304,1.0,1.0,0.11728517711162567,0.48558780550956726,0.8747088313102722,0.5551422238349915,0.9034847021102905,4.999999873689376e-05,0.14938294887542725,0.0,1.0,1.0,512,0.0001,0.7630670070648193,78.79,0.03,1557,0.9232311248779297,51.440731048583984,4.157653519103953e-12,0,0.5415762066841125,0.1,92.49559020996094,1.0,0.9232311248779297,full_shared_detggn_blockdiag_bxb,torch.float64,7.543906122009503e-08,4.3960648158465545e-14,4.157653519103953e-12,two_independent_raw_bxb_fp64_jacobi_cholesky,1024,0.0832873061299324,0.0068452004343271255,0.0798644870519638,0.0001,89,368640,240.95286836568266,368640,1.0,1e-06,paper_sgd_momentum_1e-6,4.651346206665039,0.23583965003490448,0.4932094216346741,2.0854692459106445,0.2158723622560501,-0.729302167892456,0.5806121230125427
12,1,-0.30517539381980896,0.4994116425514221,-0.3066806197166443,-1.502933144569397,0.04915153235197067,0,0.34602078795433044,1.4142135611158948,0.04608209900725742,2.7779808078776114e-05,11402.28125,1.95314317843621e-15,22.62741470336914,7.08476498338921e-13,512,0,0.4594334363937378,0.3425255937250873,0.1319500345347556,3.688498691190034e-05,114475.109375,8.990301482135306e-14,17.166728973388672,4.586798441461017e-12,512,11447.509765625,0.17946478724479675,1.0,1.0,0.13525275886058807,0.3184918761253357,0.7171446084976196,0.44411107897758484,0.5964327454566956,5.0000002374872565e-05,0.11766239255666733,0.0,1.0,1.0,512,0.0001,0.06275755167007446,71.51,0.13,1605,0.6227919459342957,395.08819580078125,4.586798441461017e-12,0,0.8028363585472107,0.1,69.61793518066406,1.0,0.6227919459342957,full_shared_detggn_blockdiag_bxb,torch.float64,1.273263023904292e-06,8.990301482135306e-14,4.586798441461017e-12,two_independent_raw_bxb_fp64_jacobi_cholesky,1024,0.08826319873332977,-0.010540585964918137,0.057557933032512665,0.0001,99,409600,267.0027349037118,409600,1.0,1e-06,paper_sgd_momentum_1e-6,3.5897083282470703,0.10000000149011612,0.29841259121894836,1.8837388753890991,0.3593865931034088,-1.1244927644729614,0.16333098709583282
12,1,-0.5565816164016724,0.4962628185749054,-0.5415036082267761,-1.7942204475402832,0.09114141017198563,0,0.41003358364105225,1.4142135564349971,0.016764908780483034,2.5370693037984893e-05,80076.203125,6.00831149955155e-14,22.627416610717773,1.6736270504811507e-11,512,0,0.5330016016960144,0.21249041626694562,0.08728373318436836,3.297930015833117e-05,336714.8125,1.3774876881084802e-13,43.000328063964844,1.654405219845481e-11,512,33671.484375,0.45935627818107605,1.0,1.0,0.09295862913131714,0.39935731887817383,0.7651200890541077,0.5219537615776062,0.7954277396202087,4.999999873689376e-05,0.1079583466053009,0.0,1.0,1.0,512,0.0001,0.1478222906589508,71.22,0.0,1533,0.808085024356842,333.6337585449219,1.6736270504811507e-11,0,0.6187466979026794,0.1,658.533203125,1.0,0.8080850839614868,full_shared_detggn_blockdiag_bxb,torch.float64,6.38654228168889e-07,1.3774876881084802e-13,1.6736270504811507e-11,two_independent_raw_bxb_fp64_jacobi_cholesky,1024,0.16143189370632172,-0.006668420508503914,0.36113831400871277,0.0001,109,450560,293.62242359062657,450560,1.0,1e-06,paper_sgd_momentum_1e-6,10.0,0.10000000149011612,0.39295363426208496,1.1206732988357544,0.4662981629371643,-0.7804989218711853,0.14588266611099243
12,1,-0.3332141041755676,0.5357584357261658,-0.35143256187438965,-0.8333075046539307,0.0418672189116478,0,0.5416697859764099,1.4142132060888004,0.011579631065721071,3.0131290259305388e-05,68940.25,1.1522294379874847e-13,22.62741470336914,1.666826414388294e-11,512,0,0.4693002998828888,0.20236871225378747,0.08472923168980781,2.610561750771012e-05,353290.03125,1.9659241693842554e-13,37.10136413574219,1.1352823937319342e-11,512,35329.0,0.578824520111084,1.0,1.0,0.08947525173425674,0.5342287421226501,1.1683611869812012,0.45724624395370483,0.8881191611289978,4.999999873689376e-05,0.10568171739578247,0.0,1.0,1.0,512,0.0001,0.39851197600364685,90.96,0.0,1553,0.8988492488861084,134.43605041503906,1.666826414388294e-11,0,0.5562667846679688,0.1,144.8504638671875,1.0,0.8988492488861084,full_shared_detggn_blockdiag_bxb,torch.float64,2.0799457445264125e-07,1.9659241693842554e-13,1.666826414388294e-11,two_independent_raw_bxb_fp64_jacobi_cholesky,1024,0.07693527638912201,-0.007383562624454498,0.26884984970092773,0.0001,119,491520,320.5130894947797,491520,1.0,1e-06,paper_sgd_momentum_1e-6,6.103225231170654,0.18104279041290283,-0.5383235812187195,0.20175425708293915,-0.51563960313797,-1.0360087156295776,0.057171016931533813
12,1,-0.2496263086795807,0.8139394521713257,-0.28836795687675476,-0.6794975996017456,0.03536339849233627,0,0.4848206341266632,1.4142132649597141,0.02140351713704607,2.8253985874471255e-05,78182.3125,2.5633761689292125e-13,22.62741470336914,2.495492653822509e-11,512,0,0.5101961493492126,0.20327380109618348,0.08788431148976114,2.973280061269179e-05,283251.0,9.445277024882693e-14,49.56330108642578,1.1813909897397267e-11,512,28325.1015625,0.4866695702075958,1.0,1.0,0.08875308185815811,0.4766276478767395,0.9810503125190735,0.4858340620994568,0.8390278220176697,4.999999873689376e-05,0.1557733565568924,0.0,1.0,1.0,512,0.0001,0.2582801282405853,154.74,0.0,1579,0.8579686284065247,54.20075225830078,2.495492653822509e-11,0,0.5827719569206238,0.1,305.605712890625,1.0,0.8579685688018799,full_shared_detggn_blockdiag_bxb,torch.float64,9.20391443059998e-08,2.5633761689292125e-13,2.495492653822509e-11,two_independent_raw_bxb_fp64_jacobi_cholesky,1024,0.04691687971353531,0.003147188574075699,0.47978919744491577,0.0001,129,532480,346.7852120785974,532480,1.0,1e-06,paper_sgd_momentum_1e-6,2.6980066299438477,0.10000000149011612,-0.8416926860809326,-0.07138960808515549,-0.7550281882286072,-1.4899911880493164,0.18291032314300537
12,1,-0.38649314641952515,0.15917663276195526,-0.36139264702796936,-1.3116495609283447,0.032379649579524994,0,0.5495259761810303,1.4142117918145563,0.01570500160437108,3.812348950305022e-05,176892.125,1.3090893337096957e-12,22.62741470336914,1.3466613804744614e-10,512,0,0.384591668844223,0.21161039597365178,0.0939517268308988,2.668113484105561e-05,283533.03125,1.71388422444064e-13,11.876110076904297,1.1881348040611529e-11,512,28353.30078125,0.16453199088573456,1.0,1.0,0.13682693243026733,0.5322191119194031,1.472083330154419,0.36154142022132874,0.6953522562980652,4.999999873689376e-05,0.1311432123184204,0.0,1.0,1.0,512,0.0001,0.5399532914161682,116.55,0.0,1558,0.7207183241844177,42.945335388183594,1.3466613804744614e-10,0,0.6937522888183594,0.1,155.50460815429688,1.0,0.7207183241844177,full_shared_detggn_blockdiag_bxb,torch.float64,1.0334628797181722e-07,1.3090893337096957e-12,1.3466613804744614e-10,two_independent_raw_bxb_fp64_jacobi_cholesky,1024,0.08497361838817596,-0.0001967214047908783,0.027547258883714676,0.0001,139,573440,372.89898515772074,573440,1.0,1e-06,paper_sgd_momentum_1e-6,4.602949142456055,0.1440170854330063,0.029129188507795334,0.47942689061164856,0.08005218952894211,-0.7709823846817017,0.05336887389421463
12,1,-0.1291995346546173,0.9724333882331848,-0.18718351423740387,-0.6015698909759521,0.055805504322052,0,0.4347468912601471,1.4142127987374808,0.019963235248124978,3.7507692468352616e-05,138762.0625,2.3611165340948393e-13,22.62741470336914,4.503250873359475e-11,512,0,0.36513328552246094,0.22055927926118812,0.09732523979375601,3.150179691147059e-05,247638.4375,8.092094596547084e-14,25.70073127746582,1.4596164397251494e-11,512,24763.84375,0.0426596961915493,1.0,1.0,0.1317046582698822,0.41431719064712524,1.2069414854049683,0.3432786166667938,0.550493061542511,4.999999873689376e-05,0.12442714720964432,0.0,1.0,1.0,512,0.00010000000000000003,0.5874589681625366,102.81,0.0,1571,0.5795435905456543,138.3440704345703,4.503250873359475e-11,0,0.862747848033905,0.1,812.6658935546875,1.0,0.5795435905456543,full_shared_detggn_blockdiag_bxb,torch.float64,5.148708623892162e-07,2.3611165340948393e-13,4.503250873359475e-11,two_independent_raw_bxb_fp64_jacobi_cholesky,1024,0.08118456602096558,-0.02313867025077343,0.12900929152965546,0.0001,149,614400,399.1121918228455,614400,1.0,1e-06,paper_sgd_momentum_1e-6,1.9228615760803223,0.10000000149011612,-1.2262065410614014,-0.25611141324043274,-1.3956663608551025,-1.9066523313522339,0.13890781998634338
12,1,-0.20748788118362427,0.4285743832588196,-0.21690043807029724,-0.630763828754425,0.0133999427780509,0,0.5974607467651367,1.4142135597944192,0.007720363486534765,4.635766163119115e-05,35242.7109375,1.007909585216303e-13,22.62741470336914,1.604584358189786e-11,512,0,0.23324590921401978,0.19423935596143374,0.09484315274032626,1.809781497286167e-05,259168.46875,1.020446668837849e-14,106.16888427734375,5.022636948244106e-12,512,25916.845703125,0.013967268168926239,1.0,1.0,0.1703682839870453,0.572655200958252,2.911868095397949,0.19666248559951782,0.6086894869804382,4.999999873689376e-05,0.12540939450263977,0.0,1.0,1.0,512,0.0001,0.42705294489860535,155.87,0.0,1590,0.6444034576416016,101.59447479248047,1.604584358189786e-11,0,0.7759113907814026,0.1,5224.42822265625,1.0,0.6444034576416016,full_shared_detggn_blockdiag_bxb,torch.float64,3.0581892929149035e-07,1.007909585216303e-13,1.604584358189786e-11,two_independent_raw_bxb_fp64_jacobi_cholesky,1024,0.08091504126787186,-0.04002532362937927,2.2015297412872314,0.0001,159,655360,425.2692347248085,655360,1.0,1e-06,paper_sgd_momentum_1e-6,10.0,0.3455321788787842,-0.5519420504570007,-0.1568554788827896,-0.6269763708114624,-0.8631283640861511,0.03365693986415863
12,1,-0.05951198190450668,1.2842955589294434,-0.09403271973133087,-0.5907144546508789,0.04671867564320564,0,0.5379557609558105,1.4142135247472443,0.015554401546563212,4.4722150050802156e-05,217068.90625,8.562941240803316e-13,22.62741470336914,8.973082749480848e-11,512,0,0.2672792971134186,0.19974633950081525,0.0913823648096249,2.221986505901441e-05,334148.03125,3.460970790794634e-13,15.050558090209961,2.0157792973512595e-11,512,33414.80078125,0.0031229753512889147,1.0,1.0,0.1500547230243683,0.5166043043136597,2.0653133392333984,0.2501336336135864,0.574756383895874,4.999999873689376e-05,0.09418799728155136,0.0,1.0,1.0,512,0.0001,0.8056052923202515,155.8,0.0,1353,0.6014422178268433,29.57935905456543,8.973082749480848e-11,0,0.8313350677490234,0.1,87.79563903808594,1.0,0.6014422178268433,full_shared_detggn_blockdiag_bxb,torch.float64,1.0221413049293915e-07,8.562941240803316e-13,8.973082749480848e-11,two_independent_raw_bxb_fp64_jacobi_cholesky,1024,0.055909663438797,-0.003215857781469822,0.04424204304814339,0.0001,169,696320,451.80255719972774,696320,1.0,1e-06,paper_sgd_momentum_1e-6,2.158144950866699,0.3910447061061859,-1.3163378238677979,0.0013228951720520854,-1.563511848449707,-2.051583766937256,0.32503196597099304
12,1,-0.1231519803404808,0.4163247346878052,-0.1179477646946907,-0.5799897313117981,0.015768425539135933,0,0.5444931387901306,1.414213471832027,0.012541448830860835,4.0422091842629015e-05,207133.09375,2.0412320214833557e-13,22.62741470336914,4.58999208530312e-11,512,0,0.34680691361427307,0.19754684228487573,0.08934183894689955,2.5746259780135006e-05,312379.6875,1.643616425821296e-14,85.6091079711914,6.410579245404531e-12,512,31237.96875,0.09761758148670197,1.0,1.0,0.15491561591625214,0.5219903588294983,1.651077151298523,0.3161514103412628,0.6397598385810852,5.0000002374872565e-05,0.14255988597869873,0.0,1.0,1.0,512,0.0001,0.8417390584945679,115.01,0.0,1564,0.6735093593597412,203.8585205078125,4.58999208530312e-11,0,0.7423802018165588,0.1,3506.1376953125,1.0,0.6735093593597412,full_shared_detggn_blockdiag_bxb,torch.float64,5.617611122943345e-07,2.0412320214833557e-13,4.58999208530312e-11,two_independent_raw_bxb_fp64_jacobi_cholesky,1024,0.08654344081878662,0.040284764021635056,1.4314296245574951,0.0001,179,737280,478.1142540788278,737280,1.0,1e-06,paper_sgd_momentum_1e-6,5.266140937805176,0.1821744590997696,-0.4296858012676239,0.4918997287750244,-0.5634542107582092,-0.8099731206893921,0.08221680670976639
12,1,-0.06995727121829987,1.153786063194275,-0.11763442307710648,-0.5804229378700256,0.03630973771214485,0,0.24574428796768188,1.4142135623730947,0.06002867452490848,2.142977245966904e-05,34841.625,3.3806921079964615e-15,22.62741470336914,1.1474011758789517e-12,512,0,0.5014380216598511,0.19124786651622763,0.08994480835517295,4.3727173760998994e-05,311370.75,1.4007996660286124e-14,81.75971984863281,1.2282319524282766e-11,512,31137.07421875,0.06867128610610962,1.0,1.0,0.1234469786286354,0.2124878615140915,0.4803484380245209,0.4423619210720062,0.5076999664306641,4.999999873689376e-05,0.23612718284130096,0.0,1.0,1.0,512,0.0001,0.05154043063521385,170.22,0.0,1587,0.5733711123466492,370.08001708984375,1.2282319524282766e-11,0,0.8720354437828064,0.1,19106.80859375,1.0,0.573371171951294,full_shared_detggn_blockdiag_bxb,torch.float64,1.4071290479478193e-06,1.4007996660286124e-14,1.2282319524282766e-11,two_independent_raw_bxb_fp64_jacobi_cholesky,1024,0.06920184195041656,-0.021581152454018593,1.305596113204956,0.0001,189,778240,504.1520662647672,778240,1.0,1e-06,paper_sgd_momentum_1e-6,1.6513415575027466,0.10000000149011612,-0.573767900466919,-0.13716112077236176,-0.4307461380958557,-1.2544070482254028,0.0802043154835701
12,1,0.07050999999046326,1.9407482147216797,0.0203302763402462,-0.5471881628036499,0.07605824619531631,0,0.36861640214920044,1.4142135612173479,0.014363160304979153,3.228322748327628e-05,156356.59375,5.350908951826056e-14,22.627416610717773,4.21129699702565e-11,512,0,0.4185285270214081,0.1807394576304736,0.08475107077367196,3.6654502764577046e-05,351208.21875,1.976189177860316e-13,30.532939910888672,2.4167023519408203e-11,512,35120.8203125,0.04827087000012398,1.0,1.0,0.102584607899189,0.3540543019771576,0.9114989042282104,0.3884308636188507,0.5395619869232178,5.0000002374872565e-05,0.1558448076248169,0.0,1.0,1.0,512,0.0001,0.3800050616264343,254.26,0.0,1580,0.5709100961685181,1437.02294921875,4.21129699702565e-11,0,0.8757946491241455,0.1,523.310302734375,1.0,0.5709100961685181,full_shared_detggn_blockdiag_bxb,torch.float64,5.5110995162976906e-06,1.976189177860316e-13,4.21129699702565e-11,two_independent_raw_bxb_fp64_jacobi_cholesky,1024,0.09899604320526123,0.03075333684682846,0.18208211660385132,0.0001,199,819200,530.0614577298984,819200,1.0,1e-06,paper_sgd_momentum_1e-6,3.3333137035369873,0.1616792380809784,-1.7123314142227173,0.13235673308372498,-2.1671252250671387,-2.6329808235168457,0.6557238698005676
14,0,-0.06943346560001373,0.2885294258594513,-0.04736543819308281,-0.6507361531257629,0.012493185698986053,0,0.6354902386665344,0.49642263111425783,0.13500154400741876,8.856183558236808e-05,5537.173828125,2.2945319423677956e-14,22.62741470336914,1.45290076857785e-12,512,0,0.3281427025794983,1.3122396775388963,0.9854095775943127,4.572992111206986e-05,1224.39013671875,1.297520636643377e-15,9.123342514038086,2.870196717638611e-14,512,122.43901062011719,0.3360339403152466,1.0,1.0,0.21735459566116333,0.5971639752388,2.1353015899658203,0.2796625792980194,0.758263349533081,0.00011249999806750566,0.171657994389534,0.0,1.0,1.0,512,0.00022500000000000005,2.2894091606140137,42.55,0.0,1536,0.8072625398635864,20.799911499023438,1.45290076857785e-12,0,0.6193771958351135,0.1,19.543807983398438,1.0,0.8072625398635864,full_shared_detggn_blockdiag_bxb,torch.float64,2.0197933281451697e-07,2.2945319423677956e-14,1.45290076857785e-12,two_independent_raw_bxb_fp64_jacobi_cholesky,1024,0.04960818961262703,-0.012147059664130211,0.0162569098174572,0.00015000000000000004,209,860160,556.4677040185779,860160,1.0,1e-06,paper_sgd_momentum_1e-6,2.845391273498535,0.3005779981613159,-0.00707327201962471,0.35567235946655273,-0.024080384522676468,-0.3500364124774933,0.013002951629459858
14,0,-0.04949070140719414,4.2811102867126465,-0.030360763892531395,-1.4640874862670898,0.07539483904838562,0,0.6272435784339905,0.6701081731414134,0.07794694515618954,3.345596996950917e-05,11812.498046875,4.121878939557481e-14,22.627418518066406,3.3370482844963768e-12,512,0,0.49769070744514465,1.0924374306072204,0.49765799635175423,2.654586933203973e-05,6323.79248046875,2.1291002912243042e-14,28.744985580444336,9.826128495687956e-13,512,632.3792114257812,0.3805883228778839,1.0,1.0,0.16871348023414612,0.6041277050971985,1.2642563581466675,0.4778522253036499,0.911554753780365,4.999999509891495e-05,0.1391160935163498,0.0,1.0,1.0,512,0.0001,2.004220962524414,75.44,0.03,1563,0.9374164938926697,39.33747482299805,3.3370482844963768e-12,0,0.5333808660507202,0.1,60.496829986572266,1.0,0.9374164342880249,full_shared_detggn_blockdiag_bxb,torch.float64,5.595659757773319e-08,4.121878939557481e-14,3.3370482844963768e-12,two_independent_raw_bxb_fp64_jacobi_cholesky,1024,0.05123624950647354,0.0077089667320251465,0.16138166189193726,0.0001,219,901120,583.0472941449843,901120,1.0,1e-06,paper_sgd_momentum_1e-6,2.5495657920837402,0.39242613315582275,0.263143390417099,5.741765975952148,0.0676441639661789,-0.2917664051055908,0.3555348515510559
14,0,-0.13081209361553192,4.206235885620117,-0.08175025135278702,-2.9552929401397705,0.22060900926589966,0,0.6317620873451233,1.2439927005111362,0.044349452241083796,3.1916628358885646e-05,14408.37890625,4.5816276110467205e-14,22.62741470336914,4.075545305973484e-12,512,0,0.6445687413215637,0.9595797732817597,0.4014200736760943,3.2563621061854064e-05,13690.46875,1.5133688413726842e-14,33.82312774658203,1.4858911649693443e-12,512,1369.046875,0.2025069147348404,1.0,1.0,0.1858939528465271,0.6037936806678772,1.013948678970337,0.5954874157905579,0.9402655959129333,4.999999873689376e-05,0.24670545756816864,0.0,1.0,1.0,512,0.0001,1.6377873420715332,93.63,0.07,1566,0.9897067546844482,46.57685089111328,4.075545305973484e-12,0,0.5052001476287842,0.1,384.1361083984375,1.0,0.9897067546844482,full_shared_detggn_blockdiag_bxb,torch.float64,5.9438395538791156e-08,4.5816276110467205e-14,4.075545305973484e-12,two_independent_raw_bxb_fp64_jacobi_cholesky,1024,0.06117260456085205,0.017489250749349594,0.22343827784061432,0.0001,229,942080,609.663851864636,942080,1.0,1e-06,paper_sgd_momentum_1e-6,6.300668716430664,0.175159752368927,0.8147529363632202,6.402748107910156,0.3014231324195862,-0.18429537117481232,0.9393212795257568
14,0,-0.1711828112602234,0.3927258253097534,-0.09680169075727463,-1.2965047359466553,0.07007399946451187,0,0.5981813073158264,0.9147930084286549,0.06685579445571814,8.32817968330346e-05,12395.453125,4.724463600563979e-14,22.62741470336914,2.8592771011103036e-12,512,0,0.38869544863700867,0.9281868155605288,0.3990700178645828,5.4116128012537956e-05,10357.5068359375,9.983845666658092e-15,20.565217971801758,4.929589513387802e-13,512,1035.7506103515625,0.3097296357154846,1.0,1.0,0.18644307553768158,0.5683835744857788,1.5211737155914307,0.3736480474472046,0.7789117693901062,0.00011249999079154804,0.10710404813289642,0.0,1.0,1.0,512,0.00022500000000000005,1.6718182563781738,64.12,0.0,1543,0.8080443739891052,18.664548873901367,2.8592771011103036e-12,0,0.618777871131897,0.1,64.86836242675781,1.0,0.8080443739891052,full_shared_detggn_blockdiag_bxb,torch.float64,1.8089311026869836e-07,4.724463600563979e-14,2.8592771011103036e-12,two_independent_raw_bxb_fp64_jacobi_cholesky,1024,0.047639720141887665,-0.02645549178123474,0.08260315656661987,0.00015000000000000004,239,983040,636.3705603578128,983040,1.0,1e-06,paper_sgd_momentum_1e-6,2.8406882286071777,0.22739088535308838,0.29124724864959717,2.116530179977417,0.1126333624124527,-0.25395840406417847,0.2431856393814087
14,0,-0.10050727427005768,4.228179931640625,-0.0921872928738594,-1.3847846984863281,0.07222416251897812,0,0.6402849555015564,1.1443377954842953,0.07697631225588965,5.316011811373755e-05,12351.4716796875,5.139273125052905e-14,22.62741470336914,3.6925942059968394e-12,512,0,0.43330854177474976,0.9760227973810911,0.45584360214924347,3.5975754144601524e-05,8600.287109375,1.497552190289872e-14,17.92418670654297,5.204635261714813e-13,512,860.0286865234375,0.39340317249298096,1.0,1.0,0.15417072176933289,0.6214468479156494,1.5082429647445679,0.41203364729881287,0.8799206018447876,7.500000356230885e-05,0.13410645723342896,0.0,1.0,1.0,512,0.00015000000000000004,1.7013952732086182,37.81,0.01,1559,0.9033346176147461,28.53035545349121,3.6925942059968394e-12,0,0.5535047650337219,0.1,63.342750549316406,1.0,0.9033346176147461,full_shared_detggn_blockdiag_bxb,torch.float64,9.833372160983345e-08,5.139273125052905e-14,3.6925942059968394e-12,two_independent_raw_bxb_fp64_jacobi_cholesky,1024,0.04840279370546341,-0.0064529068768024445,0.06274931132793427,0.00010000000000000003,249,1024000,663.0702274260111,1024000,1.0,1e-06,paper_sgd_momentum_1e-6,3.1280384063720703,0.2548176944255829,0.09776816517114639,4.854942321777344,-0.0543229840695858,-0.3337195813655853,0.15133564174175262
14,0,-0.04726250097155571,0.23241659998893738,-0.03490842133760452,-0.3692449629306793,0.004428807180374861,0,0.6329406499862671,1.0533279571232854,0.07255431783666594,4.1074097680393606e-05,6857.13330078125,2.8369893406243803e-14,22.62741470336914,1.8151234474970834e-12,512,0,0.3163701593875885,1.1047556739170752,0.6252994868729451,2.0530549591057934e-05,4099.62060546875,2.0342728276634896e-15,6.326934814453125,6.69491271916945e-14,512,409.9620666503906,0.23208026587963104,1.0,1.0,0.18392089009284973,0.6056294441223145,2.0308890342712402,0.298209011554718,0.7407163977622986,4.999999509891495e-05,0.10564782470464706,0.0,1.0,1.0,512,0.0001,1.7515875101089478,24.72,0.0,1563,0.7704863548278809,18.861793518066406,1.8151234474970834e-12,0,0.6489408016204834,0.1,41.62187957763672,1.0,0.7704862952232361,full_shared_detggn_blockdiag_bxb,torch.float64,3.971577910988344e-08,2.8369893406243803e-14,1.8151234474970834e-12,two_independent_raw_bxb_fp64_jacobi_cholesky,1024,0.05326702073216438,-0.022489476948976517,0.007818379439413548,0.0001,259,1064960,689.5243855896406,1064960,1.0,1e-06,paper_sgd_momentum_1e-6,4.431702613830566,0.4478490650653839,-0.11736061424016953,0.0067696841433644295,-0.10544715821743011,-0.3428971767425537,0.002696305513381958
14,0,-0.039868101477622986,0.2665480673313141,-0.04516816511750221,-0.607559084892273,0.01835322566330433,0,0.6464090943336487,1.1574347879923887,0.04307107678772973,0.0011166613548994064,9022.650390625,4.7735740733036877e-14,22.62741470336914,3.101200116487501e-12,512,0,0.24549351632595062,1.0834942458151857,0.5457328191857929,0.00042408614535816014,5161.2392578125,2.7944406020056205e-15,12.846515655517578,8.388359309145172e-14,512,516.1239624023438,0.22734151780605316,1.0,1.0,0.1994553506374359,0.6148676872253418,2.7516324520111084,0.22345559298992157,0.707211434841156,0.0012814452638849616,0.10165950655937195,0.0,1.0,1.0,512,0.002562890625,1.7373987436294556,24.77,0.0,1564,0.7417985200881958,13.749116897583008,3.101200116487501e-12,0,0.6740373969078064,0.1,40.630409240722656,1.0,0.7417985796928406,full_shared_detggn_blockdiag_bxb,torch.float64,2.0515064534265548e-05,4.7735740733036877e-14,3.101200116487501e-12,two_independent_raw_bxb_fp64_jacobi_cholesky,1024,0.06932111084461212,-0.027258314192295074,0.03223299980163574,0.00170859375,269,1105920,715.9466205956414,1105920,1.0,1e-06,paper_sgd_momentum_1e-6,6.472733974456787,0.21047744154930115,-0.09738515317440033,0.17118273675441742,-0.08154899626970291,-0.5003683567047119,0.009347799234092236
14,0,-0.002817345317453146,0.26972249150276184,0.002559102140367031,-0.3697487413883209,0.006819391623139381,0,0.5912251472473145,1.4120078068233388,0.0811826384639343,3.911125531885773e-05,12434.39453125,4.7226324503602576e-14,22.62741470336914,3.8872968037053596e-12,512,0,0.3404868245124817,1.0455997260200438,0.5250798862340353,2.2524189262185246e-05,6536.0732421875,1.1152552121802985e-15,14.074766159057617,1.05915043797826e-13,512,653.6072998046875,0.2627676725387573,1.0,1.0,0.1533316671848297,0.5709961652755737,1.9237960577011108,0.29680702090263367,0.7210572361946106,4.999999509891495e-05,0.16684383153915405,0.0,1.0,1.0,512,0.0001,1.6300435066223145,28.15,0.0,1550,0.7558247447013855,27.40501594543457,3.8872968037053596e-12,0,0.661529004573822,0.1,311.38848876953125,1.0,0.7558247447013855,full_shared_detggn_blockdiag_bxb,torch.float64,5.996499652383136e-08,4.7226324503602576e-14,3.8872968037053596e-12,two_independent_raw_bxb_fp64_jacobi_cholesky,1024,0.05261051654815674,-0.03084550052881241,0.03869121894240379,0.0001,279,1146880,742.4320942298509,1146880,1.0,1e-06,paper_sgd_momentum_1e-6,1.9331785440444946,0.284322053194046,-0.1350293755531311,-0.009631497785449028,-0.12024320662021637,-0.36371853947639465,0.004643118474632502
14,0,-0.016347650438547134,0.40502744913101196,-0.03694120794534683,-0.445235013961792,0.009260537102818489,0,0.599714457988739,1.4133795778511298,0.09111867643022889,3.6446854210225865e-05,10064.21875,2.4575724750968506e-14,22.62741470336914,2.5114584019237872e-12,512,0,0.3954554796218872,1.0952606037610797,0.5794205845800245,2.403328471700661e-05,4521.1943359375,1.1578061947353134e-15,15.092241287231445,1.239718001719409e-13,512,452.11944580078125,0.3390809893608093,1.0,1.0,0.1659185141324997,0.5763059258460999,1.6303430795669556,0.3534875214099884,0.78607577085495,4.999999509891495e-05,0.17728962004184723,0.0,1.0,1.0,512,0.0001,1.7742640972137451,56.86,0.0,1555,0.8227245211601257,55.24404525756836,2.5114584019237872e-12,0,0.6077368259429932,0.1,435.9910888671875,1.0,0.8227245211601257,full_shared_detggn_blockdiag_bxb,torch.float64,1.0202028732919644e-07,2.4575724750968506e-14,2.5114584019237872e-12,two_independent_raw_bxb_fp64_jacobi_cholesky,1024,0.048424094915390015,-0.0016638245433568954,0.04448745399713516,0.0001,289,1187840,768.9867688096128,1187840,1.0,1e-06,paper_sgd_momentum_1e-6,2.8049163818359375,0.2763635218143463,-0.27405232191085815,-0.0758940726518631,-0.28238949179649353,-0.4736386239528656,0.007691218052059412
14,0,-0.05746078118681908,4.5236711502075195,-0.07338656485080719,-0.3940739035606384,0.05334710329771042,0,0.4137782156467438,1.4089935388506634,0.0542114334554409,3.643248419393785e-05,8446.6201171875,9.5728731769639e-15,22.62741470336914,9.522003552866134e-13,512,0,0.3097355365753174,0.9999729564851056,0.4788502476114544,2.7271700673736632e-05,6267.9072265625,1.2979805407370197e-14,11.638265609741211,2.3196379683101925e-13,512,626.7906494140625,0.21585074067115784,1.0,1.0,0.10275799036026001,0.4008156657218933,1.4023493528366089,0.2858172655105591,0.5455936193466187,4.999999873689376e-05,0.11935074627399445,0.0,1.0,1.0,512,0.0001,1.5864183902740479,85.0,0.01,1546,0.5678698420524597,27.700294494628906,9.522003552866134e-13,0,0.8804834485054016,0.1,6.249349594116211,1.0,0.5678698420524597,full_shared_detggn_blockdiag_bxb,torch.float64,1.0737341682443002e-07,1.2979805407370197e-14,9.522003552866134e-13,two_independent_raw_bxb_fp64_jacobi_cholesky,1024,0.09536102414131165,0.026029950007796288,0.026454925537109375,0.0001,299,1228800,795.4626031448133,1228800,1.0,1e-06,paper_sgd_momentum_1e-6,3.9513957500457764,0.23471541702747345,0.00805504247546196,5.021178722381592,-0.015182479284703732,-0.28973057866096497,0.08155819773674011
14,0,0.02620413526892662,4.803372383117676,-0.02096865139901638,-1.3042906522750854,0.15476350486278534,0,0.585598886013031,1.4141939478917396,0.04936563028966678,3.0537459679180756e-05,14665.93359375,1.6501639452761536e-14,22.62741470336914,1.401863990650572e-12,512,0,0.639143168926239,0.8974193351783336,0.43621357467522454,3.332965570734814e-05,9408.1787109375,1.324848370659136e-14,27.405675888061523,6.26048250783062e-13,512,940.8178100585938,0.2243054360151291,1.0,1.0,0.16013045608997345,0.5632798671722412,0.9511952996253967,0.5921810865402222,0.9142590165138245,4.999999509891495e-05,0.24046935141086578,0.0,1.0,1.0,512,0.0001,1.6431372165679932,90.32,0.02,1425,0.9588205218315125,53.38566589355469,1.401863990650572e-12,0,0.5214740037918091,0.1,44.600242614746094,1.0,0.9588205218315125,full_shared_detggn_blockdiag_bxb,torch.float64,7.258718426328414e-08,1.6501639452761536e-14,1.401863990650572e-12,two_independent_raw_bxb_fp64_jacobi_cholesky,1024,0.0646897703409195,-0.004042400047183037,0.14669355750083923,0.0001,309,1269760,822.5394585225731,1269760,1.0,1e-06,paper_sgd_momentum_1e-6,3.9972152709960938,0.18467830121517181,-0.06919126212596893,5.556797504425049,-0.1779586374759674,-0.6169615983963013,0.2756974697113037
14,0,0.04179884493350983,4.635679244995117,-0.05077497288584709,-1.4130367040634155,0.33635127544403076,0,0.5637463331222534,1.414061399161011,0.04892552221335715,3.081774411839433e-05,20825.626953125,5.652097187011026e-14,22.627416610717773,4.5902282456019596e-12,512,0,0.5983841419219971,0.7653540915466909,0.32394134393527807,3.271125387982465e-05,18475.44140625,4.2905483060976704e-14,31.016103744506836,1.849783088791864e-12,512,1847.5440673828125,0.23819412291049957,1.0,1.0,0.14818453788757324,0.5439221262931824,0.9548500180244446,0.5696414113044739,0.8837680816650391,5.0000002374872565e-05,0.18322716653347015,0.0,1.0,1.0,512,0.0001,1.4663889408111572,37.76,0.04,1536,0.9146457314491272,54.54778289794922,4.5902282456019596e-12,0,0.5466597676277161,0.1,23.470657348632812,1.0,0.9146457314491272,full_shared_detggn_blockdiag_bxb,torch.float64,8.15044458590819e-08,5.652097187011026e-14,4.5902282456019596e-12,two_independent_raw_bxb_fp64_jacobi_cholesky,1024,0.0664633959531784,-0.02982545644044876,0.18789035081863403,0.0001,319,1310720,849.2696321378462,1310720,1.0,1e-06,paper_sgd_momentum_1e-6,3.821765422821045,0.10000000149011612,0.2365800440311432,6.32684326171875,-0.07644037157297134,-0.27102234959602356,0.720668613910675
14,0,-0.08089260756969452,0.8355871438980103,-0.11982806771993637,-0.8038768172264099,0.03372053802013397,0,0.6412197947502136,1.412120785066828,0.04991626671233822,3.1789775675861165e-05,24849.482421875,3.575508532750249e-14,22.627416610717773,4.692551155720197e-12,512,0,0.5500578880310059,0.6897567950628777,0.28454332552639366,2.7270240025245585e-05,23780.58984375,7.52329883576891e-15,29.270837783813477,6.951230288641725e-13,512,2378.05908203125,0.43011361360549927,1.0,1.0,0.1736251562833786,0.6172659397125244,1.1865893602371216,0.5202018022537231,0.9772595167160034,4.999999873689376e-05,0.1787562072277069,0.0,1.0,1.0,512,0.0001,1.3493863344192505,44.25,0.0,1534,1.0085313320159912,113.33079528808594,4.692551155720197e-12,0,0.4957703649997711,0.1,343.59442138671875,1.0,1.0085314512252808,full_shared_detggn_blockdiag_bxb,torch.float64,1.3927689224146889e-07,3.575508532750249e-14,4.692551155720197e-12,two_independent_raw_bxb_fp64_jacobi_cholesky,1024,0.06314600259065628,-0.006213385611772537,0.1673402339220047,0.0001,329,1351680,876.100714747794,1351680,1.0,1e-06,paper_sgd_momentum_1e-6,2.4155781269073486,0.18544425070285797,-0.11234539747238159,0.4139314293861389,-0.029131781309843063,-0.773463249206543,0.0475102961063385
14,0,-0.05395928770303726,4.420226097106934,-0.03331245481967926,-1.730584979057312,0.13616792857646942,0,0.5443068146705627,1.4140329758024266,0.030950832801057027,2.9157845347071998e-05,24026.26953125,2.0241970565179748e-14,22.627416610717773,3.3221706775338434e-12,512,0,0.6249063611030579,0.7013639311329782,0.2891000360274489,3.3475465897936374e-05,26468.986328125,3.303733653953313e-14,25.466960906982422,1.7027058167508756e-12,512,2646.898681640625,0.27109307050704956,1.0,1.0,0.1365944743156433,0.5268887877464294,0.8873801231384277,0.593757688999176,0.9025406837463379,4.999999873689376e-05,0.19483281672000885,0.0,1.0,1.0,512,0.0001,1.1042288541793823,75.46,0.07,1548,0.9333796501159668,153.26229858398438,3.3221706775338434e-12,0,0.5356876850128174,0.1,82.22453308105469,1.0,0.9333796501159668,full_shared_detggn_blockdiag_bxb,torch.float64,2.1990173593167128e-07,3.303733653953313e-14,3.3221706775338434e-12,two_independent_raw_bxb_fp64_jacobi_cholesky,1024,0.08058314025402069,-0.036559585481882095,0.12667305767536163,0.0001,339,1392640,903.0249336739071,1392640,1.0,1e-06,paper_sgd_momentum_1e-6,5.516674041748047,0.21073396503925323,0.13140901923179626,5.294056415557861,-0.03328053280711174,-0.2657248377799988,0.19125144183635712
14,0,0.009338046424090862,4.73231315612793,-0.010251093655824661,-1.9862849712371826,0.22539664804935455,0,0.501532256603241,1.4136012521637782,0.040921324061156956,2.6349691324867308e-05,30812.90234375,6.021510883854242e-14,22.62741470336914,4.254678870637776e-12,512,0,0.7476078271865845,0.5693110702782764,0.22398957102082434,3.927810030290857e-05,44470.2890625,1.4480431462241993e-13,31.727306365966797,5.402088651433916e-12,512,4447.029296875,0.12702082097530365,1.0,1.0,0.13733655214309692,0.48236215114593506,0.6689621806144714,0.7210603952407837,0.9207899570465088,4.999999873689376e-05,0.1974572092294693,0.0,1.0,1.0,512,0.0001,0.880220890045166,58.45,0.08,1523,0.9516852498054504,37.82106018066406,5.402088651433916e-12,0,0.5253837704658508,0.1,17.49540901184082,1.0,0.9516852498054504,full_shared_detggn_blockdiag_bxb,torch.float64,5.2198380728896154e-08,1.4480431462241993e-13,5.402088651433916e-12,two_independent_raw_bxb_fp64_jacobi_cholesky,1024,0.04602019488811493,0.004296598024666309,0.1966058611869812,0.0001,349,1433600,929.9259974146262,1433600,1.0,1e-06,paper_sgd_momentum_1e-6,2.856306552886963,0.3114011883735657,0.24750061333179474,5.911183834075928,-0.04535888507962227,-0.33856597542762756,0.5942652225494385
14,0,-0.016417941078543663,4.7827606201171875,-0.06193489953875542,-2.564788818359375,0.39852824807167053,0,0.5925485491752625,1.4142104322466846,0.021181920067865633,2.4017903342610225e-05,46935.40234375,9.609237033443482e-14,22.627416610717773,6.034417357586737e-12,512,0,1.042421817779541,0.46885988685203617,0.16742739105731616,4.225271914037876e-05,68891.625,1.6235524370102629e-13,39.3367805480957,8.226445883827177e-12,512,6889.1630859375,0.06791732460260391,1.0,1.0,0.16710519790649414,0.5684977173805237,0.5681701302528381,1.0005766153335571,1.1866954565048218,4.999999873689376e-05,0.29238632321357727,0.0,1.0,1.0,512,0.0001,0.9791971445083618,76.73,0.18,1539,1.2335559129714966,42.39247131347656,8.226445883827177e-12,0,0.4053322672843933,0.1,58.897674560546875,1.0,1.2335559129714966,full_shared_detggn_blockdiag_bxb,torch.float64,3.4824193306803863e-08,1.6235524370102629e-13,8.226445883827177e-12,two_independent_raw_bxb_fp64_jacobi_cholesky,1024,0.057389624416828156,-0.04393681138753891,0.3022231161594391,0.0001,359,1474560,956.7383359908126,1474560,1.0,1e-06,paper_sgd_momentum_1e-6,10.0,0.14738698303699493,0.7252370119094849,6.675615310668945,0.046448878943920135,-0.36996790766716003,1.9041714668273926
14,0,0.31750279664993286,48.71131134033203,-0.09257105737924576,-3.923245429992676,11.43267822265625,0,0.14286543428897858,1.4142135623730496,0.03489944892384937,1.4351105619425653e-06,28085.91796875,2.0799878515712683e-14,22.627418518066406,8.393957133315519e-13,512,0,4.969371318817139,0.34128120430489123,0.12105902970080444,4.9918282456928864e-05,127936.734375,2.5448554759295335e-13,203.97726440429688,5.351106582851447e-11,512,12793.6728515625,0.04260944575071335,1.0,1.0,0.04019391909241676,0.13709479570388794,0.02872500754892826,4.772663593292236,4.78096342086792,4.999999873689376e-05,1.384318470954895,0.0,1.0,1.0,512,0.0001,0.23791611194610596,101.35,0.46,1572,4.977506160736084,926.1349487304688,5.351106582851447e-11,0,0.10045190900564194,0.1,307.05419921875,1.0,4.977506160736084,full_shared_detggn_blockdiag_bxb,torch.float64,4.6726221114568034e-08,2.5448554759295335e-13,5.351106582851447e-11,two_independent_raw_bxb_fp64_jacobi_cholesky,1024,0.06655647605657578,0.020472995936870575,8.126312255859375,0.0001,369,1515520,983.338902270887,1515520,1.0,1e-06,paper_sgd_momentum_1e-6,2.5662031173706055,0.10000000149011612,2.0847039222717285,50.026302337646484,2.0117104053497314,-0.7453176379203796,13.347684860229492
13,0,-0.08045202493667603,4.650390625,-0.11440988630056381,-7.381011009216309,0.844821572303772,0,0.22588276863098145,1.4142135623730951,0.016498511244278802,1.0278662557539064e-05,107287.5,2.8146813596707873e-14,22.627416610717773,3.81191024675996e-12,512,0,1.0644358396530151,0.15715688594539273,0.05809841518541935,4.84365300508216e-05,604741.375,5.742477709445449e-13,47.12686538696289,4.1697433074268754e-11,512,60474.1328125,0.048458825796842575,1.0,1.0,0.06256502866744995,0.21704526245594025,0.21021191775798798,1.0325069427490234,1.0660589933395386,4.999999873689376e-05,0.2587527632713318,0.0,1.0,1.0,512,0.0001,0.19594070315361023,73.51,0.21,1552,1.0987943410873413,300.1580810546875,4.1697433074268754e-11,0,0.455044150352478,0.1,114.21279907226562,1.0,1.0987944602966309,full_shared_detggn_blockdiag_bxb,torch.float64,3.1076140771801875e-07,5.742477709445449e-13,4.1697433074268754e-11,two_independent_raw_bxb_fp64_jacobi_cholesky,1024,0.10595376789569855,-0.0007750680670142174,0.4337775707244873,0.0001,379,1556480,1009.5900130709633,1556480,1.0,1e-06,paper_sgd_momentum_1e-6,7.546162128448486,0.10000000149011612,1.5489630699157715,9.493459701538086,0.47540438175201416,-0.582996666431427,3.463054895401001
13,0,0.06100042536854744,32.25772476196289,-0.1356489658355713,-6.201755046844482,4.552325248718262,0,0.17168301343917847,1.4142135623730951,0.007187443452155795,5.581214281846769e-05,119499.0,7.900516998068411e-14,22.62741470336914,4.002380753646679e-12,512,0,1.7376251220703125,0.1486817000622945,0.0532109899990712,0.0005648816586472094,670307.375,8.495897424296794e-13,73.3775634765625,6.615087800629539e-11,512,67030.7421875,0.034248434007167816,1.0,1.0,0.044715844094753265,0.16575750708580017,0.09728601574897766,1.7038164138793945,1.7178183794021606,0.0005695312866009772,0.3411022126674652,0.0,1.0,1.0,512,0.0011390625,0.26102691888809204,118.6,0.66,1428,1.7519276142120361,89.93669128417969,6.615087800629539e-11,0,0.2853999137878418,0.1,85.5365219116211,1.0,1.7519277334213257,full_shared_detggn_blockdiag_bxb,torch.float64,4.752364020532696e-06,8.495897424296794e-13,6.615087800629539e-11,two_independent_raw_bxb_fp64_jacobi_cholesky,1024,0.05259336903691292,0.009586570784449577,1.05161452293396,0.0007593750000000001,389,1597440,1036.7472786055878,1597440,1.0,1e-06,paper_sgd_momentum_1e-6,9.657404899597168,0.15479926764965057,2.1688990592956543,37.34855651855469,1.3353490829467773,-0.3657422363758087,10.166089057922363
13,0,-0.3813556432723999,2.8988661766052246,-0.2772308588027954,-8.815814971923828,0.6423269510269165,0,0.23403120040893555,1.4142135623730951,0.0055788385932127125,1.0983484571625013e-05,154550.390625,5.726093340671354e-14,22.627416610717773,6.271576302558268e-12,512,0,1.021520733833313,0.15233979347749618,0.05605734351972115,4.794171400135383e-05,666228.5,7.350486124675626e-13,41.425716400146484,4.3756730457796705e-11,512,66622.8515625,0.07686996459960938,1.0,1.0,0.06273810565471649,0.22546513378620148,0.22964513301849365,0.981797993183136,1.0254346132278442,4.999999873689376e-05,0.2820945978164673,0.0,1.0,1.0,512,0.0001,0.21244464814662933,99.29,0.28,1445,1.0653777122497559,140.03842163085938,4.3756730457796705e-11,0,0.46931710839271545,0.1,233.81805419921875,1.0,1.0653777122497559,full_shared_detggn_blockdiag_bxb,torch.float64,1.5422327237502031e-07,7.350486124675626e-13,4.3756730457796705e-11,two_independent_raw_bxb_fp64_jacobi_cholesky,1024,0.07255452126264572,0.04537372291088104,0.3351738154888153,0.0001,399,1638400,1063.4809068478644,1638400,1.0,1e-06,paper_sgd_momentum_1e-6,10.0,0.10000000149011612,3.028316020965576,8.179097175598145,4.342016220092773,-0.5760724544525146,6.5984978675842285
12,0,-0.1567077934741974,20.09998893737793,-0.18702082335948944,-5.560480117797852,1.4045438766479492,0,0.2789769470691681,1.4142135623730951,0.009096226064330054,1.5808831449248828e-05,169328.0,8.81215580264226e-14,22.62741470336914,1.2265119087120239e-11,512,0,1.2810044288635254,0.13858514525332777,0.05378939883639903,7.259088306454942e-05,665133.125,8.336468895695933e-13,55.86466979980469,5.3459446037708035e-11,512,66513.3125,0.04602975398302078,1.0,1.0,0.0750553235411644,0.26869097352027893,0.2166719138622284,1.2400821447372437,1.281755805015564,7.500000356230885e-05,0.3211987018585205,0.0,1.0,1.0,512,0.00015000000000000004,0.2005617618560791,101.12,0.58,1544,1.323517918586731,257.0813903808594,5.3459446037708035e-11,0,0.37778106331825256,0.1,261.8419189453125,1.0,1.323517918586731,full_shared_detggn_blockdiag_bxb,torch.float64,4.127656723085238e-07,8.336468895695933e-13,5.3459446037708035e-11,two_independent_raw_bxb_fp64_jacobi_cholesky,1024,0.0684579461812973,-0.006715375930070877,0.6095431447029114,0.00010000000000000003,409,1679360,1089.8733409466222,1679360,1.0,1e-06,paper_sgd_momentum_1e-6,3.7128100395202637,0.10000000149011612,1.1827632188796997,27.055635452270508,-0.1996065378189087,-0.9717121720314026,5.680980682373047
13,0,-0.2955617606639862,2.012948751449585,-0.19854821264743805,-5.617453575134277,0.35448792576789856,0,0.3572632670402527,1.4142135623730951,0.013556812378949887,1.9221733964513987e-05,109547.953125,4.660451285191516e-14,22.627416610717773,6.275946996254239e-12,512,0,0.7438725233078003,0.17138041698352108,0.06232551251445442,4.00223616452422e-05,538261.5625,2.183316667289092e-13,37.18394470214844,2.6843872151470432e-11,512,53826.15625,0.34364748001098633,1.0,1.0,0.07096517831087112,0.35014423727989197,0.48731186985969543,0.7185218930244446,0.9063823819160461,4.999999873689376e-05,0.19254249334335327,0.0,1.0,1.0,512,0.0001,0.1547701358795166,126.07,0.47,1569,0.9293211698532104,150.73776245117188,2.6843872151470432e-11,0,0.5380271673202515,0.1,1107.38671875,1.0,0.9293211102485657,full_shared_detggn_blockdiag_bxb,torch.float64,2.1817272966018209e-07,2.183316667289092e-13,2.6843872151470432e-11,two_independent_raw_bxb_fp64_jacobi_cholesky,1024,0.09433470666408539,0.006284566596150398,0.27004802227020264,0.0001,419,1720320,1116.1875124298967,1720320,1.0,1e-06,paper_sgd_momentum_1e-6,3.292206048965454,0.10000000149011612,2.0289087295532227,5.560911178588867,3.0896220207214355,-0.8953678607940674,4.124825954437256
13,0,-0.30161046981811523,18.329498291015625,-0.32915082573890686,-5.870577335357666,1.1453862190246582,0,0.23459674417972565,1.4142135623730951,0.008310145561756629,1.349869944533566e-05,139297.09375,8.808365593305586e-14,22.627418518066406,9.197713988523682e-12,512,0,0.8352858424186707,0.18024305796396184,0.06921901676274998,4.8062356654554605e-05,451201.8125,6.737213754228586e-13,35.93451690673828,3.336471310720568e-11,512,45120.17578125,0.006007604766637087,1.0,1.0,0.0681234672665596,0.22448791563510895,0.27664798498153687,0.8114568591117859,0.8433335423469543,5.0000002374872565e-05,0.19809144735336304,0.0,1.0,1.0,512,0.0001,0.3200681209564209,82.6,0.16,1540,0.8689606189727783,142.346923828125,3.336471310720568e-11,0,0.5754001140594482,0.1,52.57932662963867,1.0,0.8689605593681335,full_shared_detggn_blockdiag_bxb,torch.float64,2.3564486184568523e-07,6.737213754228586e-13,3.336471310720568e-11,two_independent_raw_bxb_fp64_jacobi_cholesky,1024,0.05227576568722725,0.013377223163843155,0.252204954624176,0.0001,429,1761280,1142.6113967336714,1761280,1.0,1e-06,paper_sgd_momentum_1e-6,5.081385135650635,0.10000000149011612,0.8786267638206482,23.59653091430664,-0.014270790852606297,-0.5313616991043091,3.810884475708008
12,0,-0.4747103750705719,1.8669508695602417,-0.424616277217865,-4.6334309577941895,0.2818409204483032,0,0.3511238694190979,1.4142135623730951,0.010452379908419315,2.015131394728087e-05,122482.1796875,1.2195996541698111e-13,22.627416610717773,2.2186779056486695e-11,512,0,0.7447848320007324,0.1927114226961773,0.07539530052953229,4.274387174518779e-05,384784.3125,4.058801650979708e-13,34.78744125366211,2.5018718252322277e-11,512,38478.4296875,0.15492406487464905,1.0,1.0,0.09118498861789703,0.33907708525657654,0.47382214665412903,0.7156209945678711,0.8414959907531738,4.999999873689376e-05,0.206375852227211,0.0,1.0,1.0,512,0.0001,0.2969091534614563,111.32,0.19,1553,0.8712182641029358,149.13040161132812,2.5018718252322277e-11,0,0.5739089846611023,0.1,85.82534790039062,1.0,0.8712182641029358,full_shared_detggn_blockdiag_bxb,torch.float64,2.455965386616299e-07,4.058801650979708e-13,2.5018718252322277e-11,two_independent_raw_bxb_fp64_jacobi_cholesky,1024,0.045774344354867935,-0.030030880123376846,0.2363605499267578,0.0001,439,1802240,1169.3875162028708,1802240,1.0,1e-06,paper_sgd_momentum_1e-6,5.554525375366211,0.10000000149011612,1.1070183515548706,4.839538097381592,0.8500983119010925,-0.2775324285030365,0.9557584524154663
11,0,-0.09707459807395935,1.163182258605957,-0.12206748872995377,-0.9397298097610474,0.11736075580120087,0,0.5245268940925598,1.4142135623730103,0.01462152791215257,2.885753201553598e-05,145416.3125,1.4370231618814923e-13,22.627416610717773,2.741982240857598e-11,512,0,0.5607016682624817,0.2302198120799155,0.0754402258813779,3.0847735615679994e-05,372541.84375,2.1077009615575015e-13,26.378175735473633,1.4158636040076163e-11,512,37254.18359375,0.40197038650512695,1.0,1.0,0.11569606512784958,0.5116081237792969,0.9481794238090515,0.5395689010620117,0.8884361982345581,4.999999509891495e-05,0.1524852216243744,0.0,1.0,1.0,512,0.0001,0.29384201765060425,50.68,0.0,1549,0.9088213443756104,213.19418334960938,2.741982240857598e-11,0,0.5501630902290344,0.1,437.8277893066406,1.0,0.9088214039802551,full_shared_detggn_blockdiag_bxb,torch.float64,3.2264742344523256e-07,2.1077009615575015e-13,2.741982240857598e-11,two_independent_raw_bxb_fp64_jacobi_cholesky,1024,0.06412483751773834,0.00817573070526123,0.13590002059936523,0.0001,449,1843200,1196.413242452778,1843200,1.0,1e-06,paper_sgd_momentum_1e-6,5.314892768859863,0.10000000149011612,-0.8509645462036133,-0.23447662591934204,-0.8809331059455872,-1.4269622564315796,0.06256900727748871
11,0,-0.3709806799888611,1.1091426610946655,-0.3743138015270233,-1.4440042972564697,0.08992813527584076,0,0.5387101769447327,1.4142135623693892,0.00999245268923386,2.9755581635981798e-05,154831.96875,9.828361704547207e-14,22.627416610717773,2.052763560859728e-11,512,0,0.5362910628318787,0.19776062434579705,0.07268338773875054,2.9621962312376127e-05,336200.25,2.1320927991845714e-13,40.107704162597656,1.0439890558068476e-11,512,33620.0234375,0.4181581437587738,1.0,1.0,0.11652712523937225,0.525956392288208,1.0432595014572144,0.5041472315788269,0.8788690567016602,5.0000002374872565e-05,0.18287618458271027,0.0,1.0,1.0,512,0.0001,0.3886600136756897,73.11,0.03,1535,0.9052254557609558,298.1743469238281,2.052763560859728e-11,0,0.5523486137390137,0.1,115.98912811279297,1.0,0.9052254557609558,full_shared_detggn_blockdiag_bxb,torch.float64,4.548485605937458e-07,2.1320927991845714e-13,2.052763560859728e-11,two_independent_raw_bxb_fp64_jacobi_cholesky,1024,0.06657744199037552,0.008693857118487358,0.31418514251708984,0.0001,459,1884160,1223.067584918812,1884160,1.0,1e-06,paper_sgd_momentum_1e-6,5.535354137420654,0.10000000149011612,-0.04244399070739746,1.4849984645843506,-0.18207556009292603,-0.9898629784584045,0.19990412890911102
11,0,-0.5132908821105957,1.9762725830078125,-0.5233709216117859,-2.3065545558929443,0.12114746868610382,0,0.47335919737815857,1.414213561441023,0.009140015629502526,2.6665697077987716e-05,173692.28125,4.4879687194619943e-14,22.627416610717773,2.061745984626429e-11,512,0,0.5660448670387268,0.2064332642106816,0.07614382991325071,3.188694972777739e-05,342852.875,3.1326503213545024e-13,23.31410789489746,1.796226552479115e-11,512,34285.28515625,0.45405980944633484,1.0,1.0,0.08835656195878983,0.46503981947898865,0.8685703277587891,0.5354083776473999,0.8638564944267273,4.999999873689376e-05,0.1836971789598465,0.0,1.0,1.0,512,0.0001,0.35006213188171387,71.3,0.12,1554,0.8875807523727417,1422.241943359375,2.061745984626429e-11,0,0.5633290410041809,0.1,327.2941589355469,1.0,0.8875807523727417,full_shared_detggn_blockdiag_bxb,torch.float64,2.256668267364148e-06,3.1326503213545024e-13,2.061745984626429e-11,two_independent_raw_bxb_fp64_jacobi_cholesky,1024,0.08003905415534973,0.01002917904406786,0.10616165399551392,0.0001,469,1925120,1249.9046151409857,1925120,1.0,1e-06,paper_sgd_momentum_1e-6,5.433838844299316,0.10000000149011612,0.793251097202301,3.406287431716919,0.4414832890033722,-0.3922167718410492,0.9402845501899719
13,0,-0.41030895709991455,2.0818629264831543,-0.39743369817733765,-1.6313413381576538,0.09348706156015396,0,0.5331374406814575,1.414213561998608,0.011260469546297114,2.945564665424172e-05,198428.59375,4.712736245010705e-14,22.627416610717773,2.9710656310868585e-11,512,0,0.5206514000892639,0.2102384434388423,0.07747173098210719,2.876579856092576e-05,356669.0625,1.5998648912278013e-13,21.0212345123291,1.3586557589703437e-11,512,35666.90625,0.4749670922756195,1.0,1.0,0.10405254364013672,0.5228848457336426,1.0474069118499756,0.4992184340953827,0.8867407441139221,4.999999873689376e-05,0.1478475034236908,0.0,1.0,1.0,512,0.0001,0.32154667377471924,62.3,0.02,1540,0.9049834609031677,2601.904541015625,2.9710656310868585e-11,0,0.5524963140487671,0.1,840.425537109375,1.0,0.904983401298523,full_shared_detggn_blockdiag_bxb,torch.float64,3.971185378759401e-06,1.5998648912278013e-13,2.9710656310868585e-11,two_independent_raw_bxb_fp64_jacobi_cholesky,1024,0.09527762979269028,-0.08189960569143295,0.0863071009516716,0.0001,479,1966080,1276.730410574004,1966080,1.0,1e-06,paper_sgd_momentum_1e-6,6.341573238372803,0.10000000149011612,0.16590824723243713,2.5668466091156006,-0.18289469182491302,-0.7306908369064331,0.4759489893913269
11,0,-0.5285823345184326,1.4719282388687134,-0.46077093482017517,-2.412287950515747,0.1263531744480133,0,0.5493286848068237,1.414213536264067,0.011650827136396357,2.870853859349154e-05,177626.15625,7.640967919271425e-14,22.62741470336914,3.165395831090227e-11,512,0,0.5778923630714417,0.21281340299862445,0.08037075344051393,3.020130861841608e-05,318569.875,1.5622555035808667e-13,27.31890106201172,1.683850152086044e-11,512,31856.98828125,0.44040921330451965,1.0,1.0,0.11157134175300598,0.5378789901733398,0.978238582611084,0.5498443841934204,0.933413565158844,4.999999509891495e-05,0.17785042524337769,0.0,1.0,1.0,512,0.0001,0.3285050392150879,62.74,0.07,1543,0.9567340016365051,1338.145751953125,3.165395831090227e-11,0,0.5226113200187683,0.1,997.657958984375,1.0,0.9567339420318604,full_shared_detggn_blockdiag_bxb,torch.float64,1.8273890418640804e-06,1.5622555035808667e-13,3.165395831090227e-11,two_independent_raw_bxb_fp64_jacobi_cholesky,1024,0.07223533093929291,0.023028772324323654,0.14576606452465057,0.0001,489,2007040,1303.5647269818,2007040,1.0,1e-06,paper_sgd_momentum_1e-6,3.543104887008667,0.10000000149011612,0.6644678115844727,3.6131608486175537,0.2966616451740265,-0.3126612603664398,0.6888225674629211
13,0,-0.3906647861003876,1.7387043237686157,-0.39649686217308044,-3.532710313796997,0.12486224621534348,0,0.3832535743713379,1.4142135623730951,0.011603513377770687,2.300232881680131e-05,142643.359375,3.470135808147156e-14,22.627418518066406,1.3563733196423508e-11,512,0,0.6033691167831421,0.22713939292755292,0.08598469265807014,3.6213346902513877e-05,256297.28125,2.1288210091296975e-13,29.204364776611328,1.462341258929253e-11,512,25629.73046875,0.39585429430007935,1.0,1.0,0.08962052315473557,0.37262779474258423,0.6455336213111877,0.5772399306297302,0.8094039559364319,4.999999873689376e-05,0.17563699185848236,0.0,1.0,1.0,512,0.0001,0.3385201096534729,85.89,0.13,1458,0.8330756425857544,779.9900512695312,1.462341258929253e-11,0,0.6001856327056885,0.1,538.3844604492188,1.0,0.8330755829811096,full_shared_detggn_blockdiag_bxb,torch.float64,1.4048509910935536e-06,2.1288210091296975e-13,1.462341258929253e-11,two_independent_raw_bxb_fp64_jacobi_cholesky,1024,0.06251924484968185,-0.0075117070227861404,0.16658103466033936,0.0001,499,2048000,1330.2318633156829,2048000,1.0,1e-06,paper_sgd_momentum_1e-6,4.417270660400391,0.10000000149011612,0.19308337569236755,3.5641748905181885,-0.0903364047408104,-0.33176109194755554,0.41371992230415344
13,0,-0.47002458572387695,0.8964005708694458,-0.4124354124069214,-2.3560264110565186,0.11096817255020142,0,0.5417744517326355,1.4142134714296566,0.007185598732676852,3.208424095646478e-05,249144.0625,3.0047149383473406e-14,22.627416610717773,2.5969569404224762e-11,512,0,0.47536784410476685,0.22777157250472638,0.08618614301600158,2.8151598598924465e-05,291215.6875,2.0143084203606906e-13,53.31481170654297,1.4197533752468093e-11,512,29121.56640625,0.37537169456481934,1.0,1.0,0.13421735167503357,0.5248859524726868,1.210407018661499,0.43364417552948,0.810494065284729,4.999999873689376e-05,0.1947494000196457,0.0,1.0,1.0,512,0.0001,0.4004080295562744,47.54,0.09,1544,0.844299852848053,3713.242919921875,2.5969569404224762e-11,0,0.5922066569328308,0.1,955.04443359375,1.0,0.844299852848053,full_shared_detggn_blockdiag_bxb,torch.float64,6.511333140224451e-06,2.0143084203606906e-13,2.5969569404224762e-11,two_independent_raw_bxb_fp64_jacobi_cholesky,1024,0.16692987084388733,-0.06236324459314346,0.5551698207855225,0.0001,509,2088960,1356.8213576199487,2088960,1.0,1e-06,paper_sgd_momentum_1e-6,10.0,0.10000000149011612,0.2871837317943573,2.990896701812744,-0.0705302432179451,-0.4895889461040497,0.7260158658027649
11,0,-0.3626238703727722,2.7039365768432617,-0.4109906852245331,-1.3643301725387573,0.11371768265962601,0,0.41147133708000183,1.4142135623730951,0.015666468722610464,2.3226333723869175e-05,154902.9375,3.176099644505419e-14,22.627416610717773,1.4491506848918848e-11,512,0,0.6574626564979553,0.22887052677059275,0.0839344211907756,3.711181489052251e-05,301470.78125,2.0686967304833315e-13,24.102943420410156,8.558862671029332e-12,512,30147.078125,0.33832356333732605,1.0,1.0,0.08963797241449356,0.40158894658088684,0.6412783265113831,0.6262319087982178,0.8581907749176025,4.999999873689376e-05,0.2002267688512802,0.0,1.0,1.0,512,0.0001,0.2719000577926636,69.54,0.02,1552,0.8857861757278442,1136.4161376953125,1.4491506848918848e-11,0,0.5644702911376953,0.1,111.85993957519531,1.0,0.8857861757278442,full_shared_detggn_blockdiag_bxb,torch.float64,1.8104626633430598e-06,2.0686967304833315e-13,1.4491506848918848e-11,two_independent_raw_bxb_fp64_jacobi_cholesky,1024,0.05978690832853317,0.00027960166335105896,0.11346714198589325,0.0001,519,2129920,1383.8728016680107,2129920,1.0,1e-06,paper_sgd_momentum_1e-6,3.232577323913574,0.1505165845155716,-0.025152843445539474,3.437777519226074,-0.08640521764755249,-1.218678593635559,0.22450724244117737
11,0,-0.41464173793792725,-0.008746652863919735,-0.38534972071647644,-1.2506957054138184,0.01860424503684044,0,0.5108815431594849,1.4142135619059975,0.011417963011134995,3.5734978155232966e-05,192033.984375,7.425506933401339e-14,22.62741470336914,5.445682355133187e-11,512,0,0.3551815152168274,0.23492215400446495,0.08747049838103439,2.484412289049942e-05,282468.21875,7.125338749554442e-14,16.744834899902344,6.722018043933724e-12,512,28246.822265625,0.34116774797439575,1.0,1.0,0.12191218882799149,0.4961223602294922,1.5111461877822876,0.328308641910553,0.6911856532096863,4.999999873689376e-05,0.13552621006965637,0.0,1.0,1.0,512,0.0001,0.390164315700531,84.86,0.0,1567,0.7148199081420898,2586.855712890625,5.445682355133187e-11,0,0.6994768381118774,0.1,131.89544677734375,1.0,0.7148199677467346,full_shared_detggn_blockdiag_bxb,torch.float64,6.328325980575755e-06,7.425506933401339e-14,5.445682355133187e-11,two_independent_raw_bxb_fp64_jacobi_cholesky,1024,0.10228535532951355,0.036542195826768875,0.05476357787847519,0.0001,529,2170880,1410.2787848557346,2170880,1.0,1e-06,paper_sgd_momentum_1e-6,3.9496586322784424,0.10000000149011612,0.10528343915939331,0.5502051711082458,0.15316380560398102,-0.32572662830352783,0.060003139078617096
11,0,-0.35723739862442017,0.17371486127376556,-0.35603344440460205,-1.042165994644165,0.027912551537156105,0,0.5544861555099487,1.4142135621737069,0.010307082288740943,3.7230256566544995e-05,104326.0,1.2174982076032352e-13,22.62741470336914,2.0883420368934735e-11,512,0,0.34637731313705444,0.2511426367551655,0.09332640488026593,2.3257056454895064e-05,192921.78125,1.6010755233001825e-13,11.710482597351074,7.0521897071167775e-12,512,19292.177734375,0.3308924734592438,1.0,1.0,0.1291622519493103,0.5392327904701233,1.6978119611740112,0.31760454177856445,0.7202416062355042,4.999999873689376e-05,0.1382194608449936,0.0,1.0,1.0,512,0.0001,0.36715319752693176,112.4,0.0,1438,0.7446714639663696,112.6026611328125,2.0883420368934735e-11,0,0.6714370846748352,0.1,77.21507263183594,1.0,0.7446714043617249,full_shared_detggn_blockdiag_bxb,torch.float64,2.538220371661737e-07,1.6010755233001825e-13,2.0883420368934735e-11,two_independent_raw_bxb_fp64_jacobi_cholesky,1024,0.07061309367418289,-0.01363509614020586,0.02678425796329975,0.0001,539,2211840,1436.604040904902,2211840,1.0,1e-06,paper_sgd_momentum_1e-6,8.33304214477539,0.10000000149011612,-0.2772289514541626,0.513799250125885,-0.2694435119628906,-0.7384650707244873,0.04065015912055969
11,0,-0.36726459860801697,1.8867180347442627,-0.33237266540527344,-1.2762280702590942,0.06563174724578857,0,0.5010003447532654,1.414213562367609,0.013640368552383299,3.399858906050213e-05,98717.40625,3.811043765411949e-14,22.627418518066406,1.6938681605172538e-11,512,0,0.3849693238735199,0.2610608984643832,0.09755113358526907,2.6124560463358648e-05,170703.765625,4.819375717952601e-14,25.442373275756836,4.2123896952996785e-12,512,17070.376953125,0.37244120240211487,1.0,1.0,0.1464127153158188,0.4791291058063507,1.315915822982788,0.36410316824913025,0.7111969590187073,4.999999873689376e-05,0.1250211000442505,0.0,1.0,1.0,512,0.0001,0.40791457891464233,34.42,0.0,1557,0.7367958426475525,1097.7445068359375,1.6938681605172538e-11,0,0.67861407995224,0.1,298.1736755371094,1.0,0.7367957830429077,full_shared_detggn_blockdiag_bxb,torch.float64,2.527650622141664e-06,4.819375717952601e-14,1.6938681605172538e-11,two_independent_raw_bxb_fp64_jacobi_cholesky,1024,0.1019773781299591,-0.05473233759403229,0.12642857432365417,0.0001,549,2252800,1463.1373716029339,2252800,1.0,1e-06,paper_sgd_momentum_1e-6,5.759180545806885,0.10000000149011612,-0.19665703177452087,3.2043588161468506,-0.27584952116012573,-0.5455596446990967,0.07986067235469818
11,0,-0.21229812502861023,0.6906576752662659,-0.22819024324417114,-0.7108837366104126,0.04158448800444603,0,0.5638447403907776,1.4142135623710106,0.012984330575447359,3.4001132007688284e-05,98302.625,1.8529807842244027e-13,22.62741470336914,2.663430007352387e-11,512,0,0.40409788489341736,0.2762472561486523,0.10425284606514587,2.4368029698962346e-05,172747.6875,5.547780068510705e-14,19.960954666137695,4.076453038172613e-12,512,17274.76953125,0.4526766538619995,1.0,1.0,0.12281583249568939,0.5503063797950745,1.4584373235702515,0.37732604146003723,0.8071526885032654,4.999999509891495e-05,0.14463792741298676,0.0,1.0,1.0,512,0.0001,0.3358460068702698,55.62,0.0,1543,0.8291558027267456,144.93182373046875,2.663430007352387e-11,0,0.6030229926109314,0.1,173.28823852539062,1.0,0.8291557431221008,full_shared_detggn_blockdiag_bxb,torch.float64,2.635126463701454e-07,1.8529807842244027e-13,2.663430007352387e-11,two_independent_raw_bxb_fp64_jacobi_cholesky,1024,0.056237541139125824,-0.032532501965761185,0.07782025635242462,0.0001,559,2293760,1489.8681447538547,2293760,1.0,1e-06,paper_sgd_momentum_1e-6,2.9946916103363037,0.1590450555086136,-0.5433132648468018,-0.08531337976455688,-0.5123821496963501,-0.9930397868156433,0.03356308862566948
13,0,-0.28638070821762085,0.3381311595439911,-0.2517901062965393,-1.7027256488800049,0.049947816878557205,0,0.5680999755859375,1.4142135623730951,0.020953223909354193,3.3764208637876436e-05,66146.6875,5.593929357323742e-14,22.62741470336914,1.2618907178144216e-11,512,0,0.44948628544807434,0.2832013149341762,0.10650023037577976,2.6714573323260993e-05,150924.296875,3.0133839843732975e-14,30.906654357910156,4.7360739314106246e-12,512,15092.4296875,0.35826605558395386,1.0,1.0,0.1505964994430542,0.5477757453918457,1.3786921501159668,0.39731547236442566,0.8005539178848267,4.999999509891495e-05,0.21018651127815247,0.0,1.0,1.0,512,0.0001,0.22206860780715942,68.4,0.0,1566,0.8412753343582153,235.71632385253906,1.2618907178144216e-11,0,0.594335675239563,0.1,943.4863891601562,1.0,0.8412753939628601,full_shared_detggn_blockdiag_bxb,torch.float64,4.1631611225056986e-07,5.593929357323742e-14,1.2618907178144216e-11,two_independent_raw_bxb_fp64_jacobi_cholesky,1024,0.07882006466388702,-0.0100331399589777,0.18656665086746216,0.0001,569,2334720,1516.4822705658153,2334720,1.0,1e-06,paper_sgd_momentum_1e-6,3.6698052883148193,0.10000000149011612,-0.43076092004776,1.4103714227676392,-0.5148512125015259,-0.9652577042579651,0.14303770661354065
13,0,-0.28063806891441345,0.3452869653701782,-0.2543313801288605,-0.981674313545227,0.026134183630347252,0,0.5358109474182129,1.414213562373095,0.01767107392794718,3.19269165629521e-05,68990.0546875,3.277168121486782e-14,22.62741470336914,8.74842598554032e-12,512,0,0.42664575576782227,0.28944876511288226,0.11385369023730871,2.5422183171031065e-05,128534.484375,9.144074559285598e-14,32.52538299560547,3.1935561743736896e-12,512,12853.447265625,0.5140039920806885,1.0,1.0,0.12213419377803802,0.5217054486274719,1.2975893020629883,0.4020574390888214,0.8178207874298096,5.0000002374872565e-05,0.1427459865808487,0.0,1.0,1.0,512,0.0001,0.24609512090682983,60.5,0.0,1559,0.8391210436820984,375.8651428222656,8.74842598554032e-12,0,0.5958616137504578,0.1,144.91583251953125,1.0,0.8391210436820984,full_shared_detggn_blockdiag_bxb,torch.float64,6.672565859844326e-07,9.144074559285598e-14,8.74842598554032e-12,two_independent_raw_bxb_fp64_jacobi_cholesky,1024,0.10611896961927414,-0.034912366420030594,0.2066212147474289,0.0001,579,2375680,1543.1028970777988,2375680,1.0,1e-06,paper_sgd_momentum_1e-6,10.0,0.1004556193947792,-0.49271196126937866,0.12114210426807404,-0.38329851627349854,-1.1064311265945435,0.11359438300132751
11,0,-0.24170008301734924,1.701528549194336,-0.24091801047325134,-0.8218788504600525,0.022845294326543808,0,0.4268140196800232,1.4142135623730951,0.00748187712644116,3.39676407747902e-05,57481.515625,7.384524673836908e-15,22.62741470336914,2.8995839495831865e-12,512,0,0.3843379616737366,0.35029306556122347,0.10700938357360402,3.058721995330416e-05,139440.640625,3.288312638599749e-14,27.456783294677734,2.208827967087166e-12,512,13944.0625,0.19760861992835999,1.0,1.0,0.1369316428899765,0.4042523205280304,1.0960646867752075,0.3688215911388397,0.6035570502281189,4.999999873689376e-05,0.10810308158397675,0.0,1.0,1.0,512,0.0001,0.12782341241836548,99.91,0.0,1558,0.6282655000686646,716.1988525390625,2.8995839495831865e-12,0,0.7958418130874634,0.1,93.51508331298828,1.0,0.6282655596733093,full_shared_detggn_blockdiag_bxb,torch.float64,2.2680733309243806e-06,3.288312638599749e-14,2.8995839495831865e-12,two_independent_raw_bxb_fp64_jacobi_cholesky,1024,0.0700611025094986,0.02567657083272934,0.14724120497703552,0.0001,589,2416640,1569.332743812818,2416640,1.0,1e-06,paper_sgd_momentum_1e-6,9.300697326660156,0.10000000149011612,-0.28864654898643494,1.5709267854690552,-0.2888730466365814,-0.8014931082725525,0.01909140683710575
11,1,-0.36321425437927246,-0.055266931653022766,-0.3252181112766266,-1.0026568174362183,0.02064593881368637,0,0.3462938666343689,1.4142135623730951,0.025102441267990445,3.23879903589841e-05,23996.71875,1.8540477288266103e-14,22.62741470336914,4.447253701044865e-12,512,0,0.3698430359363556,0.27834087808888913,0.10762632731996732,3.459048457443714e-05,130955.8359375,6.994924996225515e-14,15.941204071044922,3.96643438607652e-12,512,13095.5830078125,0.11359138041734695,1.0,1.0,0.10289410501718521,0.3306542634963989,0.9826111197471619,0.3365057110786438,0.5016618967056274,5.0000002374872565e-05,0.15345284342765808,0.0,1.0,1.0,512,0.0001,0.05431698262691498,78.39,0.0,1560,0.5346022248268127,172.34226989746094,4.447253701044865e-12,0,0.9352747201919556,0.1,68.94827270507812,1.0,0.5346022844314575,full_shared_detggn_blockdiag_bxb,torch.float64,7.537723831774201e-07,6.994924996225515e-14,4.447253701044865e-12,two_independent_raw_bxb_fp64_jacobi_cholesky,1024,0.08933494240045547,0.03987177461385727,0.0496332049369812,0.0001,599,2457600,1595.7776038078591,2457600,1.0,1e-06,paper_sgd_momentum_1e-6,9.93996810913086,0.10000000149011612,0.15272042155265808,0.5463325381278992,0.27146220207214355,-0.2926603853702545,0.05421605333685875
11,0,-0.3888433277606964,0.17635396122932434,-0.3467313349246979,-1.9379504919052124,0.040501244366168976,0,0.5121259689331055,1.4142135623730951,0.018442164785568035,3.394513259991072e-05,34308.68359375,1.2410275284053448e-14,22.62741470336914,4.687161377038314e-12,512,0,0.41658324003219604,0.3137662814845264,0.10206507326434358,2.7612295525614172e-05,150196.71875,3.9174176005841544e-14,23.866580963134766,5.889570638881092e-12,512,15019.671875,0.3122199475765228,1.0,1.0,0.13241496682167053,0.49471133947372437,1.2993404865264893,0.38074034452438354,0.7231338024139404,5.0000002374872565e-05,0.1690513789653778,0.0,1.0,1.0,512,0.0001,0.02778075449168682,158.67,0.0,1589,0.7543436884880066,462.0679931640625,5.889570638881092e-12,0,0.6628277897834778,0.1,581.5375366210938,1.0,0.7543437480926514,full_shared_detggn_blockdiag_bxb,torch.float64,1.0150263278774219e-06,3.9174176005841544e-14,5.889570638881092e-12,two_independent_raw_bxb_fp64_jacobi_cholesky,1024,0.09685593843460083,0.059174373745918274,0.11125266551971436,0.0001,609,2498560,1621.973257815931,2498560,1.0,1e-06,paper_sgd_momentum_1e-6,4.340635776519775,0.10000000149011612,0.7032349109649658,1.245335578918457,0.8198671936988831,-0.2985784411430359,0.11149364709854126
13,0,-0.32211893796920776,0.11628179252147675,-0.3208927810192108,-0.8980899453163147,0.00526049081236124,0,0.5463689565658569,1.414213562372376,0.007877241421555773,3.2138013921212405e-05,178089.65625,5.441939627057175e-14,22.62741470336914,4.7631175199252314e-11,512,0,0.37661129236221313,0.27030063928832004,0.11326872760948345,2.215268432337325e-05,219011.75,1.0401022531030547e-13,10.97278881072998,5.2336232586823716e-12,512,21901.171875,0.685733437538147,1.0,1.0,0.11582230776548386,0.533951461315155,1.5057185888290405,0.354615718126297,0.8325031399726868,4.999999873689376e-05,0.12682171165943146,0.0,1.0,1.0,512,0.0001,0.27365970611572266,118.97,0.0,1600,0.8500353693962097,4374.76123046875,4.7631175199252314e-11,0,0.5882108211517334,0.1,185.89633178710938,1.0,0.8500353693962097,full_shared_detggn_blockdiag_bxb,torch.float64,7.568161436211085e-06,1.0401022531030547e-13,4.7631175199252314e-11,two_independent_raw_bxb_fp64_jacobi_cholesky,1024,0.1269661784172058,-0.013394159264862537,0.023516032844781876,0.0001,619,2539520,1647.8511383389123,2539520,1.0,1e-06,paper_sgd_momentum_1e-6,4.904252529144287,0.10000000149011612,0.33744174242019653,0.5348401069641113,0.38105350732803345,-0.48463431000709534,0.0285623911768198
11,0,-0.34020179510116577,2.0182907581329346,-0.32596656680107117,-1.3094494342803955,0.03119274228811264,0,0.5795772075653076,1.4142135623730785,0.01770107654325174,3.5046370612690225e-05,97494.203125,6.264573597843065e-14,22.62741470336914,1.9692089833873243e-11,512,0,0.3636598289012909,0.2724713971220668,0.10004910818607893,2.1990093955537304e-05,183313.03125,2.1399529446582688e-13,39.58695983886719,5.151322740174335e-12,512,18331.302734375,0.5113629698753357,1.0,1.0,0.16119784116744995,0.5567090511322021,1.643531322479248,0.3387273848056793,0.8001375198364258,4.999999873689376e-05,0.1323338747024536,0.0,1.0,1.0,512,0.0001,0.17520566284656525,521.6,0.0,1593,0.8268718719482422,499.20635986328125,1.9692089833873243e-11,0,0.6046885848045349,0.1,116.76335144042969,1.0,0.8268718719482422,full_shared_detggn_blockdiag_bxb,torch.float64,9.126696909333987e-07,2.1399529446582688e-13,1.9692089833873243e-11,two_independent_raw_bxb_fp64_jacobi_cholesky,1024,0.1434066891670227,-0.044250860810279846,0.30607956647872925,0.0001,629,2580480,1673.662342548836,2580480,1.0,1e-06,paper_sgd_momentum_1e-6,9.81003189086914,0.10000000149011612,0.21668797731399536,2.0311312675476074,0.3304906189441681,-0.3417472839355469,0.057494256645441055
13,0,-0.3520207405090332,1.914031744003296,-0.3512676954269409,-1.5675455331802368,0.026513097807765007,0,0.455569326877594,1.4142135604331338,0.016196242348775328,3.2595031370874494e-05,130564.1328125,1.4897811684556036e-13,22.62741470336914,3.487882235529592e-11,512,0,0.34178805351257324,0.2742777726763906,0.1353580819885487,2.445421887387056e-05,199494.359375,8.642888745748034e-14,13.786078453063965,4.937334742413e-12,512,19949.4375,0.5266402363777161,1.0,1.0,0.08984024822711945,0.4466230571269989,1.4504281282424927,0.3079249858856201,0.676974356174469,4.999999873689376e-05,0.1483282744884491,0.0,1.0,1.0,512,0.0001,0.1511712372303009,304.84,0.07,1597,0.6988325119018555,233.949462890625,3.487882235529592e-11,0,0.7154790759086609,0.1,89.44154357910156,1.0,0.6988324522972107,full_shared_detggn_blockdiag_bxb,torch.float64,5.988056273054099e-07,1.4897811684556036e-13,3.487882235529592e-11,two_independent_raw_bxb_fp64_jacobi_cholesky,1024,0.04273013770580292,0.002694639377295971,0.037120308727025986,0.0001,639,2621440,1699.54574394878,2621440,1.0,1e-06,paper_sgd_momentum_1e-6,2.7011232376098633,0.10000000149011612,0.7126157283782959,3.036456823348999,0.9557245373725891,-0.32319995760917664,0.22079256176948547
13,0,-0.3252496123313904,0.10283137112855911,-0.3362402617931366,-0.7388900518417358,0.008401882834732533,0,0.6032073497772217,1.4142119828659672,0.011872614224709057,3.625478711910546e-05,199545.140625,1.150963533542382e-13,22.62741470336914,9.545929014042543e-11,512,0,0.3089989721775055,0.2685976269605363,0.1446713517490025,1.8571876353234984e-05,180995.53125,1.2190732588850681e-13,10.066656112670898,3.3608382226025715e-12,512,18099.55078125,0.6242771148681641,1.0,1.0,0.14136207103729248,0.5864092707633972,2.0216948986053467,0.2900582551956177,0.8128519058227539,5.0000002374872565e-05,0.10652032494544983,0.0,1.0,1.0,512,0.0001,0.3428274691104889,136.14,0.02,1606,0.8319002389907837,3470.81298828125,9.545929014042543e-11,0,0.6010335683822632,0.1,65.13172149658203,1.0,0.8319002985954285,full_shared_detggn_blockdiag_bxb,torch.float64,6.2690060076420195e-06,1.2190732588850681e-13,9.545929014042543e-11,two_independent_raw_bxb_fp64_jacobi_cholesky,1024,0.082039013504982,-0.006154574453830719,0.01979249343276024,0.0001,649,2662400,1725.478980860673,2662400,1.0,1e-06,paper_sgd_momentum_1e-6,3.6171000003814697,0.23204073309898376,0.06384461373090744,0.377379447221756,0.1239129900932312,-0.7681372165679932,0.03936139866709709
13,0,-0.24233976006507874,1.829210877418518,-0.2663324177265167,-0.9987834692001343,0.03669142350554466,0,0.5594214200973511,1.414213374035946,0.0131738844671876,3.251769157941453e-05,138737.703125,2.0609555081202578e-13,22.62741470336914,3.691578526721919e-11,512,0,0.4392516016960144,0.2914112097836788,0.11164085855137695,2.5532535801175982e-05,173081.9375,1.9478163038101674e-13,18.012399673461914,6.793679304140469e-12,512,17308.19140625,0.47617024183273315,1.0,1.0,0.11443894356489182,0.5475911498069763,1.4342271089553833,0.3818022608757019,0.8244055509567261,4.999999873689376e-05,0.21718424558639526,0.0,1.0,1.0,512,0.0001,0.3403635621070862,80.06,0.07,1559,0.860180139541626,161.53610229492188,3.691578526721919e-11,0,0.58127361536026,0.1,32.75274658203125,1.0,0.860180139541626,full_shared_detggn_blockdiag_bxb,torch.float64,2.7289829063192883e-07,2.0609555081202578e-13,3.691578526721919e-11,two_independent_raw_bxb_fp64_jacobi_cholesky,1024,0.05057886987924576,0.00627189502120018,0.06336846947669983,0.0001,659,2703360,1751.3993939277716,2703360,1.0,1e-06,paper_sgd_momentum_1e-6,3.544224262237549,0.1951625645160675,-0.4336169362068176,2.229163408279419,-0.3957086205482483,-1.0093626976013184,0.06641781330108643
11,0,-0.36138319969177246,-0.19470219314098358,-0.3609634041786194,-0.5171427130699158,0.0015213231090456247,0,0.513907253742218,1.41416343203011,0.018375244981137104,3.861593359033577e-05,189818.15625,1.2127175095245611e-13,22.627410888671875,3.797689671341534e-11,512,0,0.2485480010509491,0.16119696466741842,0.13440239502630794,1.8676351828617044e-05,228716.953125,7.363763066974796e-14,13.66465950012207,3.08565723519518e-12,512,22871.6953125,0.4575701951980591,1.0,1.0,0.1447497308254242,0.4931005537509918,2.324215888977051,0.21215781569480896,0.636435866355896,5.0000002374872565e-05,0.12948037683963776,0.0,1.0,1.0,512,0.0001,0.2725261449813843,55.82,0.0,1615,0.6654083132743835,259.3654479980469,3.797689671341534e-11,0,0.7514183521270752,0.1,31.99770736694336,1.0,0.6654083132743835,full_shared_detggn_blockdiag_bxb,torch.float64,7.322269084397703e-07,1.2127175095245611e-13,3.797689671341534e-11,two_independent_raw_bxb_fp64_jacobi_cholesky,1024,0.22144845128059387,-0.09249350428581238,0.03646932169795036,0.0001,669,2744320,1777.2962028649636,2744320,1.0,1e-06,paper_sgd_momentum_1e-6,1.801866054534912,0.10000000149011612,1.2353284358978271,1.364263892173767,1.231673002243042,1.169975757598877,0.0007421363261528313
13,0,-0.3565225303173065,0.2482379823923111,-0.3625909090042114,-1.0587226152420044,0.016503646969795227,0,0.5884503126144409,1.413768642924125,0.01026935605346877,3.9186688809422776e-05,240763.609375,1.3917373143425507e-13,22.627416610717773,5.847672676277358e-11,512,0,0.2887983024120331,0.26691589316693226,0.10079230123353905,1.9231953046983108e-05,216061.765625,1.7458973330099889e-13,9.769637107849121,6.4705115752717056e-12,512,21606.17578125,0.39444440603256226,1.0,1.0,0.1531653106212616,0.5681673288345337,2.272576093673706,0.25001025199890137,0.7206842303276062,4.999999873689376e-05,0.14456598460674286,0.0,1.0,1.0,512,0.0001,0.6055212616920471,82.98,0.0,1556,0.75082927942276,818.3594360351562,5.847672676277358e-11,0,0.6659302711486816,0.1,70.7794189453125,1.0,0.7508293390274048,full_shared_detggn_blockdiag_bxb,torch.float64,1.8145611875297618e-06,1.7458973330099889e-13,5.847672676277358e-11,two_independent_raw_bxb_fp64_jacobi_cholesky,1024,0.07510095834732056,-0.0017255106940865517,0.01864176243543625,0.0001,679,2785280,1803.5301725380123,2785280,1.0,1e-06,paper_sgd_momentum_1e-6,3.9251270294189453,0.15304845571517944,-0.15274181962013245,0.4714350998401642,-0.3288532793521881,-0.7295559048652649,0.1257277876138687
13,0,-0.2935371398925781,-0.021964259445667267,-0.3038835823535919,-0.5135151147842407,0.00540179293602705,0,0.5986941456794739,1.414213451507693,0.01762970493693418,4.11593027820345e-05,252059.296875,2.5251304033125217e-13,22.62741470336914,5.882803796995408e-11,512,0,0.2380319982767105,0.2804609060726995,0.11028861260664469,1.63643344421871e-05,203790.5625,2.0826516555207307e-13,13.582175254821777,4.073144022355734e-12,512,20379.0546875,0.39946889877319336,1.0,1.0,0.15744240581989288,0.5776214599609375,2.9842615127563477,0.19355590641498566,0.6963948011398315,4.999999873689376e-05,0.13854727149009705,0.0,1.0,1.0,512,0.0001,0.5026390552520752,54.76,0.0,1552,0.7272889614105225,205.2047882080078,5.882803796995408e-11,0,0.6874846816062927,0.1,4.596941947937012,1.0,0.7272889614105225,full_shared_detggn_blockdiag_bxb,torch.float64,4.84934957967198e-07,2.5251304033125217e-13,5.882803796995408e-11,two_independent_raw_bxb_fp64_jacobi_cholesky,1024,0.07344275712966919,-0.019262071698904037,0.0360303670167923,0.0001,689,2826240,1830.2544324239716,2826240,1.0,1e-06,paper_sgd_momentum_1e-6,2.2564613819122314,0.1924053430557251,-0.3776806592941284,-0.24395394325256348,-0.35654544830322266,-0.6599878668785095,0.006651036906987429
13,0,-0.23239955306053162,0.2922377586364746,-0.26078709959983826,-0.5017763376235962,0.014993433840572834,0,0.5495705008506775,1.4142105848562085,0.010174410259703871,4.7431891289306805e-05,222351.828125,1.8530679094422554e-13,22.62741470336914,4.5460293441403923e-11,512,0,0.17294901609420776,0.28784740465312436,0.11072559743679486,1.4926745279808529e-05,144715.25,5.6481538892103603e-14,16.15802001953125,2.8969181541801955e-12,512,14471.525390625,0.0193556509912014,1.0,1.0,0.18778620660305023,0.5164921283721924,6.351375102996826,0.08131973445415497,0.5263615250587463,5.0000002374872565e-05,0.15263833105564117,0.0,1.0,1.0,512,0.0001,0.8295472264289856,50.53,0.0,1549,0.5793259739875793,162.69361877441406,4.5460293441403923e-11,0,0.8630719780921936,0.1,40.54779052734375,1.0,0.5793259739875793,full_shared_detggn_blockdiag_bxb,torch.float64,6.05946922860312e-07,1.8530679094422554e-13,4.5460293441403923e-11,two_independent_raw_bxb_fp64_jacobi_cholesky,1024,0.08606114238500595,-0.04016406834125519,0.05099250376224518,0.0001,699,2867200,1857.279575323686,2867200,1.0,1e-06,paper_sgd_momentum_1e-6,4.191265106201172,0.10000000149011612,-0.5448812246322632,-0.22140687704086304,-0.576665997505188,-0.9855018854141235,0.01748022623360157
13,0,-0.2502240538597107,0.6624446511268616,-0.2819911539554596,-0.5834085941314697,0.020478470250964165,0,0.598239541053772,1.4140640742936907,0.01030397590034309,3.881744123646058e-05,257135.078125,1.3409769369895238e-13,22.627412796020508,4.5270765300076225e-11,512,0,0.26830992102622986,0.27191578853989035,0.10693954615221211,1.7409589418093674e-05,173544.78125,1.6963504446695038e-13,7.464293479919434,4.518162241709672e-12,512,17354.478515625,0.5105924010276794,1.0,1.0,0.15382909774780273,0.5781238079071045,2.3961992263793945,0.24126701056957245,0.7458893656730652,4.999999873689376e-05,0.11739011853933334,0.0,1.0,1.0,512,0.0001,0.8043738603591919,75.19,0.0,1503,0.7705807685852051,546.0172119140625,4.5270765300076225e-11,0,0.6488611698150635,0.1,36.60258102416992,1.0,0.7705808281898499,full_shared_detggn_blockdiag_bxb,torch.float64,1.1494230420794338e-06,1.6963504446695038e-13,4.5270765300076225e-11,two_independent_raw_bxb_fp64_jacobi_cholesky,1024,0.06917403638362885,-0.03615545108914375,0.010881969705224037,0.0001,709,2908160,1884.491576384753,2908160,1.0,1e-06,paper_sgd_momentum_1e-6,9.893426895141602,0.10000000149011612,-0.6075384616851807,-0.32730579376220703,-0.6180179119110107,-1.3137601613998413,0.025446923449635506
13,0,-0.339641273021698,-0.08533429354429245,-0.34068402647972107,-0.5477423667907715,0.002958733821287751,0,0.5732016563415527,1.414213560287694,0.009093874654322952,4.38284405390732e-05,268124.0,1.7139250903615938e-13,22.627410888671875,6.196318148829239e-11,512,0,0.2035692036151886,0.26820848346544923,0.10313106671461916,1.5565412468276918e-05,197790.890625,1.5141250038413483e-13,14.36081600189209,2.342601695978293e-12,512,19779.08984375,0.24683524668216705,1.0,1.0,0.1560145765542984,0.5515610575675964,3.7402844429016113,0.14746500551700592,0.6193302869796753,5.0000002374872565e-05,0.14033707976341248,0.0,1.0,1.0,512,0.0001,0.5674635171890259,39.12,0.0,1553,0.6539151668548584,492.37518310546875,6.196318148829239e-11,0,0.7646251320838928,0.1,14.05630874633789,1.0,0.6539152264595032,full_shared_detggn_blockdiag_bxb,torch.float64,1.4393397123058094e-06,1.7139250903615938e-13,6.196318148829239e-11,two_independent_raw_bxb_fp64_jacobi_cholesky,1024,0.07739026844501495,0.030195452272892,0.04027989134192467,0.0001,719,2949120,1911.3249414619058,2949120,1.0,1e-06,paper_sgd_momentum_1e-6,5.242761135101318,0.10000000149011612,-0.3007292151451111,-0.1058960035443306,-0.2983643114566803,-0.4735373854637146,0.0022921315394341946
13,0,-0.25740453600883484,0.10636807233095169,-0.27467355132102966,-0.6019880771636963,0.0099001070484519,0,0.6265937089920044,1.414213545256477,0.0036925671991383815,3.60903432010673e-05,245322.953125,6.88641003689392e-14,22.62741470336914,3.586063874546895e-11,512,0,0.33210432529449463,0.25237333081198204,0.09922756615862492,1.912843799800612e-05,213281.625,2.566308046144621e-13,7.151541233062744,4.840009228308491e-12,512,21328.16015625,0.6022944450378418,1.0,1.0,0.17240363359451294,0.6024090647697449,1.9152179956436157,0.3145381212234497,0.8440967202186584,5.0000002374872565e-05,0.10657896101474762,0.0,1.0,1.0,512,0.0001,0.46107015013694763,88.9,0.0,1563,0.8680905103683472,1529.624755859375,3.586063874546895e-11,0,0.5759767889976501,0.1,29.185344696044922,1.0,0.8680905699729919,full_shared_detggn_blockdiag_bxb,torch.float64,2.537259433665895e-06,2.566308046144621e-13,3.586063874546895e-11,two_independent_raw_bxb_fp64_jacobi_cholesky,1024,0.10053394734859467,-0.02159055694937706,0.009989168494939804,0.0001,729,2990080,1937.9023147518747,2990080,1.0,1e-06,paper_sgd_momentum_1e-6,10.0,0.11081355810165405,-0.5319661498069763,-0.2649853229522705,-0.5738484859466553,-0.7455862760543823,0.01077158935368061
13,0,-0.391827791929245,0.2553396224975586,-0.3532349467277527,-2.0665194988250732,0.04601249471306801,0,0.545060932636261,1.414213562373095,0.010890866833731182,2.789949212456122e-05,332818.625,5.769588359682858e-14,22.627416610717773,5.7379583092181245e-11,512,0,0.5357409119606018,0.23572346651812873,0.09004458061867109,2.742243668762967e-05,220303.90625,1.0177960965399132e-13,23.59128189086914,6.775964844602715e-12,512,22030.390625,0.6336839199066162,1.0,1.0,0.09935710579156876,0.5359287261962891,1.1603177785873413,0.46188101172447205,0.9330806732177734,4.999999509891495e-05,0.2714484632015228,0.0,1.0,1.0,512,0.0001,0.4551474452018738,90.37,0.02,1557,0.9768293499946594,7436.9697265625,5.7379583092181245e-11,0,0.5118600726127625,0.1,439.7291259765625,1.0,0.9768294095993042,full_shared_detggn_blockdiag_bxb,torch.float64,9.742456313688308e-06,1.0177960965399132e-13,5.7379583092181245e-11,two_independent_raw_bxb_fp64_jacobi_cholesky,1024,0.09282057732343674,-0.005391379818320274,0.10870087891817093,0.0001,739,3031040,1964.153566234745,3031040,1.0,1e-06,paper_sgd_momentum_1e-6,3.2207109928131104,0.10000000149011612,0.08478841185569763,1.3273111581802368,0.002395787974819541,-0.40255969762802124,0.13406412303447723
12,0,-0.3639853298664093,2.085545778274536,-0.37861761450767517,-0.7337560057640076,0.027991721406579018,0,0.4840884506702423,1.4142135623730951,0.0349408091341564,2.771051731542684e-05,39398.484375,1.6618404832793698e-14,22.62741470336914,3.662491675002549e-12,512,0,0.4386213719844818,0.19591976567980005,0.09844386631896833,2.5107859983108938e-05,450334.34375,8.56299330310139e-14,51.49319839477539,1.3879392614350296e-11,512,45033.4375,0.7917495965957642,1.0,1.0,0.056742746382951736,0.4807513356208801,1.1417418718338013,0.42106834053993225,0.8629294633865356,4.999999509891495e-05,0.1228419616818428,0.0,1.0,1.0,512,0.0001,0.005664214491844177,84.4,0.22,1604,0.87347412109375,246.0828094482422,1.3879392614350296e-11,0,0.5724267363548279,0.1,737.35888671875,1.0,0.8734741806983948,full_shared_detggn_blockdiag_bxb,torch.float64,4.031726632547361e-07,8.56299330310139e-14,1.3879392614350296e-11,two_independent_raw_bxb_fp64_jacobi_cholesky,1024,0.08472314476966858,0.01823294907808304,0.5178806781768799,0.0001,749,3072000,1990.3005072330125,3072000,1.0,1e-06,paper_sgd_momentum_1e-6,10.0,0.10000000149011612,1.7855855226516724,2.9774341583251953,1.8632234334945679,0.29213014245033264,0.10706119984388351
13,0,-0.39949753880500793,0.4176308810710907,-0.4022720456123352,-2.0230350494384766,0.07287827879190445,0,0.46489110589027405,1.4142135623730823,0.0033627919829364904,2.563295856816694e-05,269188.6875,1.789452948227355e-13,22.62741470336914,4.3504757330193425e-11,512,0,0.6052559614181519,0.18264344050924564,0.0715799743231312,3.337233283673413e-05,419692.40625,3.0189324709356495e-13,20.986499786376953,1.7759263754036233e-11,512,41969.23828125,0.42624008655548096,1.0,1.0,0.0947907492518425,0.4551246464252472,0.8687822222709656,0.5238650441169739,0.8493776321411133,4.999999873689376e-05,0.3031504154205322,0.0,1.0,1.0,512,0.0001,0.18075014650821686,119.56,0.08,1571,0.9068228602409363,394.28460693359375,4.3504757330193425e-11,0,0.5513755679130554,0.1,230.85472106933594,1.0,0.906822919845581,full_shared_detggn_blockdiag_bxb,torch.float64,5.99342172336037e-07,3.0189324709356495e-13,4.3504757330193425e-11,two_independent_raw_bxb_fp64_jacobi_cholesky,1024,0.0844612866640091,-0.0011416515335440636,0.08602210134267807,0.0001,759,3112960,2016.7802600646392,3112960,1.0,1e-06,paper_sgd_momentum_1e-6,10.0,0.10000000149011612,0.17755244672298431,1.3174145221710205,0.1514424979686737,-0.6604955196380615,0.12118837982416153
