action_max,action_min,adv_avg,adv_max,adv_med,adv_min,adv_var,clipfrac,critic_ratio_max,critic_ratio_min,critic_rows,critic_trust_reason,critic_trust_update_count_this_rollout,critic_trust_update_count_total,curr_lr,entropy,eplenmean,eprewmean,fps,grad_norm,joint_actor_critic_cross_frobenius,joint_actor_fisher_quadratic,joint_actor_raw_scale,joint_actor_rhs_norm,joint_applied_solve_residual,joint_cholesky_info_max,joint_clip_scale,joint_critic_actor_cross_frobenius,joint_critic_ggn_quadratic,joint_critic_objective_coef,joint_critic_raw_scale,joint_critic_rhs_norm,joint_cross_block_frobenius,joint_direction_l2,joint_finite_scan_pass,joint_jacobi_scale_max,joint_jacobi_scale_min,joint_kernel_mode,joint_linear_solve_dtype,joint_normalized_value_prediction_change_rms,joint_optimizer_state_entries,joint_parameter_columns,joint_policy_delta_l2,joint_popart_std,joint_predicted_critic_divergence,joint_predicted_step_kl,joint_raw_value_prediction_change_rms,joint_relative_solve_residual,joint_shared_delta_l2,joint_solve_residual,joint_solver_mode,joint_system_rows,joint_value_delta_l2,kl,loss_pi,loss_v,lr,misc/nupdates,misc/serial_timesteps,misc/time_elapsed,misc/total_timesteps,optimizer_history_correction,optimizer_momentum,optimizer_momentum_semantics,ratio_max,ratio_min,ret_avg,ret_max,ret_med,ret_min,ret_var
14,0,-0.011386275291442871,29.568981170654297,-0.13458800315856934,-0.26534464955329895,2.157320261001587,0.0,1.0,1.0,512,BELOW_0P005_DIVIDE_1P5,1,10,0.004,2.694384813308716,55.69,0.01,625,0.5838139057159424,1.398619063324855,0.5551531910896301,46.23653030395508,22.627416610717773,1.486188021996154e-13,0,0.8566574454307556,1.398619063324855,0.3450716733932495,1.0,9.229291915893555,37.555118560791016,1.398619063324855,0.5836638808250427,1.0,1.4137532804608433,1.409357151555909,exact_deterministic_ggn_2b,torch.float64,0.002011312870308757,26,938976,0.0006526121869683266,0.03365679830312729,2.025880121436785e-06,3.25924702337943e-06,6.769435276510194e-05,5.465945031997653e-16,0.0017467974685132504,1.9069598807892865e-13,symmetrized_jacobi_fullfp64_chunked,1024,0.0007230363553389907,0.0005835465271957219,-0.0017053373157978058,2.754661798477173,0.004,9,40960,66.84125257097185,40960,1.0,1e-06,paper_sgd_momentum_1e-6,1.0728367567062378,0.9541002511978149,0.11317944526672363,29.697940826416016,-0.012279076501727104,-0.12299329787492752,2.1587116718292236
14,0,-0.12775777280330658,7.2814483642578125,-0.1651155799627304,-0.45109647512435913,0.27669456601142883,0.0,1.0,1.0,512,BELOW_0P005_DIVIDE_1P5,1,20,0.004,2.6323843002319336,80.23,0.03,625,0.6867772340774536,3.6775889303887985,4.188774108886719,134.31394958496094,22.627416610717773,8.979318466336965e-14,0,0.7217773795127869,3.6775889303887985,0.2857242226600647,1.0,34.82638931274414,13.827428817749023,3.6775889303887985,0.6927343606948853,1.0,1.4132402954595673,1.4029891645380257,exact_deterministic_ggn_2b,torch.float64,0.0015245055546984076,26,938976,0.0009084444609470665,0.13427211344242096,1.190813236462418e-06,1.7457559806643985e-05,0.00020469857554417104,4.236280395821212e-16,0.0017625855980440974,9.472893919252505e-14,symmetrized_jacobi_fullfp64_chunked,1024,0.00026077328948304057,0.002207893179729581,0.0010210294276475906,0.3734332025051117,0.004,19,81920,132.33316932991147,81920,1.0,1e-06,paper_sgd_momentum_1e-6,1.125340223312378,0.8507434129714966,0.09810200333595276,7.4940595626831055,0.03514377400279045,-0.15556572377681732,0.27311068773269653
14,0,-0.2256649136543274,5.094181537628174,-0.2696896493434906,-1.063906192779541,0.45709145069122314,0.0,1.0,1.0,512,BELOW_0P005_DIVIDE_1P5,1,30,0.004,2.5479354858398438,96.83,0.24,624,0.9014976620674133,14.026154446167164,9.093221664428711,199.74917602539062,22.627416610717773,9.832950913312744e-14,0,0.5594813227653503,14.026154446167164,8.408893585205078,1.0,76.47093963623047,11.717719078063965,14.026154446167164,0.8936848640441895,1.0,1.412140280884243,1.3982192856367543,exact_deterministic_ggn_2b,torch.float64,0.0065928916446864605,26,938976,0.0008793362649157643,0.18778851628303528,2.1057170670246705e-05,2.2770833311369643e-05,0.001238069380633533,4.82808852805742e-16,0.0016457003075629473,1.0376984316670152e-13,symmetrized_jacobi_fullfp64_chunked,1024,0.0007200194522738457,0.005510839633643627,0.005671650171279907,0.2681736946105957,0.004,29,122880,197.63417745986953,122880,1.0,1e-06,paper_sgd_momentum_1e-6,1.235111117362976,0.8365709781646729,0.4421573281288147,5.779738426208496,0.32854464650154114,-0.228449746966362,0.459349125623703
14,0,-0.33120235800743103,36.216827392578125,-0.37213948369026184,-2.074084758758545,3.6316585540771484,0.0,1.0,1.0,512,BELOW_0P005_DIVIDE_1P5,1,40,0.004,2.308424711227417,99.89,0.52,627,1.9024020433425903,41.51115490813177,63.45276641845703,479.1266784667969,22.627416610717773,1.8799904802319547e-13,0,0.26579830050468445,41.51115490813177,0.6368613839149475,1.0,237.3137969970703,38.859344482421875,41.51115490813177,1.8811256885528564,1.0,1.4028912910153903,1.3695764519178497,exact_deterministic_ggn_2b,torch.float64,0.0006734271300956607,26,938976,0.0009937819559127092,0.2878340780735016,3.599476201543439e-07,3.586286402423866e-05,0.0001938352797878906,6.817466911601212e-16,0.0016541593940928578,2.1883465281417532e-13,symmetrized_jacobi_fullfp64_chunked,1024,0.0005255070282146335,0.008972333744168282,0.00038742832839488983,2.9493136405944824,0.004,39,163840,263.3329869201407,163840,1.0,1e-06,paper_sgd_momentum_1e-6,1.3145829439163208,0.7773319482803345,0.9921178817749023,37.90869140625,0.753614068031311,-0.30776989459991455,3.791261911392212
14,0,-0.30210888385772705,33.05038070678711,-0.4235529601573944,-1.7691560983657837,2.8941919803619385,0.0,1.0,1.0,512,IN_BAND_UNCHANGED,1,50,0.004,2.328305244445801,91.1,0.37,625,1.0473111867904663,31.804231682273247,55.97017288208008,588.6882934570312,22.62741470336914,9.477912940143975e-14,0,0.4762585163116455,31.804231682273247,20.626914978027344,1.0,272.4945373535156,14.90356159210205,31.804231682273247,1.0498499870300293,1.0,1.407841106685179,1.3705021670566724,exact_deterministic_ggn_2b,torch.float64,0.009076250717043877,26,938976,0.0008999949786812067,0.3178407847881317,3.7429137591971084e-05,0.00010156221833312884,0.0028848026413470507,4.375750072588156e-16,0.0017343993531540036,1.2354000035754324e-13,symmetrized_jacobi_fullfp64_chunked,1024,0.00042645848589017987,0.016065159812569618,-0.006005290895700455,0.43382060527801514,0.004,49,204800,328.76681918185204,204800,1.0,1e-06,paper_sgd_momentum_1e-6,1.2701605558395386,0.6450806260108948,0.5437766909599304,34.20207595825195,0.24854342639446259,-0.40644752979278564,3.0375282764434814
14,0,-0.5387712717056274,1.8420361280441284,-0.5037834644317627,-2.3219330310821533,0.08140058070421219,0.0,1.0,1.0,512,BELOW_0P005_DIVIDE_1P5,1,60,0.004,2.236769676208496,145.83,0.15,633,1.0133618116378784,60.64529519020294,68.92999267578125,1298.2216796875,22.627416610717773,1.1537992971202736e-13,0,0.5071549415588379,60.64529519020294,0.8037184476852417,1.0,790.4171142578125,5.988250732421875,60.64529519020294,0.9858919978141785,1.0,1.4023289640182268,1.2146720194534817,exact_deterministic_ggn_2b,torch.float64,0.0021234804298728704,26,938976,0.0007211596239358187,0.34854811429977417,1.6537705960217863e-06,0.00014183374878484756,0.0007401350885629654,6.145962433291036e-16,0.0018571035470813513,1.2274628718668104e-13,symmetrized_jacobi_fullfp64_chunked,1024,0.00017631893570069224,0.027319500222802162,-0.02039121463894844,0.07003739476203918,0.004,59,245760,393.99083903897554,245760,1.0,1e-06,paper_sgd_momentum_1e-6,2.027977228164673,0.7431124448776245,0.6147279143333435,2.4195568561553955,0.8739182949066162,-0.4766332805156708,0.3540197014808655
14,0,-0.4746074080467224,25.330692291259766,-0.5464724898338318,-2.797668933868408,1.8175828456878662,0.0,1.0,1.0,512,BELOW_0P005_DIVIDE_1P5,1,70,0.004,2.2788782119750977,89.39,0.18,613,1.8574362993240356,122.38362063781273,113.232666015625,2416.179443359375,22.62741470336914,7.590979000652165e-13,0,0.26860523223876953,122.38362063781273,48.0967903137207,1.0,1534.866455078125,47.622562408447266,122.38362063781273,1.8614678382873535,1.0,1.3833350605281012,1.2504452703260898,exact_deterministic_ggn_2b,torch.float64,0.006773775443434715,26,938976,0.0005098722758702934,0.39548027515411377,2.7760997909354046e-05,6.5356791310478e-05,0.0026788946706801653,2.104547298234014e-15,0.001837833900935948,7.582903906532259e-13,symmetrized_jacobi_fullfp64_chunked,1024,0.0006019902648404241,0.008349385112524033,-0.008053261786699295,4.429508686065674,0.004,69,286720,459.2977720829658,286720,1.0,1e-06,paper_sgd_momentum_1e-6,1.3138315677642822,0.7852234244346619,0.713880717754364,27.32259750366211,0.7516210079193115,-0.5045644640922546,2.3840150833129883
14,0,-0.4739513397216797,23.60709571838379,-0.5562875270843506,-2.304178237915039,1.5269274711608887,0.0,1.0,1.0,512,BELOW_0P005_DIVIDE_1P5,1,80,0.004,2.3684592247009277,116.81,0.31,629,1.3534144163131714,91.16201369629657,58.13276672363281,2274.03759765625,22.627416610717773,1.9715777116519706e-13,0,0.36608660221099854,91.16201369629657,4.283607482910156,1.0,1275.7513427734375,12.063151359558105,91.16201369629657,1.3657970428466797,1.0,1.377575005200023,1.2162771409622466,exact_deterministic_ggn_2b,torch.float64,0.0029521931428462267,26,938976,0.0005094407242722809,0.42736321687698364,4.5926922211947385e-06,6.232735177036375e-05,0.0012616587337106466,9.989343150028327e-16,0.00191857002209872,1.911823703343947e-13,symmetrized_jacobi_fullfp64_chunked,1024,0.00024403512361459434,0.012452851980924606,-0.004665248095989227,0.2842180132865906,0.004,79,327680,524.5642219958827,327680,1.0,1e-06,paper_sgd_momentum_1e-6,1.3537745475769043,0.722420334815979,0.3738410174846649,25.214155197143555,0.11633710563182831,-0.5250737071037292,1.8804943561553955
14,0,-0.6076465249061584,1.7670141458511353,-0.6044716238975525,-1.994643211364746,0.08126525580883026,0.0,1.0,1.0,512,BELOW_0P005_DIVIDE_1P5,1,90,0.004,2.3320364952087402,119.13,0.12,635,1.3541306257247925,115.58656757244127,35.72303009033203,2686.7822265625,22.627416610717773,1.7166815752677623e-13,0,0.37209370732307434,115.58656757244127,1.18258535861969,1.0,1575.175048828125,7.119665622711182,115.58656757244127,1.3437474966049194,1.0,1.3888364502336399,1.1863079958712401,exact_deterministic_ggn_2b,torch.float64,0.0015083897160366178,26,938976,0.00048425779095850885,0.42471763491630554,1.309867002419196e-06,3.956789805670269e-05,0.0006406396860256791,9.044964125705045e-16,0.0019361639861017466,1.7959290540846846e-13,symmetrized_jacobi_fullfp64_chunked,1024,0.0001294563990086317,0.024149537086486816,-0.0027553290128707886,0.09900319576263428,0.004,89,368640,589.5433066510595,368640,1.0,1e-06,paper_sgd_momentum_1e-6,1.698492407798767,0.7003054022789001,0.3396603465080261,2.536085367202759,0.5153212547302246,-0.5681045651435852,0.24049566686153412
14,0,-0.6255089640617371,1.7570050954818726,-0.622809112071991,-2.169754981994629,0.1534028947353363,0.0,1.0,1.0,512,BELOW_0P005_DIVIDE_1P5,1,100,0.004,2.387230157852173,121.19,0.26,632,1.2507177591323853,102.9245595818878,74.27464294433594,2487.38330078125,22.627416610717773,1.553522186208552e-13,0,0.39577212929725647,102.9245595818878,8.890467643737793,1.0,1477.697265625,7.552694320678711,102.9245595818878,1.2633532285690308,1.0,1.3850039926689153,1.1626205952621986,exact_deterministic_ggn_2b,torch.float64,0.004733982030302286,26,938976,0.0005226887296885252,0.4229312241077423,1.1140508831886109e-05,9.307241271017119e-05,0.002002148889005184,8.123061759782353e-16,0.0019232066115364432,1.5780168255148466e-13,symmetrized_jacobi_fullfp64_chunked,1024,0.000167539095855318,0.04407903552055359,-0.01425459049642086,0.11141248047351837,0.004,99,409600,654.5462587568909,409600,1.0,1e-06,paper_sgd_momentum_1e-6,1.681018590927124,0.4432775378227234,0.1753082126379013,3.145552635192871,0.13846254348754883,-0.5896728038787842,0.2698172926902771
14,0,-0.6712058186531067,1.7880451679229736,-0.6691770553588867,-2.022876024246216,0.15382511913776398,0.0,1.0,1.0,512,BELOW_0P005_DIVIDE_1P5,1,110,0.004,2.3831729888916016,103.08,0.13,632,1.1423277854919434,131.76218018302788,27.254741668701172,3067.62451171875,22.627416610717773,1.9216180650431709e-13,0,0.4349936842918396,131.76218018302788,2.9385502338409424,1.0,2009.94580078125,8.952404022216797,131.76218018302788,1.1494419574737549,1.0,1.378977602155011,1.1436256770317554,exact_deterministic_ggn_2b,torch.float64,0.0028341214638203382,26,938976,0.0005531361675821245,0.41600173711776733,4.4482485463959165e-06,4.125703344470821e-05,0.0011789994314312935,1.164064590592536e-15,0.0019063734216615558,1.9293989831827502e-13,symmetrized_jacobi_fullfp64_chunked,1024,0.0002444947313051671,0.011104920879006386,-0.010091218166053295,0.15653425455093384,0.004,109,450560,719.9061843631789,450560,1.0,1e-06,paper_sgd_momentum_1e-6,1.320298433303833,0.6966264247894287,0.2645283341407776,3.057361125946045,0.312826007604599,-0.6749655604362488,0.29041048884391785
14,0,-0.6537711024284363,1.7905594110488892,-0.6760128736495972,-1.8295683860778809,0.042556196451187134,0.0,1.0,1.0,512,BELOW_0P005_DIVIDE_1P5,1,120,0.004,2.387834072113037,160.87,0.16,632,1.3175777196884155,146.6140987656984,37.472206115722656,3229.416259765625,22.62741470336914,1.724474807453371e-13,0,0.3789578676223755,146.6140987656984,1.196115493774414,1.0,2061.785888671875,5.032391548156738,146.6140987656984,1.3194079399108887,1.0,1.3805129439243147,1.0670874515681827,exact_deterministic_ggn_2b,torch.float64,0.0014984582085162401,26,938976,0.0005012509063817561,0.4047233760356903,1.3741844213654986e-06,4.305079346522689e-05,0.0006064610788598657,1.1257958242203996e-15,0.0019345480250194669,1.711814458645162e-13,symmetrized_jacobi_fullfp64_chunked,1024,7.916959293652326e-05,0.020980138331651688,-0.008082453161478043,0.04946281760931015,0.004,119,491520,784.7797665842809,491520,1.0,1e-06,paper_sgd_momentum_1e-6,1.7479373216629028,0.6907464861869812,0.2526991367340088,3.104693651199341,0.32564929127693176,-0.6554496884346008,0.0967460423707962
14,0,-0.7020156979560852,1.8327594995498657,-0.7071228623390198,-1.6264324188232422,0.026276247575879097,0.0,1.0,1.0,512,BELOW_0P005_DIVIDE_1P5,1,130,0.004,2.3743581771850586,427.84,0.16,635,1.527850866317749,142.7555604532891,50.75050354003906,3531.20947265625,22.627416610717773,1.6525841260049102e-13,0,0.32903406023979187,142.7555604532891,0.9616670608520508,1.0,2230.016357421875,4.711258411407471,142.7555604532891,1.5195995569229126,1.0,1.3786736094758274,1.089918379705046,exact_deterministic_ggn_2b,torch.float64,0.0013540866784751415,26,938976,0.0006188842817209661,0.3930780589580536,8.329070055879129e-07,4.3955387809546664e-05,0.0005322617362253368,1.0727079836780462e-15,0.0018924657488241792,1.7316372153725959e-13,symmetrized_jacobi_fullfp64_chunked,1024,0.00018855820235330611,0.01154312863945961,-0.017990456894040108,0.04335147514939308,0.004,129,532480,849.3975026379339,532480,1.0,1e-06,paper_sgd_momentum_1e-6,1.4756479263305664,0.7827911972999573,0.033828284591436386,2.138530731201172,0.1679254025220871,-0.6958679556846619,0.09693694859743118
14,0,-0.7365978360176086,1.865828275680542,-0.720071017742157,-1.496764063835144,0.043832048773765564,0.0,1.0,1.0,512,BELOW_0P005_DIVIDE_1P5,1,140,0.004,2.386382579803467,185.98,0.11,621,1.189295768737793,146.42759891473167,91.69792175292969,3827.246337890625,22.62741470336914,2.3619228621655606e-13,0,0.4136638939380646,146.42759891473167,1.297206163406372,1.0,2490.66650390625,5.292544841766357,146.42759891473167,1.208710789680481,1.0,1.3733399463225682,1.1936276148153684,exact_deterministic_ggn_2b,torch.float64,0.002005952876061201,26,938976,0.0006081907195039093,0.3827926218509674,1.7758009107637918e-06,0.0001255292008863762,0.0007678639376536012,1.27153132258374e-15,0.001897701877169311,2.3910816056834104e-13,symmetrized_jacobi_fullfp64_chunked,1024,0.00016978179337456822,0.024374959990382195,-0.01093277521431446,0.054709043353796005,0.004,139,573440,914.4503254061565,573440,1.0,1e-06,paper_sgd_momentum_1e-6,1.5100938081741333,0.5292466282844543,-0.16362209618091583,2.8381478786468506,-0.07919415086507797,-0.7285893559455872,0.09965972602367401
14,0,-0.7108293771743774,1.9890178442001343,-0.7217357754707336,-1.5320816040039062,0.07206357270479202,0.0,1.0,1.0,512,BELOW_0P005_DIVIDE_1P5,1,150,0.004,2.366912603378296,172.99,0.08,629,1.1892896890640259,144.8665249179378,25.045982360839844,3866.78564453125,22.627416610717773,2.0047742994062222e-13,0,0.4217832684516907,144.8665249179378,0.761673092842102,1.0,2639.17041015625,5.9115376472473145,144.8665249179378,1.1854429244995117,1.0,1.3657107750083963,1.0631349567177626,exact_deterministic_ggn_2b,torch.float64,0.001439302577637136,26,938976,0.0006381304701790214,0.37404078245162964,1.0840200275197276e-06,3.564566941349767e-05,0.0005383578827604651,1.2910299742033008e-15,0.0018909655045717955,2.0480059782556713e-13,symmetrized_jacobi_fullfp64_chunked,1024,0.00013051230052951723,0.013127192854881287,-0.0160964448004961,0.06825444847345352,0.004,149,614400,980.5906505458988,614400,1.0,1e-06,paper_sgd_momentum_1e-6,1.409611463546753,0.6712216734886169,-0.17698600888252258,2.597700834274292,-0.16715849936008453,-0.8017272353172302,0.12373535335063934
14,0,-0.6147648096084595,26.620704650878906,-0.7492949962615967,-2.403165578842163,1.9438260793685913,0.0,1.0,1.0,512,IN_BAND_UNCHANGED,1,160,0.004,2.297606945037842,165.13,0.45,630,1.9502928256988525,242.58766589332006,48.868865966796875,6243.34765625,22.627416610717773,1.12612564616592e-12,0,0.25550729036331177,242.58766589332006,84.45161437988281,1.0,4800.06787109375,34.363365173339844,242.58766589332006,1.9568912982940674,1.0,1.3232340470230473,1.0770429503387473,exact_deterministic_ggn_2b,torch.float64,0.009350309148430824,26,938976,0.0004378005978651345,0.3837953805923462,4.410669862409122e-05,2.5522831492708065e-05,0.0035886054392904043,3.893228981934931e-15,0.0018652982544153929,1.1198473164399879e-12,symmetrized_jacobi_fullfp64_chunked,1024,0.000573578872717917,0.006565500050783157,0.002548827789723873,2.3063297271728516,0.004,159,655360,1045.494969541207,655360,1.0,1e-06,paper_sgd_momentum_1e-6,1.5536291599273682,0.6368525624275208,0.32861509919166565,27.965394973754883,0.2541564702987671,-0.6957119703292847,2.2870402336120605
14,0,-0.8077521324157715,1.921221375465393,-0.7699159979820251,-3.8708982467651367,0.2940158247947693,0.0,1.0,1.0,512,IN_BAND_UNCHANGED,1,170,0.004,2.334439516067505,99.18,0.25,627,1.6719549894332886,396.9320915511524,122.30048370361328,7618.36328125,22.627416610717773,5.90918790945713e-13,0,0.2984200417995453,396.9320915511524,7.151637077331543,1.0,6465.71875,10.81767749786377,396.9320915511524,1.6754907369613647,1.0,1.31506918832438,0.9728957634616248,exact_deterministic_ggn_2b,torch.float64,0.003194450866430998,26,938976,0.0006833078805357218,0.40196236968040466,5.095085271022981e-06,8.713129500392824e-05,0.0012840490089729428,3.0417381615164576e-15,0.0018740551313385367,5.963098811311056e-13,symmetrized_jacobi_fullfp64_chunked,1024,0.00014493589696940035,0.011412732303142548,-0.011061116121709347,0.22855888307094574,0.004,169,696320,1110.5089566209354,696320,1.0,1e-06,paper_sgd_momentum_1e-6,1.5216920375823975,0.7538024187088013,0.5353637933731079,4.838738918304443,0.5580949187278748,-0.8828446865081787,0.8067715764045715
14,0,-0.7084634900093079,23.422306060791016,-0.7645816802978516,-3.0779945850372314,1.127967357635498,0.0,1.0,1.0,512,BELOW_0P005_DIVIDE_1P5,1,180,0.004,2.3357529640197754,107.07,0.56,628,1.3816550970077515,441.64946540605683,63.04833984375,9899.75,22.627416610717773,2.537609816304188e-12,0,0.36296725273132324,441.64946540605683,16.19943618774414,1.0,9146.9345703125,24.58942413330078,441.64946540605683,1.3775347471237183,1.0,1.2701853900900266,0.8858528124902451,exact_deterministic_ggn_2b,torch.float64,0.005478076171129942,26,938976,0.0005627898499369621,0.41550588607788086,1.7073587514460087e-05,6.645054236287251e-05,0.002276172861456871,1.0467399401332294e-14,0.0018532053800299764,2.5394022374768058e-12,symmetrized_jacobi_fullfp64_chunked,1024,0.0004988946602679789,0.015374669805169106,0.0031831469386816025,1.1809370517730713,0.004,179,737280,1176.882434076164,737280,1.0,1e-06,paper_sgd_momentum_1e-6,1.9685136079788208,0.6559545397758484,0.46094444394111633,25.775888442993164,0.19042432308197021,-0.9125815033912659,1.8330326080322266
14,0,-0.740509033203125,1.6131256818771362,-0.738430917263031,-3.4486725330352783,0.1414537876844406,0.0,1.0,1.0,512,IN_BAND_UNCHANGED,1,190,0.004,2.322688579559326,130.32,0.25,633,1.4215120077133179,649.9571588627941,116.36904907226562,12844.4765625,22.627416610717773,7.446129682617836e-13,0,0.3510875403881073,649.9571588627941,2.158301830291748,1.0,11260.5263671875,7.345681667327881,649.9571588627941,1.424146294593811,1.0,1.244297602840915,0.8053297877934454,exact_deterministic_ggn_2b,torch.float64,0.0020806556567549706,26,938976,0.000600994098931551,0.4339616894721985,2.1283010482875397e-06,0.00011475149949546903,0.0009029248612932861,3.922601927985628e-15,0.001895127585157752,7.354486490112103e-13,symmetrized_jacobi_fullfp64_chunked,1024,0.00021746306447312236,0.016288865357637405,-0.01858373172581196,0.10538875311613083,0.004,189,778240,1241.8810348869301,778240,1.0,1e-06,paper_sgd_momentum_1e-6,1.6136150360107422,0.5892878174781799,0.6815986633300781,2.4040186405181885,0.4218844473361969,-0.7761987447738647,0.9792551398277283
14,0,-0.8581411242485046,0.12683990597724915,-0.8164536952972412,-3.1333773136138916,0.10096507519483566,0.0,1.0,1.0,512,IN_BAND_UNCHANGED,1,200,0.004,2.3188047409057617,322.18,0.53,634,1.28985595703125,784.0639580657507,86.87470245361328,16251.431640625,22.62741470336914,8.570256609695795e-13,0,0.38513919711112976,784.0639580657507,2.144721508026123,1.0,12774.5234375,6.932744979858398,784.0639580657507,1.2982319593429565,1.0,1.2831246202258397,0.7464072689438822,exact_deterministic_ggn_2b,torch.float64,0.0023064622655510902,26,938976,0.0005898320814594626,0.4474404752254486,2.5450503926549572e-06,0.00010309054050594568,0.0010320045985281467,4.5338910654024246e-15,0.0019029931863769889,8.695682704717977e-13,symmetrized_jacobi_fullfp64_chunked,1024,0.00017523248970974237,0.023130051791667938,-0.024048153311014175,0.09387295693159103,0.004,199,819200,1306.5198032930493,819200,1.0,1e-06,paper_sgd_momentum_1e-6,1.692828893661499,0.41201546788215637,0.8994129300117493,2.0182740688323975,1.3418365716934204,-0.9125581383705139,0.7186132669448853
14,0,-0.8085674047470093,1.4795681238174438,-0.8125001192092896,-2.7948689460754395,0.06253495812416077,0.0,1.0,1.0,512,BELOW_0P005_DIVIDE_1P5,1,210,0.004,2.3251988887786865,147.24,0.1,635,1.3478996753692627,1044.117653100503,141.8472137451172,19803.951171875,22.62741470336914,9.059090817479789e-13,0,0.3698000907897949,1044.117653100503,0.992810845375061,1.0,15876.701171875,5.924233913421631,1044.117653100503,1.3520818948745728,1.0,1.2542182221543345,0.7953064320426837,exact_deterministic_ggn_2b,torch.float64,0.0015272386372089386,26,938976,0.0006376819219440222,0.45385539531707764,1.0861518831006833e-06,0.00015518325380980968,0.000693145499099046,4.835165186101603e-15,0.0018925139447674155,9.371195216643482e-13,symmetrized_jacobi_fullfp64_chunked,1024,0.00010836838191607967,0.015021001920104027,-0.014753400348126888,0.06854794919490814,0.004,209,860160,1371.4673573132604,860160,1.0,1e-06,paper_sgd_momentum_1e-6,1.802838921546936,0.7205420136451721,0.7854166030883789,2.4222419261932373,1.0495063066482544,-0.9044302105903625,0.3093675374984741
14,0,-0.8172866702079773,1.5378289222717285,-0.8302576541900635,-2.3917524814605713,0.10428597033023834,0.0,1.0,1.0,512,BELOW_0P005_DIVIDE_1P5,1,220,0.004,2.322774887084961,340.58,0.17,635,1.6955703496932983,939.222954987786,253.97743225097656,17978.34765625,22.627416610717773,9.218408182223837e-13,0,0.29423055052757263,939.222954987786,4.966039657592773,1.0,13652.1875,7.292348861694336,939.222954987786,1.699347734451294,1.0,1.2595918354782862,0.6923297163180254,exact_deterministic_ggn_2b,torch.float64,0.0026485470589250326,26,938976,0.0006953786360099912,0.45237308740615845,3.43934493685083e-06,0.0001758979051373899,0.0011981313582509756,4.805860274615368e-15,0.0018535436829552054,9.579556067156413e-13,symmetrized_jacobi_fullfp64_chunked,1024,0.0002842898538801819,0.02932605892419815,-0.029342826455831528,0.10386396944522858,0.004,219,901120,1436.9502722881734,901120,1.0,1e-06,paper_sgd_momentum_1e-6,2.3358120918273926,0.5255763530731201,0.4542866349220276,2.453244209289551,0.6863131523132324,-0.9290304780006409,0.259976863861084
14,0,-0.8906378746032715,-0.4593370854854584,-0.8565365672111511,-2.0909740924835205,0.037029657512903214,0.0,1.0,1.0,512,BELOW_0P005_DIVIDE_1P5,1,230,0.004,2.3697712421417236,256.11,0.29,629,1.427976369857788,842.5947576545453,87.85675048828125,18004.240234375,22.62741470336914,7.416947244418994e-13,0,0.34888023138046265,842.5947576545453,1.1830494403839111,1.0,13212.2060546875,3.7971653938293457,842.5947576545453,1.4331566095352173,1.0,1.2325370593959226,0.8002706473759488,exact_deterministic_ggn_2b,torch.float64,0.001387591939419508,26,938976,0.0005721686175093055,0.4463547468185425,1.1519817917360342e-06,8.554957457818091e-05,0.0006193582667037845,4.0181359459333425e-15,0.0019122340017929673,8.109053985024385e-13,symmetrized_jacobi_fullfp64_chunked,1024,0.0001264121092390269,0.025462180376052856,-0.010354812256991863,0.02816106379032135,0.004,229,942080,1501.860138261225,942080,1.0,1e-06,paper_sgd_momentum_1e-6,2.279085874557495,0.607132613658905,0.12709715962409973,0.523139476776123,0.3137296736240387,-0.9945817589759827,0.1412508487701416
14,0,-0.8657249212265015,1.4277592897415161,-0.8579438328742981,-2.752721071243286,0.1344272941350937,0.0,1.0,1.0,512,IN_BAND_UNCHANGED,1,240,0.004,2.2888622283935547,91.03,0.42,630,2.032294511795044,963.9691533000504,214.6781463623047,19463.373046875,22.627416610717773,1.2166832166173998e-12,0,0.24450533092021942,963.9691533000504,9.601143836975098,1.0,14704.126953125,7.621898174285889,963.9691533000504,2.044945240020752,1.0,1.2987263652889154,0.7059116253937221,exact_deterministic_ggn_2b,torch.float64,0.0031267907470464706,26,938976,0.0006532795960083604,0.44727542996406555,4.5918714022263885e-06,0.00010267260950058699,0.0013985367259010673,6.447121846777902e-15,0.0018491829978302121,1.2063081533054298e-12,symmetrized_jacobi_fullfp64_chunked,1024,0.00039210286922752857,0.011663702316582203,-0.0244749765843153,0.11346353590488434,0.004,239,983040,1566.8787068091333,983040,1.0,1e-06,paper_sgd_momentum_1e-6,1.603664755821228,0.6311907172203064,0.0513281486928463,1.9879024028778076,0.052927713841199875,-0.9546843767166138,0.43917471170425415
14,0,-0.9038052558898926,1.3509329557418823,-0.867292582988739,-2.527510166168213,0.06568261235952377,0.0,1.0,1.0,512,BELOW_0P005_DIVIDE_1P5,1,250,0.004,2.323331832885742,156.72,0.43,514,1.5656590461730957,1066.8982800441936,70.4887466430664,20692.705078125,22.62741470336914,1.0751922342769496e-12,0,0.3191336691379547,1066.8982800441936,5.899197578430176,1.0,16416.25,5.083014011383057,1066.8982800441936,1.5667415857315063,1.0,1.2332503899404803,0.7439492966267697,exact_deterministic_ggn_2b,torch.float64,0.002589673036709428,26,938976,0.0005827618879266083,0.44945651292800903,4.8064921429613605e-06,5.743214933318086e-05,0.001163945416919887,5.796728417188488e-15,0.0019036242738366127,1.059331828102748e-12,symmetrized_jacobi_fullfp64_chunked,1024,0.00019130358123220503,0.006872208788990974,-0.006491769105195999,0.05046295374631882,0.004,249,1024000,1633.394219817128,1024000,1.0,1e-06,paper_sgd_momentum_1e-6,1.383514404296875,0.7269190549850464,0.38672614097595215,2.8446290493011475,0.6638290882110596,-0.8363213539123535,0.33116379380226135
14,0,-0.7717694044113159,21.776485443115234,-0.8548480272293091,-2.727090358734131,1.3316978216171265,0.0,1.0,1.0,512,IN_BAND_UNCHANGED,1,260,0.004,2.262291431427002,93.03,0.26,628,1.7864725589752197,1010.0417149712,224.02468872070312,21291.30859375,22.62741470336914,1.4708672647128558e-12,0,0.27942806482315063,1010.0417149712,23.408924102783203,1.0,18506.9765625,15.533157348632812,1010.0417149712,1.7893692255020142,1.0,1.2454333048066706,0.756455237035514,exact_deterministic_ggn_2b,torch.float64,0.0055594854056835175,26,938976,0.0006637856131419539,0.4512712359428406,1.4622160961152986e-05,0.0001399348839186132,0.00250883586704731,6.683587397586377e-15,0.0018781687831506133,1.4340998120586767e-12,symmetrized_jacobi_fullfp64_chunked,1024,0.0001785100466804579,0.006360768340528011,-0.007333213463425636,0.47124800086021423,0.004,259,1064960,1698.5123812588863,1064960,1.0,1e-06,paper_sgd_momentum_1e-6,1.4188019037246704,0.7584298253059387,0.13062210381031036,23.53631591796875,0.1773131936788559,-1.005921483039856,1.825717806816101
14,0,-0.9168574810028076,-0.5096296668052673,-0.8861791491508484,-2.461207628250122,0.036035921424627304,0.0,1.0,1.0,512,BELOW_0P005_DIVIDE_1P5,1,270,0.004,2.36999249458313,182.87,0.1,637,1.4198853969573975,1040.4808253494864,118.84261322021484,20636.087890625,22.62741470336914,9.993926666121646e-13,0,0.3502190411090851,1040.4808253494864,2.0860095024108887,1.0,17678.9375,3.7457902431488037,1040.4808253494864,1.4276779890060425,1.0,1.1487926213960857,0.7919452510757091,exact_deterministic_ggn_2b,torch.float64,0.0014745149528607726,26,938976,0.0005969463381916285,0.44919225573539734,2.046849203907186e-06,0.00011661159805953503,0.0006623407243750989,5.435307142476894e-15,0.0019068085821345448,1.0852300203152545e-12,symmetrized_jacobi_fullfp64_chunked,1024,8.791423169896007e-05,0.02874903939664364,-0.0105811208486557,0.027404187247157097,0.004,269,1105920,1763.27336354414,1105920,1.0,1e-06,paper_sgd_momentum_1e-6,1.6040987968444824,0.5447626709938049,0.40329891443252563,0.883163571357727,0.6043985486030579,-0.9365864992141724,0.17028044164180756
14,0,-0.8943966031074524,1.3568607568740845,-0.8885024189949036,-2.0546796321868896,0.031085949391126633,0.0,1.0,1.0,512,BELOW_0P005_DIVIDE_1P5,1,280,0.004,2.371422290802002,172.89,0.06,627,1.350487470626831,1000.0335546891874,158.4150390625,18236.203125,22.62741470336914,8.458031614349009e-13,0,0.36844679713249207,1000.0335546891874,1.2961210012435913,1.0,15187.3427734375,3.278339147567749,1000.0335546891874,1.3570480346679688,1.0,1.2514715145092272,0.792825330704001,exact_deterministic_ggn_2b,torch.float64,0.0016833218978717923,26,938976,0.0006866619223728776,0.4453478157520294,1.4076190382183995e-06,0.00017204260802827775,0.0007496637408621609,4.598822229118299e-15,0.0018732588505372405,8.481114164354972e-13,symmetrized_jacobi_fullfp64_chunked,1024,0.0001392646081512794,0.007878229953348637,-0.0039036329835653305,0.02099122479557991,0.004,279,1146880,1828.1905731312,1146880,1.0,1e-06,paper_sgd_momentum_1e-6,1.3201907873153687,0.7582719922065735,-0.04717881605029106,2.3116865158081055,0.21908599138259888,-0.9968562126159668,0.21388933062553406
14,0,-0.880326509475708,1.3968570232391357,-0.8870408535003662,-2.818403720855713,0.10141517221927643,0.0,1.0,1.0,512,BELOW_0P005_DIVIDE_1P5,1,290,0.004,2.3181772232055664,130.36,0.37,629,1.5997382402420044,1256.865182667524,138.84054565429688,23282.5859375,22.627416610717773,1.7735443436565393e-12,0,0.31291845440864563,1256.865182667524,6.395040988922119,1.0,21208.361328125,7.764381408691406,1256.865182667524,1.597860336303711,1.0,1.1958880232371105,0.7479990234375761,exact_deterministic_ggn_2b,torch.float64,0.0030983067117631435,26,938976,0.0006148226675577462,0.44833648204803467,5.009515916754026e-06,0.00010875987936742604,0.001389083918184042,9.25305841048474e-15,0.0018926587654277682,1.8068116066456447e-12,symmetrized_jacobi_fullfp64_chunked,1024,0.0001995841012103483,0.014591237530112267,-0.008391927927732468,0.11774534732103348,0.004,289,1187840,1894.303523215931,1187840,1.0,1e-06,paper_sgd_momentum_1e-6,1.4433764219284058,0.6296165585517883,0.15392005443572998,3.4452524185180664,0.31134432554244995,-1.0236835479736328,0.5734795331954956
14,0,-0.8757408857345581,1.280389666557312,-0.8782609105110168,-3.3685081005096436,0.11160773038864136,0.0,1.0,1.0,512,BELOW_0P005_DIVIDE_1P5,1,300,0.004,2.2731850147247314,74.64,0.18,628,1.7115027904510498,1476.38110781129,185.67681884765625,27928.388671875,22.627416610717773,1.9734974371999784e-12,0,0.29085227847099304,1476.38110781129,2.4239249229431152,1.0,28252.3984375,6.43341588973999,1476.38110781129,1.719085693359375,1.0,1.193678484079602,0.6394795768931433,exact_deterministic_ggn_2b,torch.float64,0.0017768173711374402,26,938976,0.0006832738872617483,0.45586591958999634,1.6404165990024921e-06,0.0001256587274838239,0.000809990509878844,1.0593813138395607e-14,0.00187411077786237,2.027081174718154e-12,symmetrized_jacobi_fullfp64_chunked,1024,0.00014436623314395547,0.014679089188575745,-0.022112302482128143,0.08083757758140564,0.004,299,1228800,1959.6301685180515,1228800,1.0,1e-06,paper_sgd_momentum_1e-6,1.6752336025238037,0.6610472798347473,0.3027326464653015,3.2268078327178955,0.2830688953399658,-0.9966127276420593,0.6333903670310974
14,0,-0.7560888528823853,20.35068702697754,-0.8602593541145325,-3.5563127994537354,1.3302762508392334,0.0,1.0,1.0,512,IN_BAND_UNCHANGED,1,310,0.004,2.252002000808716,141.25,0.66,628,2.7530291080474854,1993.4116739807341,128.86099243164062,35284.03125,22.62741470336914,7.504565979815338e-12,0,0.18133115768432617,1993.4116739807341,102.33932495117188,1.0,37704.2109375,30.537179946899414,1993.4116739807341,2.7573859691619873,1.0,1.1168180536520143,0.6281256808818233,exact_deterministic_ggn_2b,torch.float64,0.007303458172827959,26,938976,0.0005035587237216532,0.46549931168556213,2.6920150048681535e-05,3.389662015251815e-05,0.0033997546415776014,2.4624287075213275e-14,0.0018721470842137933,7.486179860941368e-12,symmetrized_jacobi_fullfp64_chunked,1024,0.0004914160235784948,0.007420312613248825,-0.007339447736740112,1.8213268518447876,0.004,309,1269760,2024.7656662492082,1269760,1.0,1e-06,paper_sgd_momentum_1e-6,1.4779996871948242,0.7578591704368591,0.7526768445968628,22.773122787475586,0.5776388049125671,-1.0172497034072876,2.162116765975952
14,0,-0.9251013994216919,1.2252473831176758,-0.8898213505744934,-3.600959539413452,0.1305854320526123,0.0,1.0,1.0,512,IN_BAND_UNCHANGED,1,320,0.004,2.2391860485076904,123.75,0.48,629,1.9843844175338745,2332.418891466949,133.1076202392578,41869.51953125,22.62741470336914,2.80939922667339e-12,0,0.2516927123069763,2332.418891466949,6.483283996582031,1.0,46176.71875,7.5284013748168945,2332.418891466949,1.9865493774414062,1.0,1.1332039337993647,0.5699098453002454,exact_deterministic_ggn_2b,torch.float64,0.002536128042265773,26,938976,0.0005956368404440582,0.47233131527900696,3.2856883080967236e-06,6.745811697328463e-05,0.0011978927068412304,1.466826507881411e-14,0.0019044791115447879,2.8342968873369787e-12,symmetrized_jacobi_fullfp64_chunked,1024,0.00013481505447998643,0.01053328812122345,-0.015194778330624104,0.11069692671298981,0.004,319,1310720,2090.4649642822333,1310720,1.0,1e-06,paper_sgd_momentum_1e-6,1.3412442207336426,0.5680819749832153,0.38790857791900635,3.0722885131835938,0.3371678590774536,-1.177545428276062,0.7706310749053955
14,0,-0.7362741231918335,20.144554138183594,-0.8779929280281067,-3.440143346786499,2.2035136222839355,0.0,1.0,1.0,512,IN_BAND_UNCHANGED,1,330,0.004,2.2536473274230957,132.84,0.38,631,2.1981186866760254,2721.5884962842265,89.77848815917969,49704.38671875,22.627418518066406,1.2440661064958527e-11,0,0.2271699160337448,2721.5884962842265,55.309593200683594,1.0,53192.3125,31.56406593322754,2721.5884962842265,2.200995683670044,1.0,1.0843511788929119,0.5124419446691281,exact_deterministic_ggn_2b,torch.float64,0.0062577975913882256,26,938976,0.000458467286080122,0.48014765977859497,2.283453432028182e-05,3.7064997741254047e-05,0.0030046668834984303,4.5393891611309586e-14,0.0018834182992577553,1.243029294332336e-11,symmetrized_jacobi_fullfp64_chunked,1024,0.0004924835520796478,0.0030908058397471905,0.0012294463813304901,1.9458794593811035,0.004,329,1351680,2155.5525545729324,1351680,1.0,1e-06,paper_sgd_momentum_1e-6,1.2993255853652954,0.7710422277450562,0.6322449445724487,22.044864654541016,0.3630818724632263,-0.9646254181861877,3.3176321983337402
14,0,-0.9232292175292969,1.273236632347107,-0.9004825353622437,-2.919548273086548,0.12365826964378357,0.0,1.0,1.0,512,BELOW_0P005_DIVIDE_1P5,1,340,0.004,2.214771270751953,153.57,0.18,629,1.9297248125076294,2421.3025438214677,193.37387084960938,42806.390625,22.627416610717773,3.378146049001611e-12,0,0.2574264407157898,2421.3025438214677,16.54500961303711,1.0,43894.5625,8.681207656860352,2421.3025438214677,1.9423024654388428,1.0,1.1167818412318842,0.5420346624362858,exact_deterministic_ggn_2b,torch.float64,0.004101627040654421,26,938976,0.0006666244007647038,0.48266735672950745,8.771288776188157e-06,0.00010251659114146605,0.001979721477255225,1.7365895958990463e-14,0.0018771013710647821,3.3851425162295442e-12,symmetrized_jacobi_fullfp64_chunked,1024,0.00017916347132995725,0.011675439774990082,-0.024458792060613632,0.14719408750534058,0.004,339,1392640,2220.7630122629926,1392640,1.0,1e-06,paper_sgd_momentum_1e-6,1.3779865503311157,0.6268917918205261,0.19399893283843994,2.850884199142456,0.2351614087820053,-1.0883114337921143,0.5855482220649719
14,0,-0.7902990579605103,19.39131736755371,-0.8813115358352661,-2.6293578147888184,1.107582449913025,0.0,1.0,1.0,512,IN_BAND_UNCHANGED,1,350,0.004,2.1755106449127197,113.35,0.3,629,1.5355640649795532,2337.7957166418405,80.46400451660156,43280.17578125,22.62741470336914,3.925539989096745e-12,0,0.3252532184123993,2337.7957166418405,65.8179931640625,1.0,44155.875,10.770827293395996,2337.7957166418405,1.5372637510299683,1.0,1.2319024937997938,0.5422844602708602,exact_deterministic_ggn_2b,torch.float64,0.010215157642960548,26,938976,0.0006056944257579744,0.48452818393707275,5.5702908866805956e-05,6.809808110119775e-05,0.004949531983584166,1.958410264092414e-14,0.0018755736527964473,3.897883065155115e-12,symmetrized_jacobi_fullfp64_chunked,1024,0.00033963299938477576,0.003916541114449501,0.0025157914496958256,0.22658343613147736,0.004,349,1433600,2285.988736222964,1433600,1.0,1e-06,paper_sgd_momentum_1e-6,1.2614936828613281,0.7083147168159485,-0.03338848799467087,21.829463958740234,-0.1554427593946457,-1.0417143106460571,1.7786948680877686
14,0,-0.8033304810523987,19.870803833007812,-0.8873146176338196,-2.8771910667419434,1.0891069173812866,0.0,1.0,1.0,512,IN_BAND_UNCHANGED,1,360,0.004,2.191771984100342,109.22,0.23,634,1.9838361740112305,3145.2186044315517,128.5181884765625,51648.3359375,22.627416610717773,6.886405546927881e-12,0,0.2511257529258728,3145.2186044315517,15.587926864624023,1.0,53268.08984375,19.694263458251953,3145.2186044315517,1.9910342693328857,1.0,1.0677342734880324,0.520890858474339,exact_deterministic_ggn_2b,torch.float64,0.003966240677982569,26,938976,0.0005649250815622509,0.4869624078273773,7.864316103223246e-06,6.48391287541017e-05,0.0019314101664349437,2.8592412990974184e-14,0.0019097155891358852,7.068577538890827e-12,symmetrized_jacobi_fullfp64_chunked,1024,0.00018397817621007562,0.00918575655668974,-0.015697356313467026,0.7575469017028809,0.004,359,1474560,2350.9551687231287,1474560,1.0,1e-06,paper_sgd_momentum_1e-6,1.6096967458724976,0.6504102945327759,0.3918556571006775,21.711271286010742,0.07901658117771149,-0.9712786078453064,1.6077255010604858
14,0,-0.8549909591674805,19.76576805114746,-0.90183424949646,-3.607832670211792,1.148697018623352,0.0,1.0,1.0,512,IN_BAND_UNCHANGED,1,370,0.004,2.1595842838287354,180.35,0.96,635,2.3980586528778076,3997.724186184382,131.47225952148438,63172.63671875,22.627416610717773,1.2389745180755167e-11,0,0.20855672657489777,3997.724186184382,53.55210494995117,1.0,67155.640625,21.234081268310547,3997.724186184382,2.3974292278289795,1.0,1.1384307698761902,0.44284679187459003,exact_deterministic_ggn_2b,torch.float64,0.006036766339093447,26,938976,0.0005974780069664121,0.4990513026714325,1.863438228610903e-05,4.574804552248679e-05,0.0030126560013741255,5.412193798662032e-14,0.0018745237030088902,1.236761123860082e-11,symmetrized_jacobi_fullfp64_chunked,1024,0.00035941932583227754,0.010328524746000767,-0.0019193366169929504,0.8806371092796326,0.004,369,1515520,2415.897558283061,1515520,1.0,1e-06,paper_sgd_momentum_1e-6,1.6711804866790771,0.6593485474586487,0.7874990701675415,21.165658950805664,0.7996933460235596,-1.1878451108932495,2.1444883346557617
14,0,-0.8500226140022278,17.423290252685547,-0.8762405514717102,-3.29445743560791,0.8984323143959045,0.0,1.0,1.0,512,IN_BAND_UNCHANGED,1,380,0.004,2.114333152770996,147.82,0.29,635,2.4546141624450684,3840.361184653033,202.43411254882812,67430.5,22.627416610717773,1.3555366645559028e-11,0,0.20254848897457123,3840.361184653033,26.53616714477539,1.0,74629.828125,22.218276977539062,3840.361184653033,2.4685447216033936,1.0,1.1173646354721387,0.4105905576766548,exact_deterministic_ggn_2b,torch.float64,0.004176720976829529,26,938976,0.0005635839188471437,0.5113095045089722,8.709360372449737e-06,6.64403269183822e-05,0.0021355971693992615,5.833178290104e-14,0.0018896914552897215,1.3583163691104655e-11,symmetrized_jacobi_fullfp64_chunked,1024,0.0003338313545100391,0.007064289413392544,-0.022395536303520203,0.9641636610031128,0.004,379,1556480,2480.74246345507,1556480,1.0,1e-06,paper_sgd_momentum_1e-6,1.4238128662109375,0.6130207777023315,0.2702580690383911,20.64056968688965,-0.1882820725440979,-1.0258946418762207,2.141535997390747
14,0,-0.8330090045928955,14.652277946472168,-0.8706277012825012,-4.097794532775879,0.8577367663383484,0.0,1.0,1.0,512,IN_BAND_UNCHANGED,1,390,0.004,2.0602059364318848,193.13,0.65,633,2.650885820388794,6839.445020880664,163.95883178710938,107497.046875,22.627418518066406,2.4440093091287123e-11,0,0.18884404003620148,6839.445020880664,72.83406829833984,1.0,131511.828125,24.11881446838379,6839.445020880664,2.6476874351501465,1.0,1.0083503110906356,0.33191739356730926,exact_deterministic_ggn_2b,torch.float64,0.0060425447300076485,26,938976,0.0004783045151270926,0.527136504650116,2.0779310943908058e-05,4.6776895032962784e-05,0.003185245906934142,1.0182345984035683e-13,0.0019029062241315842,2.4338010912308127e-11,symmetrized_jacobi_fullfp64_chunked,1024,0.00038751462125219405,0.006693580653518438,-0.004644408822059631,1.1361664533615112,0.004,389,1597440,2546.1879469212145,1597440,1.0,1e-06,paper_sgd_momentum_1e-6,1.4714481830596924,0.5692768692970276,0.8323889970779419,20.003929138183594,-0.1430477499961853,-1.2061775922775269,3.129150629043579
14,0,-0.8395668268203735,17.647443771362305,-0.9005417227745056,-3.1757967472076416,0.9072741270065308,0.0,1.0,1.0,512,IN_BAND_UNCHANGED,1,400,0.004,2.159852981567383,244.28,0.16,632,1.4433282613754272,5687.826986879524,80.30574035644531,90736.1875,22.62741470336914,7.332415677998079e-12,0,0.3464869260787964,5687.826986879524,6.363506317138672,1.0,96864.6328125,17.76186180114746,5687.826986879524,1.4430558681488037,1.0,0.8427020141831507,0.3144118886119016,exact_deterministic_ggn_2b,torch.float64,0.0034329434856772423,26,938976,0.0006357469828799367,0.5303552150726318,6.111674338171724e-06,7.712769001955166e-05,0.00182067952118814,3.5645617472255265e-14,0.0018809328321367502,7.139953386010467e-12,symmetrized_jacobi_fullfp64_chunked,1024,0.0002406541898380965,0.025304611772298813,0.0025118160992860794,0.6161792278289795,0.004,399,1638400,2611.013564629946,1638400,1.0,1e-06,paper_sgd_momentum_1e-6,1.6713956594467163,0.5771248936653137,0.3573027551174164,19.87520980834961,0.1664002388715744,-1.0758721828460693,1.8865898847579956
14,0,-0.47593754529953003,17.98631477355957,-0.8325854539871216,-2.757338762283325,3.278571844100952,0.0,1.0,1.0,512,ABOVE_0P04_MULTIPLY_1P5,1,410,0.004,2.061706781387329,213.18,1.25,631,3.5165648460388184,8451.740986723156,218.40061950683594,134073.625,22.627416610717773,3.7286992493640713e-11,0,0.14176198840141296,8451.740986723156,409.8298645019531,1.0,156762.984375,36.81858444213867,8451.740986723156,3.52703857421875,1.0,0.9521150692326958,0.3327332888475696,exact_deterministic_ggn_2b,torch.float64,0.01080322079360485,26,938976,0.0004716719558928162,0.5428301095962524,6.588904943782836e-05,3.511264003464021e-05,0.005864313337951899,1.072398085389196e-13,0.0018870937637984753,3.744003189150323e-11,symmetrized_jacobi_fullfp64_chunked,1024,0.0004651940253097564,0.004223449155688286,-0.003993574529886246,2.647672414779663,0.004,409,1679360,2675.9578439360484,1679360,1.0,1e-06,paper_sgd_momentum_1e-6,1.2400604486465454,0.6957058906555176,0.9130862951278687,19.40972328186035,0.006671166513115168,-1.3794907331466675,6.834345817565918
14,0,-0.7508933544158936,12.251851081848145,-0.8255137205123901,-4.615608215332031,0.8286119103431702,0.0,1.0,1.0,512,IN_BAND_UNCHANGED,1,420,0.004,1.912637710571289,157.14,0.76,631,3.413121223449707,13439.585242821688,297.6814270019531,241967.3125,22.627418518066406,3.708721877315157e-11,0,0.14635798335075378,13439.585242821688,174.7938995361328,1.0,335540.375,18.56561279296875,13439.585242821688,3.41628098487854,1.0,1.1691867035949108,0.1943409140793948,exact_deterministic_ggn_2b,torch.float64,0.0076124477200210094,26,938976,0.0006347551825456321,0.558857262134552,2.9953609555377625e-05,5.101226633996703e-05,0.004254271741956472,1.6982969128995862e-13,0.001816577510908246,3.727575120999672e-11,symmetrized_jacobi_fullfp64_chunked,1024,0.0005450901808217168,0.015037428587675095,-0.00746932253241539,0.6732069253921509,0.004,419,1720320,2741.0781874149106,1720320,1.0,1e-06,paper_sgd_momentum_1e-6,1.4826581478118896,0.4602757692337036,0.9122017025947571,18.8405704498291,-0.045368533581495285,-1.0973384380340576,5.113091468811035
14,0,-0.8915622234344482,1.2788900136947632,-0.8318333625793457,-11.432987213134766,0.6125933527946472,0.0,1.0,1.0,512,IN_BAND_UNCHANGED,1,430,0.004,1.9200209379196167,204.23,0.61,632,2.657315492630005,14718.19868178351,261.12384033203125,247558.59375,22.627416610717773,2.540544421055537e-11,0,0.18800975382328033,14718.19868178351,34.01066589355469,1.0,351341.125,10.701949119567871,14718.19868178351,2.6594364643096924,1.0,1.0144516658997262,0.16199842425129385,exact_deterministic_ggn_2b,torch.float64,0.004812797997146845,26,938976,0.000624015461653471,0.5856163501739502,9.617583600629587e-06,7.384096534224227e-05,0.002818453125655651,1.293158702959374e-13,0.0018703419482335448,2.5165515819546234e-11,symmetrized_jacobi_fullfp64_chunked,1024,0.00033530336804687977,0.015581673011183739,-0.012750670313835144,0.22369477152824402,0.004,429,1761280,2806.2810488031246,1761280,1.0,1e-06,paper_sgd_momentum_1e-6,2.7376818656921387,0.5665164589881897,0.5714924335479736,5.392402648925781,-0.23335528373718262,-1.1859806776046753,2.2658281326293945
14,0,-0.8132133483886719,3.231456995010376,-0.8321542143821716,-3.6523401737213135,0.20516902208328247,0.0,1.0,1.0,512,IN_BAND_UNCHANGED,1,440,0.004,1.9330072402954102,172.89,0.4,631,2.6469006538391113,18304.67837675823,440.7398986816406,320607.40625,22.627416610717773,2.4168387532930673e-11,0,0.18815864622592926,18304.67837675823,29.004413604736328,1.0,422684.125,8.735817909240723,18304.67837675823,2.657331943511963,1.0,1.0889542775818914,0.12695239938175146,exact_deterministic_ggn_2b,torch.float64,0.0043116058222949505,26,938976,0.0006978361634537578,0.6033889055252075,8.214902663894463e-06,0.0001248305052286014,0.00260157510638237,1.234528135762806e-13,0.0018686105031520128,2.4138207947024225e-11,symmetrized_jacobi_fullfp64_chunked,1024,0.00014601035218220204,0.021164748817682266,-0.015587945468723774,0.14905178546905518,0.004,439,1802240,2871.243822833989,1802240,1.0,1e-06,paper_sgd_momentum_1e-6,2.4594004154205322,0.30931195616722107,1.3492121696472168,8.398533821105957,1.0966416597366333,-0.91032475233078,3.6207432746887207
14,0,-0.8946928977966309,1.809585690498352,-0.8095230460166931,-8.040205001831055,0.4123844504356384,0.0,1.0,1.0,512,IN_BAND_UNCHANGED,1,450,0.004,1.963132381439209,223.32,0.68,622,2.930988073348999,18233.36880921391,184.85186767578125,311574.5625,22.627418518066406,3.13707608993298e-11,0,0.1705411821603775,18233.36880921391,119.68153381347656,1.0,366494.78125,13.588661193847656,18233.36880921391,2.9318430423736572,1.0,1.3298031338314271,0.13166445883166553,exact_deterministic_ggn_2b,torch.float64,0.006408476736396551,26,938976,0.0006281470414251089,0.6384379863739014,2.7846825105370954e-05,4.301029184716754e-05,0.004091415088623762,2.2233046265196396e-13,0.0018732805037871003,3.170324913195354e-11,symmetrized_jacobi_fullfp64_chunked,1024,0.0003102361224591732,0.012669254094362259,-0.01969156041741371,0.36064788699150085,0.004,449,1843200,2936.1897341050208,1843200,1.0,1e-06,paper_sgd_momentum_1e-6,2.3956634998321533,0.3927498161792755,0.9157422780990601,6.224236011505127,-0.3563109338283539,-1.4347118139266968,3.54438853263855
14,0,-0.7831147313117981,6.571293354034424,-0.7805790305137634,-10.121703147888184,0.5076696276664734,0.0,1.0,1.0,512,BELOW_0P005_DIVIDE_1P5,1,460,0.004,2.001640558242798,211.46,0.69,631,2.512676477432251,17045.75091306832,80.80619812011719,320448.65625,22.627416610717773,4.823749792981114e-11,0,0.19923977553844452,17045.75091306832,96.13994598388672,1.0,383584.5,16.493328094482422,17045.75091306832,2.5095391273498535,1.0,0.4220778219284338,0.11088055134603739,exact_deterministic_ggn_2b,torch.float64,0.00786579679697752,26,938976,0.000625159649644047,0.6613120436668396,3.053135151276365e-05,2.566178227425553e-05,0.005201746243983507,3.2521757232327667e-13,0.0018833789508789778,4.8128194641584274e-11,symmetrized_jacobi_fullfp64_chunked,1024,0.00024911423679441214,0.0038302382454276085,-0.01465214230120182,0.5313083529472351,0.004,459,1884160,3002.6904182252474,1884160,1.0,1e-06,paper_sgd_momentum_1e-6,1.556077241897583,0.7577757239341736,0.4736512303352356,15.853072166442871,-0.4954479932785034,-1.458788275718689,4.31085729598999
14,0,-0.7296293377876282,4.383350372314453,-0.7266849279403687,-5.478053092956543,0.5427228808403015,0.0,1.0,1.0,512,IN_BAND_UNCHANGED,1,470,0.004,1.9173154830932617,171.38,0.45,629,2.270721197128296,30545.832841386786,126.03443908691406,523516.375,22.627416610717773,6.396136734034121e-11,0,0.22033840417861938,30545.832841386786,74.70459747314453,1.0,713005.875,14.389907836914062,30545.832841386786,2.2692368030548096,1.0,0.7558516053369787,0.0425692609456806,exact_deterministic_ggn_2b,torch.float64,0.011277011595666409,26,938976,0.0005011506145820022,0.7022048234939575,2.9014679967076518e-05,4.895078745903447e-05,0.007918772287666798,3.794754257829227e-13,0.001917616231366992,6.269574243244024e-11,symmetrized_jacobi_fullfp64_chunked,1024,0.0002675747964531183,0.05834962800145149,0.041079193353652954,0.4044325351715088,0.004,469,1925120,3067.7163447448984,1925120,1.0,1e-06,paper_sgd_momentum_1e-6,8.767054557800293,0.1302931159734726,0.6594308018684387,14.9109468460083,-0.3942517042160034,-1.7478455305099487,6.161137580871582
14,0,-0.754419207572937,6.885533332824707,-0.7553462386131287,-2.7104411125183105,0.1979789435863495,0.0,1.0,1.0,512,IN_BAND_UNCHANGED,1,480,0.004,2.035560131072998,183.5,0.7,629,2.1624436378479004,29248.738626923387,55.77104949951172,514037.625,22.62741470336914,4.03879287716624e-11,0,0.23149171471595764,29248.738626923387,54.445518493652344,1.0,583420.75,7.686634063720703,29248.738626923387,2.1599044799804688,1.0,0.39867390197442615,0.09611779199521052,exact_deterministic_ggn_2b,torch.float64,0.010846314951777458,26,938976,0.0007130753947421908,0.7413967251777649,2.3341193809756078e-05,2.3909458832349628e-05,0.008041422814130783,3.469477192308722e-13,0.0018606844823807478,4.1198740112047223e-11,symmetrized_jacobi_fullfp64_chunked,1024,0.00017138657858595252,0.0072912899777293205,-0.000886041671037674,0.11539910733699799,0.004,479,1966080,3132.6330768298358,1966080,1.0,1e-06,paper_sgd_momentum_1e-6,1.458145260810852,0.6186344027519226,0.7034887075424194,14.10412311553955,-0.2197445034980774,-0.9431524276733398,4.077575206756592
14,0,-0.6894640326499939,5.099936485290527,-0.7241195440292358,-2.839780569076538,0.1772405058145523,0.0,1.0,1.0,512,IN_BAND_UNCHANGED,1,490,0.004,2.0560145378112793,178.72,0.52,634,1.72368323802948,28566.361963443247,54.63356018066406,544149.5,22.62741470336914,4.81597908866502e-11,0,0.2907412052154541,28566.361963443247,11.703886032104492,1.0,614855.9375,6.614367485046387,28566.361963443247,1.7197425365447998,1.0,0.5394588778937381,0.05798778273851637,exact_deterministic_ggn_2b,torch.float64,0.003889844985678792,26,938976,0.0005977435503154993,0.788280725479126,7.91467846283922e-06,3.6945599276805297e-05,0.0030662899371236563,4.4402644055921773e-13,0.0019008958479389548,4.866967802117218e-11,symmetrized_jacobi_fullfp64_chunked,1024,0.0001711629593046382,0.021219518035650253,-0.020939920097589493,0.08544893562793732,0.004,489,2007040,3198.002243943978,2007040,1.0,1e-06,paper_sgd_momentum_1e-6,3.3658876419067383,0.3791446387767792,1.3235108852386475,13.243878364562988,-0.3068540692329407,-1.1586261987686157,5.689912796020508
