action_max,action_min,adv_avg,adv_max,adv_med,adv_min,adv_var,clipfrac,critic_ratio_max,critic_ratio_min,critic_rows,curr_lr,entropy,eplenmean,eprewmean,fps,grad_norm,joint_actor_effective_critic_scale_ratio,joint_actor_effective_scale,joint_actor_fisher_quadratic,joint_actor_normalized_mean_gram_diag,joint_actor_normalized_rhs_l2,joint_actor_normalized_rows_l2,joint_actor_raw_critic_scale_ratio,joint_actor_raw_rows_l2,joint_actor_raw_scale,joint_actor_scale_floor,joint_actor_scale_floor_active,joint_actor_scale_floor_ratio,joint_applied_solve_residual,joint_cholesky_info_max,joint_clip_scale,joint_critic_ggn_quadratic,joint_critic_normalized_mean_gram_diag,joint_critic_normalized_rhs_l2,joint_critic_normalized_rows_l2,joint_critic_raw_rows_l2,joint_critic_raw_scale,joint_cross_block_frobenius,joint_direction_l2,joint_finite_scan_pass,joint_kernel_mode,joint_linear_solve_dtype,joint_policy_direction_l2,joint_policy_post_lr_delta_l2,joint_post_lr_delta_l2,joint_predicted_step_kl,joint_relative_damping,joint_relative_solve_residual,joint_shared_direction_l2,joint_shared_post_lr_delta_l2,joint_solve_residual,joint_solver_mode,joint_system_rows,joint_value_direction_l2,joint_value_post_lr_delta_l2,kl,loss_pi,loss_v,lr,misc/nupdates,misc/serial_timesteps,misc/time_elapsed,misc/total_timesteps,optimizer_history_correction,optimizer_momentum,optimizer_momentum_semantics,ratio_max,ratio_min,ret_avg,ret_max,ret_med,ret_min,ret_var
14,0,-0.8384160995483398,5.897722244262695,-0.9440211653709412,-2.200148820877075,0.48647066950798035,0.0,1.0,1.0,512,0.00022500000000000005,1.7935891151428223,467.24,3.4666667,930,0.5358301997184753,0.8117032279899146,2807.4690891435266,0.0008310155244544148,1.0,0.42704877257347107,22.627416610717773,0.8117032279899146,1198.92626953125,2807.4690891435266,34.587383569927226,0.0,0.01,1.0487494190608789e-15,0,0.9331313371658325,0.10649941861629486,0.9999999403953552,0.8184444308280945,22.627416610717773,1330.741943359375,3458.738356992723,21.82097816467285,0.5358302593231201,1.0,full_shared_joint2b_critic_anchored_actor_scale_floor,torch.float64,0.11430346220731735,2.3998532924451865e-05,0.00011250000534346327,1.8315961594628227e-11,0.5,1.0487494190608789e-15,0.4627922773361206,9.716534259496257e-05,1.0487494190608789e-15,block_normalized_symmetric_jacobi_fp64_cholesky,1024,0.24468772113323212,5.137329935678281e-05,0.08079005777835846,0.02428305707871914,4.525079250335693,0.00015000000000000004,9,40960,44.62124361097813,40960,1.0,1e-06,paper_sgd_momentum_1e-6,2.5565474033355713,0.29923805594444275,-0.11283575743436813,6.953253746032715,-0.2881760001182556,-1.3279589414596558,0.861739456653595
14,0,-1.0117945671081543,-0.25973960757255554,-1.0132094621658325,-1.6010249853134155,0.009066912345588207,0.0,1.0,1.0,512,0.00033750000000000007,1.4383268356323242,468.03,2.3,932,0.5532508492469788,1.2997216120387252,2754.848925730087,0.00027640332700684667,0.9999999403953552,0.4311079680919647,22.627416610717773,1.2997216120387252,1187.637451171875,2754.848925730087,21.195684523617867,0.0,0.01,7.009749936869551e-16,0,0.9037492871284485,0.2101450264453888,0.9999998807907104,1.0272411108016968,22.62741470336914,1041.7384033203125,2119.5684523617865,18.51424789428711,0.553250789642334,1.0,full_shared_joint2b_critic_anchored_actor_scale_floor,torch.float64,0.07303942739963531,2.2278149117482826e-05,0.0001687500043772161,1.2857506725971746e-11,0.5,7.009749936869551e-16,0.36500251293182373,0.00011133138468721882,7.009749936869551e-16,block_normalized_symmetric_jacobi_fp64_cholesky,1024,0.40929800271987915,0.00012484219041652977,0.06996019929647446,-0.022669389843940735,4.368399620056152,0.00022500000000000005,19,81920,88.80162643408403,81920,1.0,1e-06,paper_sgd_momentum_1e-6,2.287750005722046,0.1328269988298416,-0.8550440073013306,0.09816378355026245,-0.9593468904495239,-1.6872552633285522,0.19620326161384583
14,0,-1.045837163925171,0.5936619639396667,-1.0364676713943481,-3.1529479026794434,0.026898778975009918,0.0,1.0,1.0,512,0.0001,1.2455167770385742,652.57,0.9,935,0.4270845055580139,0.8930614001641977,2709.8625328912062,0.004741118289530277,1.0,0.43467167019844055,22.627416610717773,0.8930614001641977,1177.9005126953125,2709.8625328912062,30.343518736706937,0.0,0.01,9.224347031702541e-16,0,1.0,0.07468241453170776,0.9999998807907104,0.7133878469467163,22.62741470336914,1246.43017578125,3034.3518736706937,18.138225555419922,0.4270845055580139,1.0,full_shared_joint2b_critic_anchored_actor_scale_floor,torch.float64,0.10429780185222626,1.0429779649712145e-05,4.270844874554314e-05,2.3705589574651853e-11,0.5,9.224347031702541e-16,0.32086998224258423,3.208699854440056e-05,9.224347031702541e-16,block_normalized_symmetric_jacobi_fp64_cholesky,1024,0.2618502974510193,2.6185029128100723e-05,0.07958874106407166,-0.048022106289863586,3.0161118507385254,0.0001,29,122880,132.81023997906595,122880,1.0,1e-06,paper_sgd_momentum_1e-6,3.984550952911377,0.3332713544368744,0.7465400695800781,2.718679666519165,0.8778601884841919,-0.9958878755569458,0.305110901594162
14,0,-1.1515036821365356,2.1227056980133057,-1.163023591041565,-2.581613302230835,0.09355834871530533,0.0,1.0,1.0,512,0.0001,0.775263249874115,595.22,1.3,931,0.3435182273387909,1.06722935308808,2969.646001934395,0.020972512662410736,1.0,0.41522419452667236,22.627416610717773,1.06722935308808,1233.06884765625,2969.646001934395,27.825752668267416,0.0,0.01,1.497266104500482e-15,0,1.0,0.00032715866109356284,0.9999998807907104,0.14138363301753998,22.62741470336914,1193.5989990234375,2782.5752668267414,13.159937858581543,0.3435182571411133,1.0,full_shared_joint2b_critic_anchored_actor_scale_floor,torch.float64,0.13724005222320557,1.372400492982706e-05,3.435182588873431e-05,1.0486255613839646e-10,0.5,1.497266104500482e-15,0.28451451659202576,2.8451451726141386e-05,1.497266104500482e-15,block_normalized_symmetric_jacobi_fp64_cholesky,1024,0.13498680293560028,1.3498680345946923e-05,0.06998752802610397,0.010554391890764236,0.10863636434078217,0.0001,39,163840,176.83578028902411,163840,1.0,1e-06,paper_sgd_momentum_1e-6,2.4098668098449707,0.22365964949131012,-0.14097130298614502,2.6306660175323486,-0.22373999655246735,-1.1456230878829956,0.18982519209384918
14,0,-1.1871250867843628,-0.9606754779815674,-1.1701444387435913,-2.292445182800293,0.00763668492436409,0.0,1.0,1.0,512,0.0001,0.32820582389831543,470.09,1.2,934,0.5584748387336731,0.2800799385343344,1142.5285072961515,0.007529313210397959,1.0,0.6694242358207703,22.627416610717773,0.2800799385343344,764.8363037109375,1142.5285072961515,40.79294337448919,0.0,0.01,3.967081995837405e-15,0,0.8952955007553101,4.290781362215057e-06,0.9999999403953552,0.02961958572268486,22.627416610717773,1445.198486328125,4079.2943374489187,6.4441728591918945,0.5584748387336731,1.0,full_shared_joint2b_critic_anchored_actor_scale_floor,torch.float64,0.20686383545398712,1.8520424418966286e-05,4.999999873689376e-05,3.0175754256456244e-11,0.5,3.967081995837405e-15,0.5184948444366455,4.642060594051145e-05,3.967081995837405e-15,block_normalized_symmetric_jacobi_fp64_cholesky,1024,0.016265740618109703,1.456264385524264e-06,0.07635696232318878,-0.010248001664876938,0.006989933550357819,0.0001,49,204800,220.82899038679898,204800,1.0,1e-06,paper_sgd_momentum_1e-6,7.070682048797607,0.19536219537258148,-0.5882617235183716,-0.05066806077957153,-0.6659473776817322,-1.1602815389633179,0.048565395176410675
13,1,-1.1287956237792969,-0.8202958106994629,-1.1259268522262573,-1.4560624361038208,0.0044256229884922504,0.0,1.0,1.0,512,0.0001,0.254321426153183,543.72,1.0,928,0.46424514055252075,0.3638994213826094,1710.0603490798062,0.00538641307502985,1.0,0.5471787452697754,22.627416610717773,0.3638994213826094,935.708740234375,1710.0603490798062,46.99266469241848,0.0,0.01,4.602996788376787e-15,0,1.0,1.1641379387583584e-05,1.0,0.02130240947008133,22.627416610717773,1551.136474609375,4699.2664692418475,10.33975601196289,0.46424514055252075,1.0,full_shared_joint2b_critic_anchored_actor_scale_floor,torch.float64,0.16013526916503906,1.601352596480865e-05,4.642451312975027e-05,2.6932062482942776e-11,0.5,4.602996788376787e-15,0.4353133738040924,4.353133772383444e-05,4.602996788376787e-15,block_normalized_symmetric_jacobi_fp64_cholesky,1024,0.019558029249310493,1.9558028725441545e-06,0.06426651775836945,-0.04095252603292465,0.004165024496614933,0.0001,59,245760,264.94338908977807,245760,1.0,1e-06,paper_sgd_momentum_1e-6,10.0,0.10854247212409973,-0.5318261384963989,-0.035376474261283875,-0.5302774906158447,-1.1498489379882812,0.0738934576511383
13,5,-1.053002119064331,-0.43665215373039246,-1.047951102256775,-1.8233201503753662,0.004212058149278164,0.0,1.0,1.0,512,0.0001,0.05980302020907402,621.97,0.3,934,0.09152009338140488,1.1282507177486802,18328.89328955458,0.004354007542133331,0.9999999403953552,0.16713476181030273,22.62741470336914,1.1282507177486802,3063.395751953125,18328.89328955458,162.45408047360422,0.0,0.01,1.0064690974436246e-15,0,1.0,0.0006494573317468166,1.0,0.030519692227244377,22.627416610717773,2884.033447265625,16245.40804736042,15.516350746154785,0.09152009338140488,1.0,full_shared_joint2b_critic_anchored_actor_scale_floor,torch.float64,0.03602072596549988,3.6020724110130686e-06,9.152008715318516e-06,2.1770035427137735e-11,0.5,1.0064690974436246e-15,0.07913654297590256,7.913654371805023e-06,1.0064690974436246e-15,block_normalized_symmetric_jacobi_fp64_cholesky,1024,0.028562946245074272,2.8562944862642325e-06,0.5682940483093262,0.03250852972269058,0.029554318636655807,0.0001,69,286720,308.9452984398231,286720,1.0,1e-06,paper_sgd_momentum_1e-6,1.4266643524169922,0.10000000149011612,-1.1115896701812744,-0.31107068061828613,-0.979505181312561,-1.6432546377182007,0.10723813623189926
13,13,-0.922733724117279,-0.8825480341911316,-0.9184337854385376,-1.347985863685608,0.0011273373384028673,0.0,1.0,1.0,512,0.5,1.012396069755006e-11,842.15,0.0,934,0.001654770690947771,0.01,411.7302740434178,6.725046802914982e-35,8.064360951006118e-24,1.1151375770568848,6.42569261688486e-11,8.064360208415483e-26,1.3038461421643888e-09,3.3203412385957406e-21,411.7302740434178,1.0,0.01,1.791046955200875e-16,0,1.0,1.294629100812017e-06,0.9999999403953552,0.010419352911412716,22.627416610717773,4591.3603515625,41173.02740434178,2.001010468433151e-11,0.001654770690947771,1.0,full_shared_joint2b_critic_anchored_actor_scale_floor,torch.float64,8.231759458104948e-13,4.115879729052474e-13,0.0008273853454738855,8.406308503643727e-36,0.5,1.791046955200875e-16,0.0010794657282531261,0.0005397328641265631,1.791046955200875e-16,block_normalized_symmetric_jacobi_fp64_cholesky,1024,0.0012542009353637695,0.0006271004676818848,-1.288593086130451e-14,-8.44709575176239e-07,0.008730203844606876,0.5,79,327680,352.94173873215914,327680,1.0,1e-06,paper_sgd_momentum_1e-6,1.0,1.0,-0.9575709104537964,-0.585237979888916,-0.8972297310829163,-1.2871416807174683,0.039298802614212036
13,13,-0.815312385559082,-0.44406938552856445,-0.8127840757369995,-1.894622802734375,0.0036386530846357346,0.0,1.0,1.0,512,0.5,5.419032410303171e-12,945.33,0.0,936,0.0006007630727253854,0.01,456.5142870273908,7.4789730636888955e-34,5.3147716719315345e-24,1.0590285062789917,5.216476903213696e-11,5.314772256657865e-26,1.1145626643838114e-09,2.426269467461122e-21,456.5142870273908,1.0,0.01,1.7730785660974356e-16,0,1.0,1.8437818383176818e-08,0.9999998807907104,0.004839615430682898,22.62741470336914,4834.61767578125,45651.42870273908,1.7691095116623146e-11,0.0006007630727253854,1.0,full_shared_joint2b_critic_anchored_actor_scale_floor,torch.float64,4.783397527900746e-13,2.391698763950373e-13,0.0003003815363626927,9.348716329611119e-35,0.5,1.7730785660974356e-16,0.000421125820139423,0.0002105629100697115,1.7730785660974356e-16,block_normalized_symmetric_jacobi_fp64_cholesky,1024,0.0004284499154891819,0.00021422495774459094,-6.470670607807523e-15,5.364418029785156e-07,0.002088363980874419,0.5,89,368640,396.9709872631356,368640,1.0,1e-06,paper_sgd_momentum_1e-6,1.0,1.0,-0.8269286751747131,0.26363977789878845,-0.8867501616477966,-1.1785444021224976,0.12103565037250519
13,13,-0.7412629127502441,-0.6625602841377258,-0.7421766519546509,-0.7579878568649292,3.104039569734596e-05,0.0,1.0,1.0,512,0.5,1.9848903770602888e-11,1000.0,0.0,934,0.00010934521560557187,0.01,363.11814660463943,2.9796675316651864e-35,2.777901418076875e-23,1.1874358654022217,1.192596160715098e-10,2.777901071382353e-25,2.2725703541226494e-09,1.0087062884914021e-20,363.11814660463943,1.0,0.01,1.6524492924153403e-16,0,1.0,2.7538313851493967e-09,0.9999999403953552,0.000572783057577908,22.627416610717773,4311.80322265625,36311.81466046394,4.5947325805206773e-11,0.00010934521560557187,1.0,full_shared_joint2b_critic_anchored_actor_scale_floor,torch.float64,3.449347404926861e-11,1.7246737024634307e-11,5.467260780278593e-05,3.724584414581483e-36,0.5,1.6524492924153403e-16,7.978276698850095e-05,3.9891383494250476e-05,1.6524492924153403e-16,block_normalized_symmetric_jacobi_fp64_cholesky,1024,7.477356120944023e-05,3.7386780604720116e-05,-7.319925057784675e-17,1.2233853340148926e-05,2.3267963115358725e-05,0.5,99,409600,440.961977919098,409600,1.0,1e-06,paper_sgd_momentum_1e-6,1.0,1.0,-0.8307126760482788,-0.6940699815750122,-0.785315752029419,-1.011083960533142,0.012647363357245922
13,13,-0.6958396434783936,-0.5212283134460449,-0.692595362663269,-1.2452914714813232,0.0008662504842504859,0.0,1.0,1.0,512,0.5,1.8462089660815376e-21,1000.0,0.0,932,0.0001886778190964833,0.01,475.752306965451,0.0,6.221765181602188e-42,1.0373954772949219,5.64395542455617e-20,6.515575718579934e-44,1.2597514051651833e-18,3.09980017932248e-39,475.752306965451,1.0,0.01,1.3680182561229213e-16,0,1.0,4.3313011510726085e-10,0.9999999403953552,0.0019165012054145336,22.627416610717773,4935.43505859375,47575.2306965451,8.09196381254675e-21,0.0001886778190964833,1.0,full_shared_joint2b_critic_anchored_actor_scale_floor,torch.float64,3.369574832079884e-20,1.684787416039942e-20,9.433890954824165e-05,0.0,0.5,1.3680182561229213e-16,0.000160122275701724,8.0061137850862e-05,1.3680182561229213e-16,block_normalized_symmetric_jacobi_fp64_cholesky,1024,9.980066533898935e-05,4.9900332669494674e-05,-4.0296326519944213e-25,-1.5962868928909302e-06,0.0003412944497540593,0.5,109,450560,484.9347979100421,450560,1.0,1e-06,paper_sgd_momentum_1e-6,1.0,1.0,-0.5833779573440552,-0.14048153162002563,-0.7093219757080078,-0.8588519096374512,0.05846244841814041
13,13,-0.6503292322158813,-0.5221824645996094,-0.6503058671951294,-0.6639358401298523,5.431450699688867e-05,0.0,1.0,1.0,512,0.5,2.2518769177295822e-20,1000.0,0.0,935,3.8798934838268906e-05,0.01,426.4830533158668,0.0,9.357310625375398e-41,1.0956789255142212,2.1888173530312276e-19,9.700984022787075e-43,4.602357241218997e-18,4.1373052862066717e-38,426.4830533158668,1.0,0.01,1.6303951540900108e-16,0,1.0,8.062606832170971e-11,0.9999999403953552,0.0005338264163583517,22.627416610717773,4672.8935546875,42648.30533158668,5.334658053238388e-20,3.8798934838268906e-05,1.0,full_shared_joint2b_critic_anchored_actor_scale_floor,torch.float64,1.1114435565023484e-19,5.557217782511742e-20,1.9399467419134453e-05,0.0,0.5,1.6303951540900108e-16,2.9595623345812783e-05,1.4797811672906391e-05,1.6303951540900108e-16,block_normalized_symmetric_jacobi_fp64_cholesky,1024,2.5088971597142518e-05,1.2544485798571259e-05,-1.1040749318053552e-24,-3.012828528881073e-06,2.3737335141049698e-05,0.5,119,491520,528.8309427131899,491520,1.0,1e-06,paper_sgd_momentum_1e-6,1.0,1.0,-0.6402108073234558,-0.3353210985660553,-0.6891792416572571,-0.7791749238967896,0.022918876260519028
13,13,-0.6168973445892334,-0.5893197655677795,-0.6156643629074097,-0.8054792881011963,0.00010260390990879387,0.0,1.0,1.0,512,0.5,5.7235375293396284e-12,1000.0,0.0,935,7.244828884722665e-05,0.01,467.1385860804454,3.0353604508453865e-36,6.565122123163627e-24,1.0469146966934204,5.7977088407934474e-11,6.565123183739647e-26,1.2530814164080084e-09,3.0668223614960908e-21,467.1385860804454,1.0,0.01,1.7930479104464888e-16,0,1.0,3.368539475134824e-11,0.9999998211860657,0.0005243177292868495,22.62741470336914,4890.55126953125,46713.85860804454,2.4696486175534993e-11,7.244828884722665e-05,1.0,full_shared_joint2b_critic_anchored_actor_scale_floor,torch.float64,1.0740992513816328e-12,5.370496256908164e-13,3.6224144423613325e-05,3.794200563556733e-37,0.5,1.7930479104464888e-16,6.016141560394317e-05,3.0080707801971585e-05,1.7930479104464888e-16,block_normalized_symmetric_jacobi_fp64_cholesky,1024,4.0365313907386735e-05,2.0182656953693368e-05,-5.536034958814451e-17,-3.762543201446533e-07,2.508215584384743e-05,0.5,129,532480,572.7942823478952,532480,1.0,1e-06,paper_sgd_momentum_1e-6,1.0,1.0,-0.6211584806442261,-0.4301682412624359,-0.6309220790863037,-0.7114949226379395,0.00228910893201828
13,13,-0.5850955247879028,-0.5146695971488953,-0.5848017930984497,-0.7241344451904297,7.186115544755012e-05,0.0,1.0,1.0,512,0.5,1.187312748118785e-11,1000.0,0.0,933,0.00027381748077459633,0.01,421.84141382412287,1.7244878078125355e-35,1.5407747210850923e-23,1.1016916036605835,8.881873014843222e-11,1.5407747187155957e-25,1.8242282129321552e-09,6.4996258572745216e-21,421.84141382412287,1.0,0.01,1.7296164554882981e-16,0,1.0,5.158481419798022e-10,0.9999999403953552,0.0012673399178311229,22.627416610717773,4647.39501953125,42184.14138241229,3.943700574438047e-11,0.00027381748077459633,1.0,full_shared_joint2b_critic_anchored_actor_scale_floor,torch.float64,1.2812291375410845e-12,6.406145687705422e-13,0.00013690874038729817,2.1556097597656693e-36,0.5,1.7296164554882981e-16,0.0002157513372367248,0.0001078756686183624,1.7296164554882981e-16,block_normalized_symmetric_jacobi_fp64_cholesky,1024,0.0001686041650827974,8.43020825413987e-05,-2.3110542224092897e-16,2.041459083557129e-06,0.00013233217759989202,0.5,139,573440,616.7598731941544,573440,1.0,1e-06,paper_sgd_momentum_1e-6,1.0,1.0,-0.6015525460243225,-0.44624796509742737,-0.6011046767234802,-0.6555033326148987,0.001838314812630415
13,13,-0.5590088367462158,-0.5181450843811035,-0.5591731667518616,-0.6418750882148743,3.593845394789241e-05,0.0,1.0,1.0,512,0.5,7.602994622768477e-12,1000.0,0.0,932,7.800047023920342e-05,0.01,472.6810213095334,3.997993753404911e-36,9.788503234066213e-24,1.0407588481903076,7.079345443194995e-11,9.788501687993848e-26,1.5391365959516179e-09,4.6268389749710234e-21,472.6810213095334,1.0,0.01,1.5410405035409867e-16,0,1.0,1.0538235561963205e-10,0.9999998807907104,0.0005087090539745986,22.62741470336914,4919.478515625,47268.10213095334,3.4566717543871306e-11,7.800047023920342e-05,1.0,full_shared_joint2b_critic_anchored_actor_scale_floor,torch.float64,5.737964899228676e-13,2.868982449614338e-13,3.900023511960171e-05,4.997492191756139e-37,0.5,1.5410405035409867e-16,5.8318706578575075e-05,2.9159353289287537e-05,1.5410405035409867e-16,block_normalized_symmetric_jacobi_fp64_cholesky,1024,5.179770596441813e-05,2.5898852982209064e-05,2.9449528186393594e-18,6.144866347312927e-06,2.3891154341981746e-05,0.5,149,614400,660.6975849028677,614400,1.0,1e-06,paper_sgd_momentum_1e-6,1.0,1.0,-0.5589611530303955,-0.47663387656211853,-0.5612326264381409,-0.6095969080924988,0.0010229825275018811
13,13,-0.5361827611923218,-0.5221307277679443,-0.5362375378608704,-0.5614750981330872,4.695719781011576e-06,0.0,1.0,1.0,512,0.5,1.0449865799067037e-11,1000.0,0.0,934,3.0295323085738346e-05,0.01,457.03588313859683,8.432667084703105e-37,1.325854142850878e-23,1.0584197044372559,8.239158660883206e-11,1.325854125987354e-25,1.7614000258348028e-09,6.0596291138358284e-21,457.03588313859683,1.0,0.01,1.9695208835495845e-16,0,1.0,1.3241629147342504e-11,0.9999998807907104,0.0002521767164580524,22.62741470336914,4837.37890625,45703.588313859684,4.245651052947608e-11,3.0295321266748942e-05,1.0,full_shared_joint2b_critic_anchored_actor_scale_floor,torch.float64,4.465086720500944e-12,2.232543360250472e-12,1.5147660633374471e-05,1.0540833855878881e-37,0.5,1.9695208835495845e-16,2.6447361960890703e-05,1.3223680980445351e-05,1.9695208835495845e-16,block_normalized_symmetric_jacobi_fp64_cholesky,1024,1.4776456737308763e-05,7.3882283686543815e-06,6.117925219231127e-16,-5.8710575103759766e-06,5.676626642525662e-06,0.5,159,655360,704.6307677510194,655360,1.0,1e-06,paper_sgd_momentum_1e-6,1.0,1.0,-0.5403138399124146,-0.485190212726593,-0.5358514189720154,-0.5751680731773376,0.0004521057999227196
13,13,-0.5162307024002075,-0.5014329552650452,-0.5161193609237671,-0.5415177941322327,7.76714296080172e-06,0.0,1.0,1.0,512,0.5,2.6958659263276452e-11,1000.0,0.0,935,2.1393876522779465e-05,0.01,407.4904019529547,2.3994444815021557e-36,3.942069840932749e-23,1.1209203004837036,1.4206828768958957e-10,3.9420701906517225e-25,2.867845960707882e-09,1.606355766515431e-20,407.4904019529547,1.0,0.01,1.7440109296974114e-16,0,1.0,3.6268338592798655e-12,0.9999998807907104,0.0003113547863904387,22.62741470336914,4567.65869140625,40749.04019529547,7.919018218949248e-11,2.1393876522779465e-05,1.0,full_shared_joint2b_critic_anchored_actor_scale_floor,torch.float64,7.198669611796493e-12,3.5993348058982466e-12,1.0696938261389732e-05,2.9993056018776947e-37,0.5,1.7440109296974114e-16,1.786721077223774e-05,8.93360538611887e-06,1.7440109296974114e-16,block_normalized_symmetric_jacobi_fp64_cholesky,1024,1.1766936040658038e-05,5.883468020329019e-06,-4.508213416880561e-17,9.583309292793274e-06,7.715401807217859e-06,0.5,169,696320,748.5448876861483,696320,1.0,1e-06,paper_sgd_momentum_1e-6,1.0,1.0,-0.510059118270874,-0.4792282283306122,-0.5093415975570679,-0.5247020125389099,0.00017111797933466733
13,13,-0.4982193112373352,-0.4744563698768616,-0.49809953570365906,-0.5277090668678284,8.39879794511944e-06,0.0,1.0,1.0,512,0.5,1.785869371570062e-20,1000.0,0.0,934,4.137431096751243e-05,0.01,491.85302674644305,0.0,7.215566052501348e-41,1.0202714204788208,1.9220819785209934e-19,7.462849744701101e-43,4.3350538262724865e-18,3.670625235085157e-38,491.85302674644305,1.0,0.01,1.9897607165552588e-16,0,1.0,5.931248114182663e-12,0.9999998807907104,0.00026539844111539423,22.62741470336914,5018.25390625,49185.30267464431,4.5081756974446285e-20,4.1374314605491236e-05,1.0,full_shared_joint2b_critic_anchored_actor_scale_floor,torch.float64,2.6485576812692088e-20,1.3242788406346044e-20,2.0687157302745618e-05,0.0,0.5,1.9897607165552588e-16,3.872165325446986e-05,1.936082662723493e-05,1.9897607165552588e-16,block_normalized_symmetric_jacobi_fp64_cholesky,1024,1.4576262401533313e-05,7.2881312007666565e-06,1.5026031223880317e-24,-3.874767571687698e-06,6.766470050934004e-06,0.5,179,737280,792.4875850379467,737280,1.0,1e-06,paper_sgd_momentum_1e-6,1.0,1.0,-0.49681276082992554,-0.4683312773704529,-0.49349886178970337,-0.5151812434196472,0.00013983051758259535
13,13,-0.4818519353866577,-0.4688248336315155,-0.48194369673728943,-0.4935108721256256,1.0637428431437002e-06,0.0,1.0,1.0,512,0.5,6.575629363930746e-12,1000.0,0.0,935,1.2245499419805128e-05,0.01,430.98365203102185,9.542745011678887e-38,8.78601564026773e-24,1.0899313688278198,6.707041172449024e-11,8.78601457998711e-26,1.3923914243818558e-09,3.786628650480649e-21,430.98365203102185,1.0,0.01,1.849094373926333e-16,0,1.0,1.9893045544172594e-12,0.9999999403953552,8.819899812806398e-05,22.627416610717773,4697.484375,43098.365203102185,3.243168580913114e-11,1.2245499419805128e-05,1.0,full_shared_joint2b_critic_anchored_actor_scale_floor,torch.float64,1.2314923386602672e-11,6.157461693301336e-12,6.122749709902564e-06,1.192843126459861e-38,0.5,1.849094373926333e-16,9.878782293526456e-06,4.939391146763228e-06,1.849094373926333e-16,block_normalized_symmetric_jacobi_fp64_cholesky,1024,7.236152669065632e-06,3.618076334532816e-06,-1.117950612082076e-16,-2.6528723537921906e-05,6.548141868734092e-07,0.5,189,778240,836.4199280128814,778240,1.0,1e-06,paper_sgd_momentum_1e-6,1.0,1.0,-0.47846007347106934,-0.4626339375972748,-0.475519597530365,-0.49335166811943054,8.835319749778137e-05
13,13,-0.4675307869911194,-0.4604146182537079,-0.4672803282737732,-0.48316657543182373,2.34352614825184e-06,0.0,1.0,1.0,512,0.5,6.2897295878550086e-12,1000.0,0.0,935,1.4897262190061156e-05,0.01,520.7527163878312,9.105301670070609e-38,6.644738698883963e-24,0.9915540814399719,5.832757887791473e-11,6.644738886799596e-26,1.3310357260820638e-09,3.4602658249887435e-21,520.7527163878312,1.0,0.01,1.806015642968098e-16,0,1.0,4.590152043182361e-13,0.9999998807907104,0.00012006548058707267,22.62741470336914,5163.578125,52075.271638783124,3.455115360484484e-11,1.4897261280566454e-05,1.0,full_shared_joint2b_critic_anchored_actor_scale_floor,torch.float64,2.331024609447674e-11,1.165512304723837e-11,7.448630640283227e-06,1.1381626386939029e-38,0.5,1.806015642968098e-16,1.2660557331400923e-05,6.330278665700462e-06,1.806015642968098e-16,block_normalized_symmetric_jacobi_fp64_cholesky,1024,7.85103202360915e-06,3.925516011804575e-06,2.279436600070655e-16,-3.3918768167495728e-06,1.4662159628642257e-06,0.5,199,819200,880.3333131568506,819200,1.0,1e-06,paper_sgd_momentum_1e-6,1.0,1.0,-0.4644426107406616,-0.44984132051467896,-0.4643327593803406,-0.4732677936553955,1.2160983715148177e-05
13,13,-0.4539581835269928,-0.44026434421539307,-0.45388302206993103,-0.4806063771247864,3.699931539813406e-06,0.0,1.0,1.0,512,0.5,8.419752742239162e-12,1000.0,0.0,935,3.479961378616281e-05,0.01,478.62597202872115,4.5378329333437605e-36,1.0211553560318138e-23,1.0342727899551392,7.230709087036047e-11,1.0211553331055304e-25,1.5818999443695247e-09,4.88751463899947e-21,478.62597202872115,1.0,0.01,1.7995576361135564e-16,0,1.0,1.9743217477552477e-11,0.9999999403953552,0.0002393385220784694,22.627416610717773,4950.31787109375,47862.597202872115,3.735442857810689e-11,3.479961378616281e-05,1.0,full_shared_joint2b_critic_anchored_actor_scale_floor,torch.float64,2.387537216541613e-11,1.1937686082708066e-11,1.7399806893081404e-05,5.672291166679701e-37,0.5,1.7995576361135564e-16,2.9699798687943257e-05,1.4849899343971629e-05,1.7995576361135564e-16,block_normalized_symmetric_jacobi_fp64_cholesky,1024,1.8136568542104214e-05,9.068284271052107e-06,1.557267161851275e-16,-1.0136514902114868e-05,5.354901986720506e-06,0.5,209,860160,924.2926784260198,860160,1.0,1e-06,paper_sgd_momentum_1e-6,1.0,1.0,-0.44958722591400146,-0.435987263917923,-0.44859540462493896,-0.4656409025192261,1.5669702406739816e-05
13,13,-0.44165170192718506,-0.4116630256175995,-0.44168180227279663,-0.4699191153049469,9.902043530019e-06,0.0,1.0,1.0,512,0.5,1.680745495037661e-12,1000.0,0.0,936,4.343608088674955e-05,0.01,541.041919621649,8.238134571938203e-37,1.9485775493304522e-24,0.9727880358695984,3.158594219510036e-11,1.9485775333936226e-26,7.346986907741382e-10,1.0542621291989033e-21,541.041919621649,1.0,0.01,1.614383171306149e-16,0,1.0,3.6400913533407575e-11,0.9999999403953552,0.00031002602190710604,22.627416610717773,5263.20703125,54104.19196216489,1.7056436124596175e-11,4.343608088674955e-05,1.0,full_shared_joint2b_critic_anchored_actor_scale_floor,torch.float64,1.6500521652154654e-12,8.250260826077327e-13,2.1718040443374775e-05,1.0297668214922753e-37,0.5,1.614383171306149e-16,3.694666156661697e-05,1.8473330783308484e-05,1.614383171306149e-16,block_normalized_symmetric_jacobi_fp64_cholesky,1024,2.2839381927042268e-05,1.1419690963521134e-05,7.243494892673755e-17,-6.659887731075287e-06,1.0156807547900826e-05,0.5,219,901120,968.2803695942275,901120,1.0,1e-06,paper_sgd_momentum_1e-6,1.0,1.0,-0.4381580948829651,-0.4177967607975006,-0.43752560019493103,-0.4548409581184387,1.4304087017080747e-05
13,13,-0.43045851588249207,-0.4246560037136078,-0.4303407073020935,-0.4553954303264618,9.786017471924424e-07,0.0,1.0,1.0,512,0.5,1.8496258669641052e-13,1000.0,0.0,934,8.746586900088005e-06,0.01,530.358722973366,1.6914863568095218e-39,1.632889072215425e-25,0.9825262427330017,9.143517540333157e-12,1.6328890683905258e-27,2.1057081078801332e-10,8.660169610687685e-23,530.358722973366,1.0,0.01,1.4695776712894686e-16,0,1.0,5.864053166659833e-12,1.0,7.703227311139926e-05,22.627416610717773,5210.98486328125,53035.872297336595,5.326506163222389e-12,8.746586900088005e-06,1.0,full_shared_joint2b_critic_anchored_actor_scale_floor,torch.float64,2.5720246245308775e-12,1.2860123122654388e-12,4.373293450044002e-06,2.1143632008811435e-40,0.5,1.4695776712894686e-16,7.144109986256808e-06,3.572054993128404e-06,1.4695776712894686e-16,block_normalized_symmetric_jacobi_fp64_cholesky,1024,5.0462344916013535e-06,2.5231172458006768e-06,-1.0877933771149034e-17,2.2069551050662994e-05,6.146744908619439e-07,0.5,229,942080,1012.2429340779781,942080,1.0,1e-06,paper_sgd_momentum_1e-6,1.0,1.0,-0.4274340271949768,-0.4215923547744751,-0.4269503951072693,-0.43400493264198303,9.870652320387308e-06
13,13,-0.42001059651374817,-0.3996029496192932,-0.4198363721370697,-0.4439988434314728,1.112079553422518e-05,0.0,1.0,1.0,512,0.5,1.8456889662454845e-12,1000.0,0.0,933,3.9071732317097485e-05,0.01,496.763224697586,5.766971410824148e-37,1.9342626821290854e-24,1.0152170658111572,3.146970878331601e-11,1.934262721710417e-26,7.014026581764199e-10,9.608705870491961e-22,496.763224697586,1.0,0.01,1.6934420504527166e-16,0,1.0,7.388206713088152e-11,1.0,0.0003513317496981472,22.627416610717773,5043.24072265625,49676.3224697586,1.567897894849679e-11,3.9071732317097485e-05,1.0,full_shared_joint2b_critic_anchored_actor_scale_floor,torch.float64,5.911296192123716e-12,2.955648096061858e-12,1.9535866158548743e-05,7.208714263530185e-38,0.5,1.6934420504527166e-16,3.498489240882918e-05,1.749244620441459e-05,1.6934420504527166e-16,block_normalized_symmetric_jacobi_fp64_cholesky,1024,1.7397056581103243e-05,8.698528290551621e-06,4.428518535328017e-17,3.67872416973114e-06,1.197606798086781e-05,0.5,239,983040,1056.3505454189144,983040,1.0,1e-06,paper_sgd_momentum_1e-6,1.0,1.0,-0.41526275873184204,-0.4018668830394745,-0.41578635573387146,-0.4301875829696655,2.588070674391929e-05
13,13,-0.410109281539917,-0.3913439214229584,-0.4100775122642517,-0.43246912956237793,6.531705366796814e-06,0.0,1.0,1.0,512,0.5,1.5284053669450975e-20,1000.0,0.0,935,3.304722486063838e-05,0.01,478.08258211577794,0.0,6.132642599271129e-41,1.0348608493804932,1.771970540080669e-19,6.352126327178139e-43,3.943074440679533e-18,3.0368409564229375e-38,478.08258211577794,1.0,0.01,1.521770149586772e-16,0,1.0,1.521800394033157e-11,0.9999999403953552,0.00027921851142309606,22.627416610717773,4947.50732421875,47808.25821157779,4.711366475687171e-20,3.304722486063838e-05,1.0,full_shared_joint2b_critic_anchored_actor_scale_floor,torch.float64,2.8543212012431186e-21,1.4271606006215593e-21,1.652361243031919e-05,0.0,0.5,1.521770149586772e-16,3.213104355381802e-05,1.606552177690901e-05,1.521770149586772e-16,block_normalized_symmetric_jacobi_fp64_cholesky,1024,7.727556294412352e-06,3.863778147206176e-06,-6.51134074208928e-25,-1.117214560508728e-05,7.2798325163603295e-06,0.5,249,1024000,1100.248570274096,1024000,1.0,1e-06,paper_sgd_momentum_1e-6,1.0,1.0,-0.4068582057952881,-0.3959885239601135,-0.40690144896507263,-0.4177590608596802,2.1117975848028436e-05
13,13,-0.4008302092552185,-0.3833904564380646,-0.40080025792121887,-0.4223455488681793,7.870796252973378e-06,0.0,1.0,1.0,512,0.5,1.2403415100559201e-11,1000.0,0.0,935,2.317097460036166e-05,0.01,471.72665889691524,9.930043055897118e-37,1.4646881401434394e-23,1.0418096780776978,8.659793715448671e-11,1.4646879298015056e-25,1.8808439250506126e-09,6.909323434519038e-21,471.72665889691524,1.0,0.01,1.8614135100853343e-16,0,1.0,1.2230262809442838e-11,1.0,0.0003247377753723413,22.627416610717773,4914.509765625,47172.665889691525,4.4834486817579844e-11,2.3170972781372257e-05,1.0,full_shared_joint2b_critic_anchored_actor_scale_floor,torch.float64,5.694540325396069e-12,2.8472701626980346e-12,1.1585486390686128e-05,1.2412553819871397e-37,0.5,1.8614135100853343e-16,1.9709046682692133e-05,9.854523341346066e-06,1.8614135100853343e-16,block_normalized_symmetric_jacobi_fp64_cholesky,1024,1.2183902072138153e-05,6.0919510360690765e-06,-1.8335487157570976e-15,-3.732740879058838e-06,9.715968189993873e-06,0.5,259,1064960,1144.2256655530073,1064960,1.0,1e-06,paper_sgd_momentum_1e-6,1.0,1.0,-0.40053942799568176,-0.38686755299568176,-0.4005870223045349,-0.41193753480911255,2.1007954273954965e-05
13,13,-0.39200258255004883,-0.37171757221221924,-0.39209794998168945,-0.4139227569103241,8.860608431859873e-06,0.0,1.0,1.0,512,0.5,8.01267559247254e-12,1000.0,0.0,932,3.7535490264417604e-05,0.01,509.01882957408134,8.909363262582419e-37,8.425067599918425e-24,1.0029208660125732,6.567826837944324e-11,8.42506755309645e-26,1.4817966853541975e-09,4.288518024959724e-21,509.01882957408134,1.0,0.01,1.8338036786568438e-16,0,1.0,1.2944212542109756e-11,1.0,0.00031567420228384435,22.627416610717773,5105.072265625,50901.88295740813,3.8167344285078286e-11,3.7535490264417604e-05,1.0,full_shared_joint2b_critic_anchored_actor_scale_floor,torch.float64,6.11125906824217e-12,3.055629534121085e-12,1.8767745132208802e-05,1.1136704078228023e-37,0.5,1.8338036786568438e-16,3.3166867069667205e-05,1.6583433534833603e-05,1.8338036786568438e-16,block_normalized_symmetric_jacobi_fp64_cholesky,1024,1.7574757293914445e-05,8.787378646957222e-06,-1.2179274990332771e-15,7.811933755874634e-06,9.906997547659557e-06,0.5,269,1105920,1188.2102947551757,1105920,1.0,1e-06,paper_sgd_momentum_1e-6,1.0,1.0,-0.3926944434642792,-0.37806445360183716,-0.39254632592201233,-0.4038674533367157,9.661613148637116e-06
13,13,-0.3839157223701477,-0.36761772632598877,-0.3838624954223633,-0.40289002656936646,8.676404831930995e-06,0.0,1.0,1.0,512,0.5,1.8802535917128438e-11,1000.0,0.0,933,4.031056596431881e-05,0.01,472.84273023034257,1.0628938086589946e-36,2.185741401850912e-23,1.0405787229537964,1.0578750375689339e-10,2.185741482046172e-25,2.3003436933066723e-09,1.0335119699484274e-20,472.84273023034257,1.0,0.01,1.7888859982296264e-16,0,1.0,1.7957404660484677e-11,0.9999998807907104,0.0002947952598333359,22.627416610717773,4920.31982421875,47284.27302303426,6.438274219311424e-11,4.031056960229762e-05,1.0,full_shared_joint2b_critic_anchored_actor_scale_floor,torch.float64,4.626611160157834e-12,2.313305580078917e-12,2.015528480114881e-05,1.3286172608237432e-37,0.5,1.7888859982296264e-16,3.534146162564866e-05,1.767073081282433e-05,1.7888859982296264e-16,block_normalized_symmetric_jacobi_fp64_cholesky,1024,1.938873356266413e-05,9.694366781332064e-06,-2.147511853810508e-15,1.6093254089355469e-06,8.025788702070713e-06,0.5,279,1146880,1232.2346271509305,1146880,1.0,1e-06,paper_sgd_momentum_1e-6,1.0,1.0,-0.385743111371994,-0.3720912039279938,-0.38546472787857056,-0.39728206396102905,1.3884116015105974e-05
13,13,-0.376085102558136,-0.3599485456943512,-0.3761593699455261,-0.3950606882572174,2.2923074993741466e-06,0.0,1.0,1.0,512,0.5,1.1544286109567774e-20,1000.0,0.0,930,1.5465177057194524e-05,0.01,539.4591776789465,0.0,3.9974841291794057e-41,0.9742091298103333,1.4306401471773735e-19,4.1646861970646555e-43,3.3915137169516244e-18,2.246678191159358e-38,539.4591776789465,1.0,0.01,1.4576346698115464e-16,0,1.0,1.567140189319416e-12,0.9999999403953552,0.00012210708518978208,22.627416610717773,5255.50244140625,53945.91776789465,4.148849085586447e-20,1.5465177057194524e-05,1.0,full_shared_joint2b_critic_anchored_actor_scale_floor,torch.float64,3.004990453453162e-21,1.502495226726581e-21,7.732588528597262e-06,0.0,0.5,1.4576346698115464e-16,1.3874460819351953e-05,6.937230409675976e-06,1.4576346698115464e-16,block_normalized_symmetric_jacobi_fp64_cholesky,1024,6.831619430158753e-06,3.4158097150793765e-06,-1.691367873461331e-24,-1.037493348121643e-05,1.5709789522588835e-06,0.5,289,1187840,1276.2191476551816,1187840,1.0,1e-06,paper_sgd_momentum_1e-6,1.0,1.0,-0.37874504923820496,-0.37354958057403564,-0.376423180103302,-0.38451501727104187,9.939371011569165e-06
13,13,-0.3687973916530609,-0.3573693037033081,-0.36882638931274414,-0.3879089057445526,3.0673438686790178e-06,0.0,1.0,1.0,512,0.5,7.118309414133606e-12,1000.0,0.0,936,3.899813236785121e-05,0.01,489.6810934752381,1.5441539595846754e-36,7.7381322568174e-24,1.0225300788879395,6.29438168253671e-11,7.738131277947609e-26,1.3928671549479077e-09,3.789216585640326e-21,489.6810934752381,1.0,0.01,1.481358597510059e-16,0,1.0,1.353183710917083e-11,1.0,0.00020873900211881846,22.627416610717773,5007.162109375,48968.10934752381,3.665702116850689e-11,3.899813600583002e-05,1.0,full_shared_joint2b_critic_anchored_actor_scale_floor,torch.float64,3.953150307101083e-12,1.9765751535505416e-12,1.949906800291501e-05,1.9301924494808443e-37,0.5,1.481358597510059e-16,3.411011857679114e-05,1.705505928839557e-05,1.481358597510059e-16,block_normalized_symmetric_jacobi_fp64_cholesky,1024,1.8903823729488067e-05,9.451911864744034e-06,-1.2188469532975216e-15,9.238719940185547e-07,4.1672597035358194e-06,0.5,299,1228800,1320.1609364631586,1228800,1.0,1e-06,paper_sgd_momentum_1e-6,1.0,1.0,-0.37169089913368225,-0.362803190946579,-0.3707084655761719,-0.3856806457042694,1.1376600014045835e-05
13,13,-0.3620530366897583,-0.34642863273620605,-0.36201441287994385,-0.3891744017601013,4.920430910715368e-06,0.0,1.0,1.0,512,0.5,1.2279292166406108e-11,1000.0,0.0,933,5.518902253243141e-05,0.01,502.7661197439338,2.680408186715596e-37,1.29288133473445e-23,1.0091365575790405,8.136063350816514e-11,1.2928814657205753e-25,1.8243045962762494e-09,6.500169978091835e-21,502.7661197439338,1.0,0.01,1.4586703409657604e-16,0,1.0,9.837552647495862e-12,0.9999999403953552,0.00022860284661874175,22.627416610717773,5073.62060546875,50276.61197439338,5.09172669305169e-11,5.518902253243141e-05,1.0,full_shared_joint2b_critic_anchored_actor_scale_floor,torch.float64,6.873793201300771e-12,3.4368966006503854e-12,2.7594511266215704e-05,3.350510233394495e-38,0.5,1.4586703409657604e-16,4.9294019845547155e-05,2.4647009922773577e-05,1.4586703409657604e-16,block_normalized_symmetric_jacobi_fp64_cholesky,1024,2.4817885787342675e-05,1.2408942893671338e-05,-1.7316106298956475e-15,-6.000511348247528e-06,5.131677426106762e-06,0.5,309,1269760,1364.1798568600789,1269760,1.0,1e-06,paper_sgd_momentum_1e-6,1.0,1.0,-0.3629608750343323,-0.3544139862060547,-0.3626275360584259,-0.3750602602958679,9.274100193579216e-06
13,13,-0.3556539714336395,-0.34358859062194824,-0.3555757403373718,-0.37118440866470337,4.381625331006944e-06,0.0,1.0,1.0,512,0.5,1.1255290102707427e-11,1000.0,0.0,934,2.8381806259858422e-05,0.01,477.70497259726045,1.479067838601793e-37,1.2429983464815236e-23,1.0352686643600464,7.977563054595294e-11,1.2429983235447248e-25,1.7436131427572832e-09,5.937864800873734e-21,477.70497259726045,1.0,0.01,1.582652506069976e-16,0,1.0,5.254052401482134e-12,0.9999998807907104,0.00022182143584359437,22.62741470336914,4945.552734375,47770.49725972604,4.636907871558016e-11,2.838180444086902e-05,1.0,full_shared_joint2b_critic_anchored_actor_scale_floor,torch.float64,7.366221348170665e-12,3.6831106740853325e-12,1.419090222043451e-05,1.8488347982522411e-38,0.5,1.582652506069976e-16,2.6155912564718165e-05,1.3077956282359082e-05,1.582652506069976e-16,block_normalized_symmetric_jacobi_fp64_cholesky,1024,1.1017946235369891e-05,5.5089731176849455e-06,-1.184830110135789e-15,1.0672956705093384e-05,4.5908900574431755e-06,0.5,319,1310720,1408.139943501912,1310720,1.0,1e-06,paper_sgd_momentum_1e-6,1.0,1.0,-0.3568474054336548,-0.34282636642456055,-0.35615861415863037,-0.3684695363044739,1.1697254194587003e-05
13,13,-0.349425733089447,-0.33428362011909485,-0.3494478166103363,-0.3643178343772888,3.0857484034640947e-06,0.0,1.0,1.0,512,0.5,5.99616602030284e-13,1000.0,0.0,933,1.3673284229298588e-05,0.01,602.1579933987574,4.049752561898721e-43,5.0414537522006395e-25,0.9220972061157227,1.606618831029305e-11,5.0414538825554584e-27,3.942467463602384e-10,3.0357517537319695e-22,602.1579933987574,1.0,0.01,1.617828798431917e-16,0,1.0,3.870013250834026e-12,0.9999999403953552,0.0001282684097532183,22.627416610717773,5552.52099609375,60215.79933987574,1.1035230888800651e-11,1.3673284229298588e-05,1.0,full_shared_joint2b_critic_anchored_actor_scale_floor,torch.float64,4.919442023881837e-12,2.4597210119409185e-12,6.836642114649294e-06,5.044674471569341e-44,0.5,1.617828798431917e-16,1.213364248542348e-05,6.06682124271174e-06,1.617828798431917e-16,block_normalized_symmetric_jacobi_fp64_cholesky,1024,6.303444479272002e-06,3.151722239636001e-06,-5.1295173776475105e-17,7.573515176773071e-06,1.9349954527569935e-06,0.5,329,1351680,1452.0811776020564,1351680,1.0,1e-06,paper_sgd_momentum_1e-6,1.0,1.0,-0.3491421341896057,-0.3395431935787201,-0.34919723868370056,-0.3545357286930084,4.2570345613057725e-06
13,13,-0.3438452184200287,-0.32949602603912354,-0.34364375472068787,-0.37108370661735535,1.0833073247340508e-05,0.0,1.0,1.0,512,0.5,2.822042946548642e-11,1000.0,0.0,935,1.9160675947205164e-05,0.01,439.3025035423355,4.256260997334477e-36,3.712863465021525e-23,1.0795725584030151,1.3787625208205867e-10,3.712863710058873e-25,2.889823491614152e-09,1.631070323140347e-20,439.3025035423355,1.0,0.01,2.0280778896632308e-16,0,1.0,3.663549932170218e-12,1.0,0.0003513228730298579,22.627416610717773,4742.603515625,43930.25035423355,8.29885396513852e-11,1.9160675947205164e-05,1.0,full_shared_joint2b_critic_anchored_actor_scale_floor,torch.float64,3.327926129115255e-11,1.6639630645576275e-11,9.580337973602582e-06,5.320326246668096e-37,0.5,2.0280778896632308e-16,1.7426242266083136e-05,8.713121133041568e-06,2.0280778896632308e-16,block_normalized_symmetric_jacobi_fp64_cholesky,1024,7.966026714711916e-06,3.983013357355958e-06,-1.9585802549529298e-16,6.324611604213715e-06,1.0590259080345277e-05,0.5,339,1392640,1496.065852810163,1392640,1.0,1e-06,paper_sgd_momentum_1e-6,1.0,1.0,-0.34295007586479187,-0.33113765716552734,-0.34362465143203735,-0.3537144064903259,1.5507135685766116e-05
13,13,-0.33819735050201416,-0.32387885451316833,-0.3381541669368744,-0.3539785146713257,7.700451533310115e-06,0.0,1.0,1.0,512,0.5,6.468668482806361e-12,1000.0,0.0,936,3.089793608523905e-05,0.01,536.688983916082,3.939198408750402e-37,6.3891233109042935e-24,0.9767244458198547,5.7194676078564655e-11,6.389123790451665e-26,1.325003329277763e-09,3.42897235521157e-21,536.688983916082,1.0,0.01,1.7123992512203312e-16,0,1.0,1.0136673618543757e-11,1.0,0.0002727740502450615,22.627416610717773,5241.99169921875,53668.89839160819,3.5911756207651635e-11,3.089793608523905e-05,1.0,full_shared_joint2b_critic_anchored_actor_scale_floor,torch.float64,1.4223715087691158e-11,7.111857543845579e-12,1.5448968042619526e-05,4.923998010938003e-38,0.5,1.7123992512203312e-16,2.8762549845851026e-05,1.4381274922925513e-05,1.7123992512203312e-16,block_normalized_symmetric_jacobi_fp64_cholesky,1024,1.1287082088529132e-05,5.643541044264566e-06,8.629877392581211e-17,-3.6135315895080566e-06,7.799355444149114e-06,0.5,349,1433600,1539.987852924969,1433600,1.0,1e-06,paper_sgd_momentum_1e-6,1.0,1.0,-0.3376051187515259,-0.32328954339027405,-0.33778828382492065,-0.3517928421497345,1.2747208529617637e-05
13,13,-0.3329707980155945,-0.3187677562236786,-0.3328689932823181,-0.3590482473373413,1.0456200470798649e-05,0.0,1.0,1.0,512,0.5,2.091681688964897e-11,1000.0,0.0,934,2.015759855567012e-05,0.01,487.81158267921563,8.283686188754439e-38,2.470244718407594e-23,1.0244898796081543,1.1246178294177511e-10,2.4702446192874195e-25,2.4838822110240244e-09,1.2050139373394126e-20,487.81158267921563,1.0,0.01,2.02783445153286e-16,0,1.0,8.793141562102313e-12,1.0,0.0003604738740250468,22.627416610717773,4997.5947265625,48781.158267921564,7.44519099149521e-11,2.0157596736680716e-05,1.0,full_shared_joint2b_critic_anchored_actor_scale_floor,torch.float64,1.2939924305677142e-11,6.469962152838571e-12,1.0078798368340358e-05,1.0354607735943049e-38,0.5,2.02783445153286e-16,1.8899620044976473e-05,9.449810022488236e-06,2.02783445153286e-16,block_normalized_symmetric_jacobi_fp64_cholesky,1024,7.009498858678853e-06,3.5047494293394266e-06,2.4661715777982065e-15,-2.132728695869446e-06,1.2380258340272121e-05,0.5,359,1474560,1583.919448146131,1474560,1.0,1e-06,paper_sgd_momentum_1e-6,1.0,1.0,-0.3321346044540405,-0.3179883360862732,-0.33253681659698486,-0.3453293740749359,1.8710030417423695e-05
13,13,-0.32779058814048767,-0.31080204248428345,-0.3278411626815796,-0.3432658612728119,8.165176041075028e-06,0.0,1.0,1.0,512,0.5,5.248899405396745e-12,1000.0,0.0,933,1.6376709027099423e-05,0.01,559.3349315779341,4.7654640709944645e-37,5.332949393770542e-24,0.9567476511001587,5.225389912433265e-11,5.332949523118988e-26,1.2358184475758094e-09,2.9829049566223348e-21,559.3349315779341,1.0,0.01,1.602665612495948e-16,0,1.0,3.439940389829421e-12,1.0,0.00027701546787284315,22.627416610717773,5351.443359375,55933.493157793404,2.8699063958637083e-11,1.6376709027099423e-05,1.0,full_shared_joint2b_critic_anchored_actor_scale_floor,torch.float64,6.108037253066412e-12,3.054018626533206e-12,8.188354513549712e-06,5.956830088743081e-38,0.5,1.602665612495948e-16,1.4746167835255619e-05,7.3730839176278096e-06,1.602665612495948e-16,block_normalized_symmetric_jacobi_fp64_cholesky,1024,7.123700470401673e-06,3.5618502352008363e-06,6.296896398843264e-16,-2.289656549692154e-06,8.383203748962842e-06,0.5,369,1515520,1627.884356668219,1515520,1.0,1e-06,paper_sgd_momentum_1e-6,1.0,1.0,-0.3287627696990967,-0.3150472044944763,-0.32869088649749756,-0.33873602747917175,9.286435670219362e-06
13,13,-0.32314860820770264,-0.31020718812942505,-0.3230847120285034,-0.3436893820762634,6.506062163680326e-06,0.0,1.0,1.0,512,0.5,6.429282453646046e-12,1000.0,0.0,934,2.0227049390086904e-05,0.010000000000000002,542.8520276283331,3.357963571770423e-37,6.713791638222484e-24,0.9711639285087585,5.862986485194455e-11,6.713791903556581e-26,1.3660281794614093e-09,3.6445955479203755e-21,542.8520276283331,1.0,0.01,1.524733208646912e-16,0,1.0,2.6660999796757068e-11,0.9999999403953552,0.00025089565315283835,22.627416610717773,5272.00341796875,54285.2027628333,3.530960246411752e-11,2.0227049390086904e-05,1.0,full_shared_joint2b_critic_anchored_actor_scale_floor,torch.float64,4.5030932108169885e-12,2.2515466054084943e-12,1.0113524695043452e-05,4.1974544647130286e-38,0.5,1.524733208646912e-16,1.7961121557164006e-05,8.980560778582003e-06,1.524733208646912e-16,block_normalized_symmetric_jacobi_fp64_cholesky,1024,9.30223450268386e-06,4.65111725134193e-06,1.5998210912697062e-15,1.451931893825531e-06,6.674177711829543e-06,0.5,379,1556480,1671.8684471081942,1556480,1.0,1e-06,paper_sgd_momentum_1e-6,1.0,1.0,-0.32094648480415344,-0.31076616048812866,-0.321026086807251,-0.332565039396286,1.0621167348290328e-05
13,13,-0.31866681575775146,-0.3062136173248291,-0.31862035393714905,-0.33627617359161377,5.469036295835394e-06,0.0,1.0,1.0,512,0.5,2.624423248165364e-11,1000.0,0.0,937,2.3101676561054774e-05,0.01,471.82563664538657,1.2173379749564929e-36,3.114235736005836e-23,1.0416994094848633,1.2627306145152062e-10,3.114235864952291e-25,2.7428463944545456e-09,1.4693763196450108e-20,471.82563664538657,1.0,0.01,1.947765167838713e-16,0,1.0,3.9984560801231694e-12,0.9999998807907104,0.00025554097373969853,22.62741470336914,4915.02490234375,47182.563664538655,8.685493296800573e-11,2.3101676561054774e-05,1.0,full_shared_joint2b_critic_anchored_actor_scale_floor,torch.float64,4.299823518072454e-12,2.149911759036227e-12,1.1550838280527387e-05,1.521672468695616e-37,0.5,1.947765167838713e-16,2.0756624508067034e-05,1.0378312254033517e-05,1.947765167838713e-16,block_normalized_symmetric_jacobi_fp64_cholesky,1024,1.0141500752069987e-05,5.070750376034994e-06,5.067309808928387e-15,-2.2202730178833008e-06,6.017730356688844e-06,0.5,389,1597440,1715.8058520159684,1597440,1.0,1e-06,paper_sgd_momentum_1e-6,1.0,1.0,-0.3138424754142761,-0.2953493893146515,-0.31489917635917664,-0.3270416855812073,2.3352171410806477e-05
13,13,-0.31441423296928406,-0.3019816279411316,-0.3142717182636261,-0.33200299739837646,3.1667104849475436e-06,0.0,1.0,1.0,512,0.5,6.2980423827518894e-12,1000.0,0.0,937,1.9648448869702406e-05,0.01,543.9745689655701,1.6274228586043527e-37,6.380795700758328e-24,0.9701592326164246,5.715739340161896e-11,6.380796385783775e-26,1.3330969661495828e-09,3.470990963613797e-21,543.9745689655701,1.0,0.01,1.957718631716283e-16,0,1.0,1.3926995407614884e-12,1.0,0.00015351602633018047,22.627416610717773,5277.45166015625,54397.456896557014,3.574445947562843e-11,1.9648448869702406e-05,1.0,full_shared_joint2b_critic_anchored_actor_scale_floor,torch.float64,1.5342152895336802e-11,7.671076447668401e-12,9.824224434851203e-06,2.034278573255441e-38,0.5,1.957718631716283e-16,1.8961933164973743e-05,9.480966582486872e-06,1.957718631716283e-16,block_normalized_symmetric_jacobi_fp64_cholesky,1024,5.148458967596525e-06,2.5742294837982627e-06,1.1998696036307627e-15,1.0709278285503387e-05,2.5038948479050305e-06,0.5,399,1638400,1759.6622418430634,1638400,1.0,1e-06,paper_sgd_momentum_1e-6,1.0,1.0,-0.3118670582771301,-0.30117398500442505,-0.3126050531864166,-0.3212605118751526,6.79449794915854e-06
13,13,-0.31012511253356934,-0.29284119606018066,-0.31009215116500854,-0.33527371287345886,3.2179480058402987e-06,0.0,1.0,1.0,512,0.5,8.292413630761608e-12,1000.0,0.0,936,2.2905387595528737e-05,0.01,533.8440599779619,2.307669969853332e-37,8.417683072984651e-24,0.9793221950531006,6.564947890863593e-11,8.417683458436869e-26,1.5168355460559724e-09,4.49373031306127e-21,533.8440599779619,1.0,0.01,1.4714162071963897e-16,0,1.0,5.646243889101399e-12,0.9999999403953552,0.00019941000209655613,22.627416610717773,5228.07958984375,53384.40599779619,4.752184062928322e-11,2.2905387595528737e-05,1.0,full_shared_joint2b_critic_anchored_actor_scale_floor,torch.float64,4.081786991738667e-12,2.0408934958693337e-12,1.1452693797764368e-05,2.884587462316665e-38,0.5,1.4714162071963897e-16,2.0511492039076984e-05,1.0255746019538492e-05,1.4714162071963897e-16,block_normalized_symmetric_jacobi_fp64_cholesky,1024,1.0194877177127637e-05,5.0974385885638185e-06,1.320189574997052e-15,6.476417183876038e-06,4.146086212131195e-06,0.5,409,1679360,1803.5687544108368,1679360,1.0,1e-06,paper_sgd_momentum_1e-6,1.0,1.0,-0.3080345094203949,-0.2984180450439453,-0.3081391453742981,-0.31627026200294495,4.327979240770219e-06
13,13,-0.3061319589614868,-0.2917099893093109,-0.30611610412597656,-0.32334211468696594,3.5172806747141294e-06,0.0,1.0,1.0,512,0.5,8.624431030446189e-12,1000.0,0.0,885,3.267225110903382e-05,0.01,557.8128728214675,1.8606293872966167e-38,8.237252440159786e-24,0.9580510854721069,6.49420794918143e-11,8.237252443703512e-26,1.5338059711211827e-09,4.5948454497779095e-21,557.8128728214675,1.0,0.01,1.6851968372797817e-16,0,1.0,8.034030905823553e-12,1.0,0.00020362436771392822,22.627416610717773,5344.1572265625,55781.287282146746,4.6658406305244426e-11,3.267225110903382e-05,1.0,full_shared_joint2b_critic_anchored_actor_scale_floor,torch.float64,2.4559628636344755e-11,1.2279814318172377e-11,1.633612555451691e-05,2.325786909283079e-39,0.5,1.6851968372797817e-16,3.025235673703719e-05,1.5126178368518595e-05,1.6851968372797817e-16,block_normalized_symmetric_jacobi_fp64_cholesky,1024,1.2339804015937261e-05,6.169902007968631e-06,8.711741274048767e-16,-4.336703568696976e-06,4.517290562944254e-06,0.5,419,1720320,1847.7368446709588,1720320,1.0,1e-06,paper_sgd_momentum_1e-6,1.0,1.0,-0.3035828173160553,-0.29595285654067993,-0.30220478773117065,-0.31541770696640015,7.759022992104292e-06
13,13,-0.30241963267326355,-0.2857378423213959,-0.30231574177742004,-0.32647705078125,9.400532690051477e-06,0.0,1.0,1.0,512,0.5,3.265093750925985e-11,1000.0,0.0,935,3.966054646298289e-05,0.01,410.10512213407713,4.952050840313463e-36,4.4053482868185997e-23,1.1173418760299683,1.5018450372217274e-10,4.405348447587108e-25,3.0413940255158423e-09,1.806655963140878e-20,410.10512213407713,1.0,0.01,1.8628183373019482e-16,0,1.0,1.3226563941315383e-11,0.9999998807907104,0.00034959660843014717,22.62741470336914,4582.2900390625,41010.51221340771,9.477901796728361e-11,3.96605501009617e-05,1.0,full_shared_joint2b_critic_anchored_actor_scale_floor,torch.float64,8.037565404905855e-12,4.018782702452928e-12,1.983027505048085e-05,6.190063550391829e-37,0.5,1.8628183373019482e-16,3.7208126741461456e-05,1.8604063370730728e-05,1.8628183373019482e-16,block_normalized_symmetric_jacobi_fp64_cholesky,1024,1.373004761262564e-05,6.86502380631282e-06,4.524952918735564e-15,-1.5832483768463135e-07,9.789480827748775e-06,0.5,429,1761280,1891.7302634948865,1761280,1.0,1e-06,paper_sgd_momentum_1e-6,1.0,1.0,-0.29861366748809814,-0.27579838037490845,-0.2971736490726471,-0.3119538128376007,2.8610245863092132e-05
13,13,-0.29881522059440613,-0.28557559847831726,-0.29873380064964294,-0.3160955011844635,5.71209920963156e-06,0.0,1.0,1.0,512,0.5,5.638455948690944e-30,1000.0,0.0,935,2.0774814402102493e-05,0.01,648.2066874552062,0.0,0.0,0.88874351978302,0.0,1.7524624912386626e-62,0.0,1.1359579063353118e-57,648.2066874552062,1.0,0.01,1.6047582341826635e-16,0,1.0,5.10801774142311e-12,1.0,0.0002217837900388986,22.627416610717773,5760.91796875,64820.66874552062,0.0,2.0774816221091896e-05,1.0,full_shared_joint2b_critic_anchored_actor_scale_floor,torch.float64,0.0,0.0,1.0387408110545948e-05,0.0,0.5,1.6047582341826635e-16,1.93676860362757e-05,9.68384301813785e-06,1.6047582341826635e-16,block_normalized_symmetric_jacobi_fp64_cholesky,1024,7.515698143834015e-06,3.7578490719170077e-06,1.0328543561637417e-33,4.343688488006592e-06,6.227348421816714e-06,0.5,439,1802240,1935.6578593519516,1802240,1.0,1e-06,paper_sgd_momentum_1e-6,1.0,1.0,-0.29120975732803345,-0.27936843037605286,-0.29184290766716003,-0.29997318983078003,3.182797445333563e-05
13,13,-0.2954155206680298,-0.2807718813419342,-0.29522237181663513,-0.3193196952342987,6.722132184222573e-06,0.0,1.0,1.0,512,0.5,2.1158288662781466e-11,1000.0,0.0,936,1.0293975719832815e-05,0.01,499.4400337706158,5.051798000338706e-37,2.4118928350205768e-23,1.012492299079895,1.111255670815936e-10,2.411893113766142e-25,2.48345144449047e-09,1.2045959781904778e-20,499.4400337706158,1.0,0.01,2.0649140415089566e-16,0,1.0,7.846284386103797e-12,0.9999999403953552,0.0002837640349753201,22.627416610717773,5056.81005859375,49944.00337706158,8.886001656716047e-11,1.0293974810338113e-05,1.0,full_shared_joint2b_critic_anchored_actor_scale_floor,torch.float64,2.5694902802686492e-11,1.2847451401343246e-11,5.146987405169057e-06,6.314747500423382e-38,0.5,2.0649140415089566e-16,9.071062777366024e-06,4.535531388683012e-06,2.0649140415089566e-16,block_normalized_symmetric_jacobi_fp64_cholesky,1024,4.86638873553602e-06,2.43319436776801e-06,2.0894638389022235e-15,-6.934627890586853e-06,7.854673640395049e-06,0.5,449,1843200,1979.5569319338538,1843200,1.0,1e-06,paper_sgd_momentum_1e-6,1.0,1.0,-0.28964167833328247,-0.2829335629940033,-0.29008862376213074,-0.3031027615070343,1.5479858120670542e-05
13,13,-0.2918987274169922,-0.28307148814201355,-0.2917648255825043,-0.30546388030052185,1.8936681271952693e-06,0.0,1.0,1.0,512,0.5,7.149220451752036e-12,1000.0,0.0,936,1.6305082681355998e-05,0.009999999999999998,539.2518421338073,1.801395856612313e-37,7.58722316564862e-24,0.9743965864181519,6.232702548514268e-11,7.587222512291155e-26,1.4473454656993567e-09,4.091423716432098e-21,539.2518421338073,1.0,0.01,1.9864866337878183e-16,0,1.0,1.2247568410839182e-12,0.9999999403953552,0.00012497480202000588,22.62741470336914,5254.49267578125,53925.18421338073,4.3131408167251806e-11,1.6305082681355998e-05,1.0,full_shared_joint2b_critic_anchored_actor_scale_floor,torch.float64,2.9005060072501143e-12,1.4502530036250572e-12,8.152541340677999e-06,2.2517448207653914e-38,0.5,1.9864866337878183e-16,1.466902995161945e-05,7.334514975809725e-06,1.9864866337878183e-16,block_normalized_symmetric_jacobi_fp64_cholesky,1024,7.1186582317750435e-06,3.5593291158875218e-06,4.618546141879783e-16,-2.1532177925109863e-06,1.6450027260361821e-06,0.5,459,1884160,2023.446702987887,1884160,1.0,1e-06,paper_sgd_momentum_1e-6,1.0,1.0,-0.28813356161117554,-0.2788704037666321,-0.2870709300041199,-0.30085644125938416,9.526326721243095e-06
13,13,-0.28862065076828003,-0.2612338960170746,-0.28849148750305176,-0.3052809238433838,5.149958269612398e-06,0.0,1.0,1.0,512,0.5,5.483380242921054e-12,1000.0,0.0,934,3.152332647005096e-05,0.01,574.1227244948112,5.489628212427015e-37,4.8997010681663734e-24,0.9443452954292297,5.0086393366122195e-11,4.8997006516735046e-26,1.2001130089700496e-09,2.8130294873477943e-21,574.1227244948112,1.0,0.01,1.4482138934894205e-16,0,1.0,1.1516520376231298e-11,1.0,0.00023924792185425758,22.627416610717773,5421.72314453125,57412.27244948112,3.238112555870032e-11,3.152333010802977e-05,1.0,full_shared_joint2b_critic_anchored_actor_scale_floor,torch.float64,2.6930188764748286e-13,1.3465094382374143e-13,1.5761665054014884e-05,6.862035265533769e-38,0.5,1.4482138934894205e-16,2.8631367968046106e-05,1.4315683984023053e-05,1.4482138934894205e-16,block_normalized_symmetric_jacobi_fp64_cholesky,1024,1.3189580386097077e-05,6.594790193048539e-06,7.286598811172751e-16,-3.8929283618927e-06,6.418464181479067e-06,0.5,469,1925120,2067.3469050917774,1925120,1.0,1e-06,paper_sgd_momentum_1e-6,1.0,1.0,-0.2840048372745514,-0.26312851905822754,-0.28384432196617126,-0.2978048324584961,1.2508174222602975e-05
13,13,-0.285433292388916,-0.271293044090271,-0.2853294909000397,-0.30735525488853455,5.398367193265585e-06,0.0,1.0,1.0,512,0.5,2.331325063553713e-11,1000.0,0.0,936,4.010405973531306e-05,0.01,482.39408126478696,1.749956947742327e-36,2.5573657279192973e-23,1.0302250385284424,1.1442775893488744e-10,2.5573658627204463e-25,2.5132309566799904e-09,1.233658155804959e-20,482.39408126478696,1.0,0.01,2.149635736673573e-16,0,1.0,1.1897522897430513e-11,0.9999999403953552,0.00024760811356827617,22.627416610717773,4969.76611328125,48239.408126478695,8.247464516886183e-11,4.010405973531306e-05,1.0,full_shared_joint2b_critic_anchored_actor_scale_floor,torch.float64,6.872967906607075e-13,3.4364839533035374e-13,2.005202986765653e-05,2.1874461846779086e-37,0.5,2.149635736673573e-16,3.749754614545964e-05,1.874877307272982e-05,2.149635736673573e-16,block_normalized_symmetric_jacobi_fp64_cholesky,1024,1.4222149729903322e-05,7.111074864951661e-06,6.141707257412068e-16,-5.669891834259033e-06,5.776460511697223e-06,0.5,479,1966080,2111.2509285151027,1966080,1.0,1e-06,paper_sgd_momentum_1e-6,1.0,1.0,-0.2817932367324829,-0.26576974987983704,-0.28145596385002136,-0.29774346947669983,3.2082338293548673e-05
13,13,-0.28241878747940063,-0.2706422209739685,-0.2822849452495575,-0.2984176576137543,2.8202393878018484e-06,0.0,1.0,1.0,512,0.5,8.077259564323591e-13,1000.0,0.0,936,2.8904416467412375e-05,0.01,646.041445974526,7.281123278817549e-38,6.379382555054238e-25,0.8902304172515869,1.807275336329628e-11,6.379382823424669e-27,4.5936141002123065e-10,4.121345703670328e-22,646.041445974526,1.0,0.01,1.5442790780142522e-16,0,1.0,4.145986505499355e-12,1.0000001192092896,0.00015939814329613,22.627418518066406,5751.28857421875,64604.14459745261,1.3394216291651162e-11,2.8904416467412375e-05,1.0,full_shared_joint2b_critic_anchored_actor_scale_floor,torch.float64,2.676114104621652e-12,1.338057052310826e-12,1.4452208233706187e-05,9.101404098521936e-39,0.5,1.5442790780142522e-16,2.7471316570881754e-05,1.3735658285440877e-05,1.5442790780142522e-16,block_normalized_symmetric_jacobi_fp64_cholesky,1024,8.988439731183462e-06,4.494219865591731e-06,1.0067401822784861e-17,3.7476420402526855e-06,3.205951315976563e-06,0.5,489,2007040,2155.1640504971147,2007040,1.0,1e-06,paper_sgd_momentum_1e-6,1.0,1.0,-0.2761680781841278,-0.26315104961395264,-0.27760612964630127,-0.29369691014289856,2.6470801458344795e-05
13,13,-0.2793276309967041,-0.26836466789245605,-0.27930325269699097,-0.2963389754295349,3.996832674602047e-06,0.0,1.0,1.0,512,0.5,1.7594255913300216e-11,1000.0,0.0,935,1.8176793673774227e-05,0.01,532.1131703165638,8.955420198835279e-36,1.8308499199875314e-23,0.9809137582778931,9.68191707362287e-11,1.8308501188371342e-25,2.23338392224548e-09,9.74219461108885e-21,532.1131703165638,1.0,0.01,1.831317184006072e-16,0,1.0,8.821557200000552e-12,1.0,0.00019779163994826376,22.627416610717773,5219.5966796875,53211.31703165638,7.161043286130209e-11,1.8176793673774227e-05,1.0,full_shared_joint2b_critic_anchored_actor_scale_floor,torch.float64,5.645039557328202e-12,2.822519778664101e-12,9.088396836887114e-06,1.1194275248544098e-36,0.5,1.831317184006072e-16,1.642716961214319e-05,8.213584806071594e-06,1.831317184006072e-16,block_normalized_symmetric_jacobi_fp64_cholesky,1024,7.780995474604424e-06,3.890497737302212e-06,-3.132241547464901e-16,3.688037395477295e-06,4.065836037625559e-06,0.5,499,2048000,2199.1288990988396,2048000,1.0,1e-06,paper_sgd_momentum_1e-6,1.0,1.0,-0.27542436122894287,-0.26218706369400024,-0.2765856385231018,-0.29405704140663147,4.2294013837818056e-05
13,13,-0.27642205357551575,-0.2645374834537506,-0.27636075019836426,-0.28963202238082886,4.122252448723884e-06,0.0,1.0,1.0,512,0.5,1.441127338991377e-11,1000.0,0.0,932,1.985663766390644e-05,0.01,571.9028385984536,1.0475164749893289e-36,1.35343051128687e-23,0.946175217628479,8.324400196935144e-11,1.3534304648052487e-25,1.9907377968308992e-09,7.740307246677463e-21,571.9028385984536,1.0,0.01,1.7747757674258935e-16,0,1.0,1.8237444540658565e-11,1.0,0.00018362756236456335,22.627416610717773,5411.2314453125,57190.28385984536,5.5942656757013154e-11,1.9856635844917037e-05,1.0,full_shared_joint2b_critic_anchored_actor_scale_floor,torch.float64,8.27593722718678e-12,4.13796861359339e-12,9.928317922458518e-06,1.3093955937366611e-37,0.5,1.7747757674258935e-16,1.7836629922385328e-05,8.918314961192664e-06,1.7747757674258935e-16,block_normalized_symmetric_jacobi_fp64_cholesky,1024,8.725858606339898e-06,4.362929303169949e-06,-1.9739145953228868e-16,2.7427449822425842e-06,3.766413101402577e-06,0.5,509,2088960,2243.122292967979,2088960,1.0,1e-06,paper_sgd_momentum_1e-6,1.0,1.0,-0.2750471830368042,-0.2585315406322479,-0.27517297863960266,-0.29043784737586975,1.7789852790883742e-05
13,13,-0.2736663222312927,-0.25986024737358093,-0.273536741733551,-0.28941991925239563,3.359400579938665e-06,0.0,1.0,1.0,512,0.5,1.3261371167860858e-11,1000.0,0.0,936,2.3458873329218477e-05,0.01,584.3064286583871,1.0597770854561942e-38,1.2345968200687387e-23,0.9360789060592651,7.950556879521287e-11,1.2345969281551414e-25,1.921842907037785e-09,7.21382921922946e-21,584.3064286583871,1.0,0.01,1.9734310459212943e-16,0,1.0,1.4417183809636858e-12,1.0,0.0001840747572714463,22.627416610717773,5469.5966796875,58430.64286583871,6.06006911318957e-11,2.3458871510229073e-05,1.0,full_shared_joint2b_critic_anchored_actor_scale_floor,torch.float64,2.650604909171239e-11,1.3253024545856196e-11,1.1729435755114537e-05,1.3247217071448588e-39,0.5,1.9734310459212943e-16,2.1449224732350558e-05,1.0724612366175279e-05,1.9734310459212943e-16,block_normalized_symmetric_jacobi_fp64_cholesky,1024,9.499969564785715e-06,4.749984782392858e-06,2.9674269353793434e-16,-3.4049153327941895e-06,3.866865881718695e-06,0.5,519,2129920,2287.024643276818,2129920,1.0,1e-06,paper_sgd_momentum_1e-6,1.0,1.0,-0.2718896269798279,-0.26063042879104614,-0.2719273865222931,-0.2868998646736145,1.606445584911853e-05
13,13,-0.2708270847797394,-0.25710737705230713,-0.2708284854888916,-0.2864401936531067,2.0211680293868994e-06,0.0,1.0,1.0,512,0.5,6.25546749816186e-12,1000.0,0.0,935,4.066111159772845e-06,0.01,622.874416480835,2.6291011568466842e-37,5.734233864356061e-24,0.9066330790519714,5.4184202263884984e-11,5.734233775657778e-26,1.3522996056281045e-09,3.571707516977533e-21,622.874416480835,1.0,0.01,1.8463801556081193e-16,0,1.0,6.559718046528218e-13,0.9999999403953552,0.00012836702808272094,22.627416610717773,5647.2265625,62287.44164808349,4.1363985153752836e-11,4.066111159772845e-06,1.0,full_shared_joint2b_critic_anchored_actor_scale_floor,torch.float64,2.1922077868274936e-12,1.0961038934137468e-12,2.0330555798864225e-06,3.2863764460583553e-38,0.5,1.8463801556081193e-16,3.7185845940257423e-06,1.8592922970128711e-06,1.8463801556081193e-16,block_normalized_symmetric_jacobi_fp64_cholesky,1024,1.6448066162411124e-06,8.224033081205562e-07,1.9694508640397547e-16,-1.0836869478225708e-05,2.004645011766115e-06,0.5,529,2170880,2330.9101120959967,2170880,1.0,1e-06,paper_sgd_momentum_1e-6,1.0,1.0,-0.2684478461742401,-0.2595262825489044,-0.2684096693992615,-0.2846752107143402,1.8984183043357916e-05
13,13,-0.26830220222473145,-0.2534438371658325,-0.2681884765625,-0.2904626131057739,9.992993909690995e-06,0.0,1.0,1.0,512,0.5,8.159858205791792e-12,1000.0,0.0,931,2.9817809263477102e-05,0.01,611.5218325240689,8.64070845097573e-38,7.317569208999637e-24,0.9150136709213257,6.120944029408548e-11,7.317569394824454e-26,1.5136462083731317e-09,4.474853445945092e-21,611.5218325240689,1.0,0.01,1.6693489904155753e-16,0,1.0,2.0997894395469174e-11,1.0,0.0002890944597311318,22.627416610717773,5595.5263671875,61152.18325240689,4.047181340061101e-11,2.9817811082466505e-05,1.0,full_shared_joint2b_critic_anchored_actor_scale_floor,torch.float64,4.2385403997355353e-13,2.1192701998677677e-13,1.4908905541233253e-05,1.0800886264368895e-38,0.5,1.6693489904155753e-16,2.921885607065633e-05,1.4609428035328165e-05,1.6693489904155753e-16,block_normalized_symmetric_jacobi_fp64_cholesky,1024,5.946442797721829e-06,2.9732213988609146e-06,5.504844889590832e-16,4.9173831939697266e-06,9.982091796700843e-06,0.5,539,2211840,2374.812171952799,2211840,1.0,1e-06,paper_sgd_momentum_1e-6,1.0,1.0,-0.26560449600219727,-0.2529451847076416,-0.26512041687965393,-0.28524842858314514,2.3473292458220385e-05
13,13,-0.26543179154396057,-0.25243479013442993,-0.2654702663421631,-0.26935848593711853,4.847489663006854e-07,0.0,1.0,1.0,512,0.5,1.1422003127197008e-20,1000.0,0.0,936,1.0002633644035086e-05,0.01,615.0866490813086,0.0,3.3548486534400445e-41,0.9123486280441284,1.3106034448458288e-19,3.5282789548689e-43,3.333273791178144e-18,2.1701972793744133e-38,615.0866490813086,1.0,0.01,1.5217997297479452e-16,0,1.0,2.026428504164901e-12,1.0,6.260169902816415e-05,22.627416610717773,5611.81201171875,61508.66490813086,3.8748015637082145e-20,1.0002634553529788e-05,1.0,full_shared_joint2b_critic_anchored_actor_scale_floor,torch.float64,2.0768102803138427e-20,1.0384051401569213e-20,5.001317276764894e-06,0.0,0.5,1.5217997297479452e-16,9.26130360312527e-06,4.630651801562635e-06,1.5217997297479452e-16,block_normalized_symmetric_jacobi_fp64_cholesky,1024,3.7790143778693164e-06,1.8895071889346582e-06,-1.6273391892281622e-25,-2.0808540284633636e-05,4.7080223453122017e-07,0.5,549,2252800,2418.6679978440516,2252800,1.0,1e-06,paper_sgd_momentum_1e-6,1.0,1.0,-0.2662116587162018,-0.2582923173904419,-0.2662251889705658,-0.2785221040248871,3.3487362088635564e-05
13,13,-0.26283639669418335,-0.2480759620666504,-0.26292526721954346,-0.28020787239074707,9.566140761307906e-06,0.0,1.0,1.0,512,0.5,1.530650779735243e-11,1000.0,0.0,936,4.044690285809338e-05,0.010000000000000002,554.506841388892,8.608309869961155e-38,1.4689009729216817e-23,0.9609043002128601,8.67223931555472e-11,1.468901106639274e-25,2.0421362378897356e-09,8.145157129551916e-21,554.506841388892,1.0,0.01,1.8380260354640008e-16,0,1.0,6.430939808454994e-11,0.9999999403953552,0.00030828433227725327,22.627416610717773,5328.296875,55450.68413888919,6.009030772968771e-11,4.044690285809338e-05,1.0,full_shared_joint2b_critic_anchored_actor_scale_floor,torch.float64,2.8469930406227473e-12,1.4234965203113736e-12,2.022345142904669e-05,1.0760387337451444e-38,0.5,1.8380260354640008e-16,3.785586523008533e-05,1.8927932615042664e-05,1.8380260354640008e-16,block_normalized_symmetric_jacobi_fp64_cholesky,1024,1.4243781151890289e-05,7.1218905759451445e-06,-2.8768116153798744e-16,-7.165595889091492e-06,1.0292949809809215e-05,0.5,559,2293760,2462.5775786670856,2293760,1.0,1e-06,paper_sgd_momentum_1e-6,1.0,1.0,-0.2641727328300476,-0.24975723028182983,-0.2621553838253021,-0.28008338809013367,5.1262235501781106e-05
13,13,-0.26038026809692383,-0.24530312418937683,-0.2603672444820404,-0.28286173939704895,7.20280240784632e-06,0.0,1.0,1.0,512,0.5,9.557157149009399e-12,1000.0,0.0,935,2.306835085619241e-05,0.01,547.53535779638,5.811945692673083e-37,9.213657925848946e-24,0.9670010209083557,6.868328128462053e-11,9.213657758519083e-26,1.6071525221761362e-09,5.044803397424139e-21,547.53535779638,1.0,0.01,1.6548235522939584e-16,0,1.0,5.887026109652194e-12,1.0,0.0002169314684579149,22.627416610717773,5294.6962890625,54753.535779638005,5.0734173806521454e-11,2.306835085619241e-05,1.0,full_shared_joint2b_critic_anchored_actor_scale_floor,torch.float64,1.1042201875088864e-11,5.521100937544432e-12,1.1534175428096205e-05,7.264932115841354e-38,0.5,1.6548235522939584e-16,2.1000914784963243e-05,1.0500457392481621e-05,1.6548235522939584e-16,block_normalized_symmetric_jacobi_fp64_cholesky,1024,9.545175998937339e-06,4.772587999468669e-06,-6.918988629646752e-16,1.189298927783966e-05,5.03254113937146e-06,0.5,569,2334720,2506.437007364817,2334720,1.0,1e-06,paper_sgd_momentum_1e-6,1.0,1.0,-0.2621572017669678,-0.24711236357688904,-0.26130661368370056,-0.2798822820186615,4.977776188752614e-05
13,13,-0.25797972083091736,-0.244544118642807,-0.25789034366607666,-0.2725842595100403,3.546826064848574e-06,0.0,1.0,1.0,512,0.5,7.272584444384389e-12,1000.0,0.0,935,4.630869079846889e-05,0.01,637.8381706929363,5.895157710185497e-37,6.443564968556311e-24,0.8959366083145142,5.743783920708623e-11,6.44356536551022e-26,1.450618958287464e-09,4.1099519454774e-21,637.8381706929363,1.0,0.01,1.6331348511090691e-16,0,1.0,1.3399994005028337e-12,1.0,0.0001667372416704893,22.627416610717773,5714.65771484375,63783.817069293626,4.6256942720646066e-11,4.630868716049008e-05,1.0,full_shared_joint2b_critic_anchored_actor_scale_floor,torch.float64,5.0926407188511824e-12,2.5463203594255912e-12,2.315434358024504e-05,7.368947137731871e-38,0.5,1.6331348511090691e-16,4.551478195935488e-05,2.275739097967744e-05,1.6331348511090691e-16,block_normalized_symmetric_jacobi_fp64_cholesky,1024,8.53809979162179e-06,4.269049895810895e-06,-4.693310563760368e-16,8.745118975639343e-07,3.463425173322321e-06,0.5,579,2375680,2550.6461265711114,2375680,1.0,1e-06,paper_sgd_momentum_1e-6,1.0,1.0,-0.2598377466201782,-0.24764293432235718,-0.25863608717918396,-0.2669152021408081,1.818195050873328e-05
13,13,-0.25543349981307983,-0.23868341743946075,-0.25554436445236206,-0.27317461371421814,8.617884304840118e-06,0.0,1.0,1.0,512,0.5,1.4746561610712305e-11,1000.0,0.0,933,2.922601197496988e-05,0.01,586.7000912233718,1.2400262750781111e-36,1.367547492730162e-23,0.9341691136360168,8.367701670453087e-11,1.3675475230186966e-25,2.0268158262837233e-09,8.023402565073655e-21,586.7000912233718,1.0,0.01,1.5523044887654222e-16,0,1.0,3.635253209566258e-11,0.9999998807907104,0.0002884941641241312,22.62741470336914,5480.78857421875,58670.009122337186,5.924648965871526e-11,2.9226010155980475e-05,1.0,full_shared_joint2b_critic_anchored_actor_scale_floor,torch.float64,1.922275489826819e-12,9.611377449134095e-13,1.4613005077990238e-05,1.5500328438476389e-37,0.5,1.5523044887654222e-16,2.7148029403178953e-05,1.3574014701589476e-05,1.5523044887654222e-16,block_normalized_symmetric_jacobi_fp64_cholesky,1024,1.0823318916663993e-05,5.4116594583319966e-06,-1.1784593635812525e-15,4.0102750062942505e-06,9.537186997476965e-06,0.5,589,2416640,2594.625529986806,2416640,1.0,1e-06,paper_sgd_momentum_1e-6,1.0,1.0,-0.2547323405742645,-0.2363314926624298,-0.2560654580593109,-0.2716481685638428,4.751347660203464e-05
13,13,-0.2532259225845337,-0.24860896170139313,-0.25323641300201416,-0.2533020079135895,5.006969061582822e-08,0.0,1.0,1.0,512,0.5,1.0757629912508851e-26,1000.0,0.0,932,1.2979919574718224e-06,0.01,686.6594477117475,0.0,0.0,0.8634650111198425,0.0,2.299605571275252e-55,0.0,1.5790458915267221e-50,686.6594477117475,1.0,0.01,1.472043538631244e-16,0,1.0,1.5056592040860184e-13,1.0,1.9742699805647135e-05,22.627416610717773,5929.3310546875,68665.94477117475,0.0,1.2979919574718224e-06,1.0,full_shared_joint2b_critic_anchored_actor_scale_floor,torch.float64,0.0,0.0,6.489959787359112e-07,0.0,0.5,1.472043538631244e-16,1.1580399359445437e-06,5.790199679722718e-07,1.472043538631244e-16,block_normalized_symmetric_jacobi_fp64_cholesky,1024,5.862819421054155e-07,2.9314097105270776e-07,-6.138721141802028e-31,-5.043298006057739e-05,5.2273847472861235e-08,0.5,599,2457600,2638.658368729055,2457600,1.0,1e-06,paper_sgd_momentum_1e-6,1.0,1.0,-0.25493210554122925,-0.25176477432250977,-0.2551162540912628,-0.2579311430454254,4.606308721122332e-06
13,13,-0.25115305185317993,-0.23782625794410706,-0.2510506212711334,-0.26666462421417236,3.3714786695782095e-06,0.0,1.0,1.0,512,0.5,7.086281648277515e-12,1000.0,0.0,933,1.8944097973871976e-05,0.01,656.0263977387993,1.0257996222255069e-36,5.693946343495971e-24,0.8834296464920044,5.3993521459405613e-11,5.693946473819223e-26,1.382936765104148e-09,3.7353791941371635e-21,656.0263977387993,1.0,0.01,1.8709077110111454e-16,0,1.0,6.791565140135125e-12,0.9999999403953552,0.0001687746262177825,22.627416610717773,5795.56298828125,65602.63977387993,4.6096893663305494e-11,1.8944097973871976e-05,1.0,full_shared_joint2b_critic_anchored_actor_scale_floor,torch.float64,6.94791359862057e-12,3.473956799310285e-12,9.472048986935988e-06,1.2822495277818836e-37,0.5,1.8709077110111454e-16,1.767786125128623e-05,8.838930625643115e-06,1.8709077110111454e-16,block_normalized_symmetric_jacobi_fp64_cholesky,1024,6.809706064814236e-06,3.404853032407118e-06,-3.5229876398517625e-16,-8.508563041687012e-06,3.6497710880212253e-06,0.5,609,2498560,2682.6651355340146,2498560,1.0,1e-06,paper_sgd_momentum_1e-6,1.0,1.0,-0.25134211778640747,-0.23749791085720062,-0.25091689825057983,-0.26326170563697815,7.4647978181019425e-06
13,13,-0.24881476163864136,-0.2272224724292755,-0.24890419840812683,-0.26660796999931335,7.1458262027590536e-06,0.0,1.0,1.0,512,0.5,1.673493007945612e-20,1000.0,0.0,933,3.694941915455274e-05,0.01,640.1779800015785,0.0,4.728681667864095e-41,0.8942986726760864,1.5559825669035924e-19,4.982225765580316e-43,4.040955136153239e-18,3.189511226521024e-38,640.1779800015785,1.0,0.01,1.6204440298008873e-16,0,1.0,4.753555535308429e-11,1.0,0.0001942507369676605,22.627416610717773,5725.1298828125,64017.79800015785,4.5646427295961634e-20,3.694941915455274e-05,1.0,full_shared_joint2b_critic_anchored_actor_scale_floor,torch.float64,2.5934981890183994e-21,1.2967490945091997e-21,1.847470957727637e-05,0.0,0.5,1.6204440298008873e-16,3.486085552140139e-05,1.7430427760700695e-05,1.6204440298008873e-16,block_normalized_symmetric_jacobi_fp64_cholesky,1024,1.2246639926161151e-05,6.123319963080576e-06,-4.620968209966815e-25,-3.388151526451111e-06,4.717979663837468e-06,0.5,619,2539520,2726.639999604784,2539520,1.0,1e-06,paper_sgd_momentum_1e-6,1.0,1.0,-0.249532088637352,-0.23884931206703186,-0.24850700795650482,-0.2594892382621765,7.3147625698766205e-06
13,13,-0.24675986170768738,-0.23288145661354065,-0.24680539965629578,-0.2603682577610016,1.3092521840007976e-06,0.0,1.0,1.0,512,0.5,6.3788036975994564e-21,1000.0,0.0,932,1.1837527381430846e-05,0.01,670.5031788378716,0.0,1.7202339948051454e-41,0.8738377690315247,9.384871343774141e-20,1.8167021580607413e-43,2.4972626119958065e-18,1.2181045719813483e-38,670.5031788378716,1.0,0.01,1.4850051419812706e-16,0,1.0,1.2555467733196823e-12,0.9999999403953552,0.00010175353236263618,22.627416610717773,5859.16015625,67050.31788378715,2.6030037786484052e-20,1.1837525562441442e-05,1.0,full_shared_joint2b_critic_anchored_actor_scale_floor,torch.float64,1.8254555376563364e-21,9.127277688281682e-22,5.918762781220721e-06,0.0,0.5,1.4850051419812706e-16,1.1046215149690397e-05,5.5231075748451985e-06,1.4850051419812706e-16,block_normalized_symmetric_jacobi_fp64_cholesky,1024,4.255368821759475e-06,2.1276844108797377e-06,3.170948681976166e-25,2.3525208234786987e-06,1.3559069884649944e-06,0.5,629,2580480,2770.707199401222,2580480,1.0,1e-06,paper_sgd_momentum_1e-6,1.0,1.0,-0.2465902864933014,-0.2432630956172943,-0.24527567625045776,-0.256192147731781,5.315971975505818e-06
13,13,-0.24512958526611328,-0.23111873865127563,-0.24477852880954742,-0.26035720109939575,7.223174179671332e-06,0.0,1.0,1.0,512,0.5,2.985131933308516e-11,1000.0,0.0,932,6.432069494621828e-05,0.01,490.0128757642885,1.436987226871301e-36,3.24780598002222e-23,1.0221854448318481,1.2895257084366563e-10,3.2478060058896455e-25,2.854524394635405e-09,1.5914667608705127e-20,490.0128757642885,1.0,0.01,1.9071444882716273e-16,0,1.0,1.2533288643035156e-11,0.9999998807907104,0.00028568514971993864,22.62741470336914,5008.85791015625,49001.28757642885,1.050787512557605e-10,6.43207022221759e-05,1.0,full_shared_joint2b_critic_anchored_actor_scale_floor,torch.float64,2.528573531113132e-11,1.264286765556566e-11,3.216035111108795e-05,1.7962340335891262e-37,0.5,1.9071444882716273e-16,6.294436025200412e-05,3.147218012600206e-05,1.9071444882716273e-16,block_normalized_symmetric_jacobi_fp64_cholesky,1024,1.3234829566499684e-05,6.617414783249842e-06,8.274304872724677e-16,2.6598572731018066e-06,7.811111572664231e-06,0.5,639,2621440,2814.754066112917,2621440,1.0,1e-06,paper_sgd_momentum_1e-6,1.0,1.0,-0.24285517632961273,-0.2284441590309143,-0.24366536736488342,-0.2561836242675781,1.6889018297661096e-05
13,13,-0.24262472987174988,-0.2294251024723053,-0.2427046149969101,-0.26117393374443054,2.2770766463509062e-06,0.0,1.0,1.0,512,0.5,2.834907222165617e-12,1000.0,0.0,932,2.4276307158288546e-05,0.01,641.7599828594226,2.0740880613284446e-38,2.2576627183269073e-24,0.8931939601898193,3.399887316124506e-11,2.2576627206638602e-26,8.612928148465926e-10,1.4488775889155963e-21,641.7599828594226,1.0,0.01,1.7550071521135054e-16,0,1.0,3.151096397702169e-11,0.9999999403953552,0.00015880198043305427,22.627416610717773,5732.19970703125,64175.99828594226,2.3844502761161124e-11,2.427630897727795e-05,1.0,full_shared_joint2b_critic_anchored_actor_scale_floor,torch.float64,1.7217713799838608e-12,8.608856899919304e-13,1.2138154488638975e-05,2.5926095511736317e-39,0.5,1.7550071521135054e-16,2.234693238278851e-05,1.1173466191394255e-05,1.7550071521135054e-16,block_normalized_symmetric_jacobi_fp64_cholesky,1024,9.484399015491363e-06,4.742199507745681e-06,1.0162564320047657e-16,-5.410052835941315e-06,3.1609270081389695e-06,0.5,649,2662400,2858.8169802231714,2662400,1.0,1e-06,paper_sgd_momentum_1e-6,1.0,1.0,-0.24374181032180786,-0.23365911841392517,-0.24463742971420288,-0.2527243494987488,5.662622243107762e-06
13,13,-0.2408362179994583,-0.23226149380207062,-0.2407764494419098,-0.25871554017066956,1.2924859902341268e-06,0.0,1.0,1.0,512,0.5,6.802205066575029e-12,1000.0,0.0,934,3.4380278520984575e-05,0.010000000000000002,614.0529488633573,9.377700975381727e-37,5.7916175787541004e-24,0.9131188988685608,5.4454642184342816e-11,5.79161766085338e-26,1.3493910433481915e-09,3.556359903336117e-21,614.0529488633573,1.0,0.01,1.687169648261018e-16,0,1.0,2.8934120724355417e-12,1.0,9.042213059728965e-05,22.627416610717773,5607.0947265625,61405.29488633572,4.324725300097754e-11,3.438027488300577e-05,1.0,full_shared_joint2b_critic_anchored_actor_scale_floor,torch.float64,8.661562786449473e-12,4.330781393224736e-12,1.7190137441502884e-05,1.172212621922716e-37,0.5,1.687169648261018e-16,3.141686465824023e-05,1.5708432329120114e-05,1.687169648261018e-16,block_normalized_symmetric_jacobi_fp64_cholesky,1024,1.3963666788185947e-05,6.981833394092973e-06,-9.361223506341806e-17,-1.464691013097763e-05,9.805853551370092e-07,0.5,659,2703360,2902.84543988714,2703360,1.0,1e-06,paper_sgd_momentum_1e-6,1.0,1.0,-0.24096158146858215,-0.2317940890789032,-0.24070219695568085,-0.24997897446155548,5.702456746803364e-06
13,13,-0.23884975910186768,-0.2253967821598053,-0.23887008428573608,-0.25506770610809326,1.688964630375267e-06,0.0,1.0,1.0,512,0.5,2.097334053027961e-20,1000.0,0.0,935,2.2812857423559763e-05,0.01,644.1915692505451,0.0,5.903950689893319e-41,0.8915055990219116,1.7386314132326314e-19,6.221165340577598e-43,4.529657991542937e-18,4.007622263313784e-38,644.1915692505451,1.0,0.01,1.5484939152543493e-16,0,1.0,3.880965861180474e-12,1.0,0.00012032713857479393,22.627416610717773,5743.048828125,64419.1569250545,5.881385987162152e-20,2.2812857423559763e-05,1.0,full_shared_joint2b_critic_anchored_actor_scale_floor,torch.float64,4.778070271815833e-21,2.3890351359079165e-21,1.1406428711779881e-05,0.0,0.5,1.5484939152543493e-16,2.2381285816663876e-05,1.1190642908331938e-05,1.5484939152543493e-16,block_normalized_symmetric_jacobi_fp64_cholesky,1024,4.416386673256056e-06,2.208193336628028e-06,5.421200545136588e-25,1.218169927597046e-06,1.821680825742078e-06,0.5,669,2744320,2946.8145187790506,2744320,1.0,1e-06,paper_sgd_momentum_1e-6,1.0,1.0,-0.2380276918411255,-0.23278872668743134,-0.23820491135120392,-0.24138906598091125,6.743430731148692e-06
13,13,-0.23713724315166473,-0.22122026979923248,-0.237066388130188,-0.25923046469688416,8.608602001913823e-06,0.0,1.0,1.0,512,0.5,1.6775423064552264e-11,1000.0,0.0,932,3.612882210290991e-05,0.01,584.1766570246768,4.047541312922017e-38,1.5562939816735053e-23,0.9361842274665833,8.926491490424127e-11,1.5562940230278455e-25,2.157510392564177e-09,9.091506397198922e-21,584.1766570246768,1.0,0.01,1.9193338542356506e-16,0,1.0,1.0118762598654296e-11,1.0,0.00026267868815921247,22.627416610717773,5468.9892578125,58417.66570246768,6.619271797347892e-11,3.612882210290991e-05,1.0,full_shared_joint2b_critic_anchored_actor_scale_floor,torch.float64,1.3088966542562641e-11,6.5444832712813206e-12,1.8064411051454954e-05,5.059427341801753e-39,0.5,1.9193338542356506e-16,3.398309854674153e-05,1.6991549273370765e-05,1.9193338542356506e-16,block_normalized_symmetric_jacobi_fp64_cholesky,1024,1.226543008669978e-05,6.13271504334989e-06,5.108749767598448e-18,4.462897777557373e-06,7.872703463362996e-06,0.5,679,2785280,2990.7981622330844,2785280,1.0,1e-06,paper_sgd_momentum_1e-6,1.0,1.0,-0.23485347628593445,-0.22395220398902893,-0.23312129080295563,-0.25177428126335144,1.4713738892169204e-05
13,13,-0.235203355550766,-0.2209998071193695,-0.2351612001657486,-0.25139087438583374,5.170141776034143e-06,0.0,1.0,1.0,512,0.5,6.770402381089946e-12,1000.0,0.0,930,3.4209831937914714e-05,0.01,671.2385030110614,2.7327909653896005e-37,5.215768050604487e-24,0.8733627796173096,5.167662131544404e-11,5.215768298327046e-26,1.3388519182200298e-09,3.5010245046215975e-21,671.2385030110614,1.0,0.01,1.841087892711303e-16,0,1.0,3.063607961067971e-12,1.0,0.000210617741686292,22.627416610717773,5862.3720703125,67123.85030110614,3.653424437977115e-11,3.4209831937914714e-05,1.0,full_shared_joint2b_critic_anchored_actor_scale_floor,torch.float64,1.320053528292009e-11,6.600267641460045e-12,1.7104915968957357e-05,3.4159887067370006e-38,0.5,1.841087892711303e-16,3.317842856631614e-05,1.658921428315807e-05,1.841087892711303e-16,block_normalized_symmetric_jacobi_fp64_cholesky,1024,8.336945029441267e-06,4.168472514720634e-06,-6.451533645369765e-17,-3.980472683906555e-06,5.815630174765829e-06,0.5,689,2826240,3034.7589776758105,2826240,1.0,1e-06,paper_sgd_momentum_1e-6,1.0,1.0,-0.23661677539348602,-0.22557105123996735,-0.23512226343154907,-0.25296497344970703,2.1662637664121576e-05
13,13,-0.23334242403507233,-0.21731583774089813,-0.2333160787820816,-0.24906407296657562,3.3744206575647695e-06,0.0,1.0,1.0,512,0.5,5.691267769558639e-12,1000.0,0.0,933,3.364862277521752e-05,0.01,661.7327900368566,2.4091187658401614e-38,5.026627210094624e-24,0.8796127438545227,5.073098885421956e-11,5.02662669278886e-26,1.3050124314517575e-09,3.3262837058929098e-21,661.7327900368566,1.0,0.01,1.7531136660360508e-16,0,1.0,1.4495050125462594e-12,1.0,0.00018492397794034332,22.627416610717773,5820.71435546875,66173.27900368566,3.952441499088799e-11,3.3648626413196325e-05,1.0,full_shared_joint2b_critic_anchored_actor_scale_floor,torch.float64,1.1760608979727305e-11,5.8803044898636525e-12,1.6824313206598163e-05,3.011398807624818e-39,0.5,1.7531136660360508e-16,3.3245072700083256e-05,1.6622536350041628e-05,1.7531136660360508e-16,block_normalized_symmetric_jacobi_fp64_cholesky,1024,5.195692665438401e-06,2.5978463327192003e-06,1.7926856758596228e-16,2.0051375031471252e-06,4.419764991325792e-06,0.5,699,2867200,3078.832903037779,2867200,1.0,1e-06,paper_sgd_momentum_1e-6,1.0,1.0,-0.23554368317127228,-0.22485145926475525,-0.23512350022792816,-0.24493955075740814,8.170646651706193e-06
13,13,-0.2316431701183319,-0.21473026275634766,-0.23161634802818298,-0.2492428719997406,7.329772870434681e-06,0.0,1.0,1.0,512,0.5,1.867513435560575e-11,1000.0,0.0,933,3.767806265386753e-05,0.01,579.441111036037,4.861375664125484e-37,1.7627089038554457e-23,0.9400017261505127,9.500036868281825e-11,1.7627088047947688e-25,2.286809186458072e-09,1.0213859482832857e-20,579.441111036037,1.0,0.01,1.6902092006092478e-16,0,1.0,1.6720730702801667e-11,0.9999998807907104,0.0002467700687702745,22.62741470336914,5446.77734375,57944.1111036037,7.417355618599686e-11,3.767806265386753e-05,1.0,full_shared_joint2b_critic_anchored_actor_scale_floor,torch.float64,7.715563431209826e-12,3.857781715604913e-12,1.8839031326933764e-05,6.076719580156855e-38,0.5,1.6902092006092478e-16,3.635209213825874e-05,1.817604606912937e-05,1.6902092006092478e-16,block_normalized_symmetric_jacobi_fp64_cholesky,1024,9.90766602626536e-06,4.95383301313268e-06,5.437092841722329e-16,5.066394805908203e-07,6.891667908348609e-06,0.5,709,2908160,3122.809227279853,2908160,1.0,1e-06,paper_sgd_momentum_1e-6,1.0,1.0,-0.23055234551429749,-0.2200244516134262,-0.23046419024467468,-0.24303162097930908,1.0587282304186374e-05
13,13,-0.23001804947853088,-0.21263127028942108,-0.22993354499340057,-0.25254014134407043,1.1458781045803335e-05,0.0,1.0,1.0,512,0.5,3.126729083979818e-11,1000.0,0.0,932,1.4884621123201214e-05,0.01,554.5358319497592,4.219499176475952e-36,3.100136898363364e-23,0.9608794450759888,1.2598690146692348e-10,3.1001366772954153e-25,2.966813239524413e-09,1.719136871501975e-20,554.5358319497592,1.0,0.01,1.7148890167347676e-16,0,1.0,3.124200984722103e-12,0.9999999403953552,0.0003285068669356406,22.627416610717773,5328.4365234375,55453.583194975916,9.863933975173822e-11,1.4884622032695916e-05,1.0,full_shared_joint2b_critic_anchored_actor_scale_floor,torch.float64,1.017475383460753e-12,5.087376917303765e-13,7.442311016347958e-06,5.27437397059494e-37,0.5,1.7148890167347676e-16,1.4233432921173517e-05,7.116716460586758e-06,1.7148890167347676e-16,block_normalized_symmetric_jacobi_fp64_cholesky,1024,4.3544637264858466e-06,2.1772318632429233e-06,1.2364075344808794e-15,2.9206275939941406e-06,1.16882238216931e-05,0.5,719,2949120,3166.824748776853,2949120,1.0,1e-06,paper_sgd_momentum_1e-6,1.0,1.0,-0.2280481457710266,-0.20398010313510895,-0.2281922549009323,-0.23858049511909485,1.9370314475963823e-05
13,13,-0.22844748198986053,-0.21319101750850677,-0.22830981016159058,-0.25036385655403137,4.693233222496929e-06,0.0,1.0,1.0,512,0.5,3.207197311547172e-12,1000.0,0.0,933,2.8968883270863444e-05,0.01,714.5334184525308,4.236505514005201e-37,2.458168875113516e-24,0.8464895486831665,3.547650714863515e-11,2.4581690056731865e-26,9.483138718735518e-10,1.7564439027577205e-21,714.5334184525308,1.0,0.01,2.0956139582080047e-16,0,1.0,1.016914850937578e-11,0.9999998807907104,0.00017517455853521824,22.62741470336914,6048.47998046875,71453.34184525308,3.118400676571653e-11,2.8968883270863444e-05,1.0,full_shared_joint2b_critic_anchored_actor_scale_floor,torch.float64,3.721305381898521e-12,1.8606526909492604e-12,1.4484441635431722e-05,5.295631892506501e-38,0.5,2.0956139582080047e-16,2.7612808480625972e-05,1.3806404240312986e-05,2.0956139582080047e-16,block_normalized_symmetric_jacobi_fp64_cholesky,1024,8.759509910305496e-06,4.379754955152748e-06,-1.3453177801417511e-17,-2.6151537895202637e-06,4.282473582861712e-06,0.5,729,2990080,3210.865390886087,2990080,1.0,1e-06,paper_sgd_momentum_1e-6,1.0,1.0,-0.22567346692085266,-0.2172195017337799,-0.22597430646419525,-0.23556049168109894,9.503611181571614e-06
13,13,-0.22660419344902039,-0.21490442752838135,-0.22663114964962006,-0.24743105471134186,2.3094705738913035e-06,0.0,1.0,1.0,512,0.5,7.846753303543397e-13,1000.0,0.0,934,9.557490557199344e-06,0.01,724.1566823608628,2.6629009242217074e-38,5.363925299113016e-25,0.8408458232879639,1.65720544925696e-11,5.3639256721204124e-27,4.4595660497748213e-10,3.8843226191529785e-22,724.1566823608628,1.0,0.01,1.826904666762258e-16,0,1.0,2.402462126807614e-12,1.0,0.00016964644601102918,22.627416610717773,6089.07421875,72415.66823608628,1.3064455767208827e-11,9.557490557199344e-06,1.0,full_shared_joint2b_critic_anchored_actor_scale_floor,torch.float64,1.7161291376681376e-13,8.580645688340688e-14,4.778745278599672e-06,3.328626155277134e-39,0.5,1.826904666762258e-16,8.92912157723913e-06,4.464560788619565e-06,1.826904666762258e-16,block_normalized_symmetric_jacobi_fp64_cholesky,1024,3.408287966522039e-06,1.7041439832610195e-06,-5.2931032625639575e-17,-2.5331974029541016e-06,4.07054085371783e-06,0.5,739,3031040,3254.8504228061065,3031040,1.0,1e-06,paper_sgd_momentum_1e-6,1.0,1.0,-0.2266272008419037,-0.21770688891410828,-0.2270747274160385,-0.24036884307861328,1.4434676813834812e-05
13,13,-0.22473818063735962,-0.20512785017490387,-0.22504134476184845,-0.24432499706745148,7.390181053779088e-06,0.0,1.0,1.0,512,0.5,2.470609480886843e-11,1000.0,0.0,933,1.6925054296734743e-05,0.01,551.2200174333576,6.181861941056727e-36,2.45369788760404e-23,0.9637643694877625,1.1208449446353796e-10,2.4536978061752577e-25,2.631528106533665e-09,1.3525273474961167e-20,551.2200174333576,1.0,0.01,2.0580194544476301e-16,0,1.0,2.4510272284006263e-12,1.0,0.0002390324807493016,22.627416610717773,5312.48193359375,55122.00174333576,9.770441400380747e-11,1.692505247774534e-05,1.0,full_shared_joint2b_critic_anchored_actor_scale_floor,torch.float64,2.4279451713016265e-11,1.2139725856508132e-11,8.46252623887267e-06,7.727327426320909e-37,0.5,2.0580194544476301e-16,1.622065065021161e-05,8.110325325105805e-06,2.0580194544476301e-16,block_normalized_symmetric_jacobi_fp64_cholesky,1024,4.831972546526231e-06,2.4159862732631154e-06,-6.721470075467706e-16,3.0547380447387695e-07,6.151327397674322e-06,0.5,749,3072000,3298.832830481231,3072000,1.0,1e-06,paper_sgd_momentum_1e-6,1.0,1.0,-0.22672685980796814,-0.210421621799469,-0.22481857240200043,-0.24455533921718597,3.0262490327004343e-05
13,13,-0.22325089573860168,-0.20803432166576385,-0.22342424094676971,-0.24250875413417816,9.11645565793151e-06,0.0,1.0,1.0,512,0.5,1.514445339967363e-11,1000.0,0.0,933,4.0259063098346815e-05,0.01,624.8522304459641,1.02893045930644e-36,1.379444461813981e-23,0.905200719833374,8.404020535035528e-11,1.3794442826218784e-25,2.1007564576791538e-09,8.619488367722135e-21,624.8522304459641,1.0,0.01,1.7895971686149384e-16,0,1.0,2.0304922673797243e-11,1.0,0.0002741300850175321,22.627416610717773,5656.185546875,62485.22304459641,6.753560904959599e-11,4.0259063098346815e-05,1.0,full_shared_joint2b_critic_anchored_actor_scale_floor,torch.float64,2.0367528844045246e-11,1.0183764422022623e-11,2.0129531549173407e-05,1.28616307413305e-37,0.5,1.7895971686149384e-16,3.816136813838966e-05,1.908068406919483e-05,1.7895971686149384e-16,block_normalized_symmetric_jacobi_fp64_cholesky,1024,1.2825838894059416e-05,6.412919447029708e-06,-5.927979668996126e-16,-5.355104804039001e-07,9.171085366688203e-06,0.5,759,3112960,3342.873551072087,3112960,1.0,1e-06,paper_sgd_momentum_1e-6,1.0,1.0,-0.2257072627544403,-0.21723338961601257,-0.22567124664783478,-0.24452298879623413,1.9006809452548623e-05
13,13,-0.22187623381614685,-0.2065654993057251,-0.22186022996902466,-0.2439909130334854,7.1081403802963905e-06,0.0,1.0,1.0,512,0.5,1.1736445149068686e-11,1000.0,0.0,932,2.3133532522479072e-05,0.01,650.5507347133238,5.8093341207510905e-37,1.0211083399218626e-23,0.8871415853500366,7.230542553582353e-11,1.0211082517517679e-25,1.8442146698660622e-09,6.642827233989502e-21,650.5507347133238,1.0,0.01,1.7156253377752356e-16,0,1.0,1.2431803850243561e-11,0.9999999403953552,0.0002639309677761048,22.627416610717773,5771.3251953125,65055.073471332376,5.978640499337828e-11,2.3133532522479072e-05,1.0,full_shared_joint2b_critic_anchored_actor_scale_floor,torch.float64,2.2937840862824466e-12,1.1468920431412233e-12,1.1566766261239536e-05,7.261667650938863e-38,0.5,1.7156253377752356e-16,2.1834233848494478e-05,1.0917116924247239e-05,1.7156253377752356e-16,block_normalized_symmetric_jacobi_fp64_cholesky,1024,7.64373271522345e-06,3.821866357611725e-06,-1.9976815457294544e-16,2.074986696243286e-06,8.850991434883326e-06,0.5,769,3153920,3386.904350908939,3153920,1.0,1e-06,paper_sgd_momentum_1e-6,1.0,1.0,-0.22342602908611298,-0.21604956686496735,-0.22342756390571594,-0.23311291635036469,7.918793926364742e-06
